:1000000000000220A15D0000C95D0000CB5D000082
:10001000CD5D0000CF5D0000D15D0000000000005C
:10002000000000000000000000000000D35D0000A0
:10003000D55D000000000000D75D0000D95D000024
:10004000DB5D00008528000045680000E116000027
:10005000D5160000DB5D0000DB5D0000DB5D00000D
:10006000DB5D0000DB5D00007D190000DB5D000052
:10007000DB5D0000DB5D0000DB5D0000DB5D0000A0
:10008000DB5D0000595F0000DB5D0000DB5D000010
:10009000DB5D0000DB5D0000DB5D0000DB5D000080
:1000A000DB5D0000DB5D0000DB5D0000DB5D000070
:1000B000DB5D0000DB5D00000000000000000000D0
:1000C000DB5D0000DB5D0000DB5D0000DB5D000050
:1000D000DB5D0000DB5D0000DB5D0000DB5D000040
:1000E000DB5D0000000000000000000000000000D8
:1000F00000000000DB5D000000000000DB5D000090
:1001000000000000000000000000000000000000EF
:1001100000000000000000000000000000000000DF
:1001200000000000000000000000000000000000CF
:1001300000000000000000000000000000000000BF
:1001400000000000000000000000000000000000AF
:10015000000000000000000000000000000000009F
:10016000000000000000000000000000000000008F
:10017000000000000000000000000000000000007F
:10018000000000000000000000000000000000006F
:10019000000000000000000000000000000000005F
:1001A000000000000000000000000000000000004F
:1001B000000000000000000000000000000000003F
:1001C000000000000000000000000000000000002F
:1001D000000000000000000000000000000000001F
:1001E000000000000000000000000000000000000F
:1001F00000000000000000000000000000000000FF
:10020000044B05481B1A062B02D9044B03B11847AF
:10021000704700BF3B0100203801002000000000B3
:1002200005490648091A891001EBD171491002D01D
:10023000034B03B1184770473801002038010020F4
:100240000000000010B5064C237843B9FFF7D8FF33
:10025000044B13B10448AFF300800123237010BD99
:100260003801002000000000B449030008B5084B25
:100270001BB108490848AFF300800848036813B968
:10028000BDE80840CCE7064B002BF9D09847F7E7CC
:10029000000000003C010020B449030034010020AC
:1002A00000000000154B002B08BF134B9D46A3F523
:1002B000803A00218B460F461348144A121A07F061
:1002C0009CFB0F4B002B00D098470E4B002B00D00F
:1002D00098470020002104000D000D48002802D09E
:1002E0000C48AFF3008007F047FB2000290006F020
:1002F000F9FB07F01BFB00BF000008000000022014
:10030000000000000000000038010020BC050020B3
:100310000000000000000000F8B506460C468F18EB
:100320000025BC4207D0336814F8011B1B68304617
:1003300098470544F5E72846F8BD38B500F10805AB
:10034000D0F8B4300446284698474FF6FD729042E4
:10035000034621D8B4F8BA20B4F8B810284603F000
:10036000A7F994F89030032B16D8DFE803F00206C3
:100370000A10B4F8B830184406E0B4F8BA3018449B
:1003800008E0B4F8B830181AA4F8B80004E0B4F8DB
:10039000BA30181AA4F8BA00012038BDF0B50446E6
:1003A00087B0174802F02CFB16490546204606F098
:1003B000ABFA15B300272B78FEB2033B9E4207F140
:1003C000010717DA2E442146684606F0DBFA317938
:1003D000684606F01EFB014603A806F0D3FA03A9FF
:1003E000204606F0D9FA03A806F04CFA684606F053
:1003F00049FAE0E7284606F08BFB204607B0F0BD3F
:1004000050020020324603002DE9FF411E23002246
:100410000746014601A806F03BFB01A9384606F055
:10042000BBFA124C01A806F02DFABA682368033211
:100430001A700A229A700C225A700E22DA70002367
:10044000DEB25D1CBB68B34209D9D4F800803146E6
:10045000384606F003FB46442B463071F0E721682E
:10046000034802F0DFFA04B0BDE8F08194020020F6
:100470005002002038B52721254C2648022310229F
:1004800001F014FF244A2260002304F10805234AE6
:100490006360C4F8B420A4F8B830A4F8BA30284691
:1004A00003F05DFB1E4B236028461E4B1E4A1F496E
:1004B0001F4C02F00DFFFF231A461946284602F092
:1004C00049FE1C481C4D02F053F91C4804F0E5F9A4
:1004D00021461B4803F0BAFF1A4802F0F7FA2146FA
:1004E000194C1A4804F0F9F8204601F073F9204637
:1004F000174C18492A4607F0D9F91749204606F043
:1005000003FA2A4620461549BDE8384007F0CEB91F
:100510009401002080020020C0B80000BB3A000017
:10052000D0B800001530000065310000A44403007D
:10053000E402002050020020000000207002002091
:1005400084010020E00200209C02002064010020C1
:100550006C010020F9170000324603008568000096
:100560007FB5344D344C354E28464FF4E13106F01A
:1005700031F82846052106F015F80021052005F080
:10058000F5FD00210B2005F0F1FD2D4800F00AFFDC
:10059000204603F0E9FF204603F0B4FF2046294C33
:1005A00004F016F8204604F011F9204604F099F8FA
:1005B00005F094FC244B18602C2006F0A7FA2C229E
:1005C0000021044607F019FA204B1C60204C07213B
:1005D000204602F0E1F81F4901A806F095F901A9AB
:1005E000204602F0D3F801A806F04CF9204602F0AC
:1005F00079F90A21204602F0FBF93221204606F162
:10060000080402F0D9F8204603F079FC204602F0F5
:1006100049FE0021204603F07BFC0F4B0F48C6F833
:10062000B43001F04FF90E49284605F043FE04B0FE
:1006300070BD00BF48050020840100209401002007
:10064000E4020020640100207801002094020020D0
:1006500050020020E9380300CB3A00009C02002041
:10066000EE380300000000002DE9F04FABB0AC4CB9
:10067000AC4902AF07F1200005F096FF07F1200119
:10068000204606F089F907F1200006F0FBF8A36880
:100690005E1C083323F00703ADEB030D02AD00230E
:1006A00032462946204606F0DBF90021A9552046AE
:1006B00006F0B9F98046002840F0ED859A492846B1
:1006C00008F05EFE98490546404608F059FE9649F6
:1006D0000446404608F054FE93490646404608F05A
:1006E0004FFE92497860284607F0E2FF40B99049F2
:1006F0008C4805F0C6FD8F4B8A48196805F0DAFD75
:100700008D49284607F0D4FF8046D0B90121172033
:1007100005F02CFD01211A2005F028FD414603209B
:1007200005F024FD032005F02DFC844980467D481A
:1007300005F0A7FDC8F57F710A220331794805F05D
:100740001DFE7F49284607F0B3FF88B907F1200155
:100750007C4803F045FF7C49724805F092FD386AF9
:1007600006F05AFB41EC100B02216E4805F0BBFE6F
:100770007649284607F09CFFB8B97549694805F0E5
:1007800080FD052005F038FD0A220146654805F088
:10079000F3FD7049634805F074FD0B2005F02CFD56
:1007A0000A2201465F4805F0E9FD6B49284607F03B
:1007B0007FFF50BBDFF8E8810121D8F8000005F089
:1007C000D5FC204698F8009007F097F8824630460E
:1007D00007F090F850A3D3E9002351EC100B06F07A
:1007E0006FFB06F02FFE51460246484602F0C6F95E
:1007F000304607F082F805F0A1FB98F8000002F0FF
:10080000C9F95649474805F055FD5549284607F0AE
:100810004FFF804650BB204607F06FF8414605F079
:10082000A5FC204607F069F8DFF87881C1B24046A0
:1008300004F0EAF84B493B4805F023FDD8F80C00DA
:1008400006F0EAFA41EC100B0221364805F048FEAA
:100850004049344805F015FDD8F8080006F0DCFAE8
:1008600041EC100B02212F4805F03DFE3E49284681
:1008700007F01EFF002840F02D813C49204607F07C
:1008800017FF38B93A4801F01DF80121384800F047
:100890004DFF1FE13749204607F00AFF20B93448D1
:1008A00001F010F8344926E03449204607F000FFF3
:1008B00020B92F4801F006F831491CE031492046A3
:1008C00007F0F6FE20B92A4800F0FCFF2E4912E09E
:1008D0002E49204607F0ECFE20B9254800F0F2FF33
:1008E0002B4908E02B49204607F0E2FE38B92048A2
:1008F00000F0E8FF28491E4801F046F8EAE02749E1
:10090000204607F0D5FE00284ED1194801F038F8EE
:10091000E0E000BFAFF30080CDCCCCCCCCCCEC3F42
:100920006C010020480500200D3903000F39030039
:100930001339030008000020183903001E39030092
:100940002139030084010020263903002C390300DB
:100950002E390300313903003339030038390300DD
:100960003B39030041390300483903004C39030087
:100970009C020020533903001E3E03005939030036
:10098000143E03005C390300193E03006039030084
:10099000E539030066390300E43803006A390300CF
:1009A00004000020700200204349204607F080FE2A
:1009B000804610BB4149304608F0E2FC3F4983467F
:1009C000404608F0DDFC3D498146404608F0D8FC31
:1009D0008246584606F091FF8046484606F08DFF55
:1009E0008146504606F089FF0FFA89F283B20FFA6A
:1009F00088F1334800F0ACFE6CE03249204607F045
:100A000057FE98BB2E4800F05DFF2C49304608F099
:100A1000B7FC2A498046002008F0B2FC27498146ED
:100A2000002008F0ADFC25498246002008F0A8FC13
:100A30008346404606F061FF8046484606F05DFF6B
:100A40008146504606F059FF8246584606F055FF4B
:100A5000012300B2019300900FFA8AF30FFA89F292
:100A60000FFA88F1164801F0EBF833E016492046FA
:100A700007F01EFE804648BB114800F023FF08EB3C
:100A8000880AB2444FF000090FFA88FB1AF80930BF
:100A9000312B06D101235A460FFA89F1084800F09C
:100AA00057FE09F10109B9F1050FEFD108F101086D
:100AB000B8F1050FE3D10DE07039030031390300BF
:100AC0009C0200207A390300833903002146BF4885
:100AD00000F09CFFBE49284607F0EAFD68B92046B1
:100AE00006F00BFF0146BB4802F020F8304606F046
:100AF00004FF0146B74802F029F8B749284607F035
:100B0000D7FDF8B907F12001B44803F0A5FCB449BA
:100B1000B44805F0B6FB0A22B96AB24805F00AFCEF
:100B2000B149B04805F0ADFB0A22796AAD4805F03D
:100B300001FCAD49AB4805F0A4FB0A22396AA9487B
:100B400005F026FCA949284607F0B2FD18BB07F1BD
:100B50000800FFF723FC3B6943B1A549A14805F014
:100B600090FB07F108019F4805F09AFB21469D483C
:100B700005F0A0FB214607F1200005F0C5FE07F1B6
:100B80002000FFF741FC07F1200005F07BFE07F194
:100B9000080005F077FE9749284607F089FD30B92F
:100BA000204606F0AAFEC1B2934801F021FF934906
:100BB000284607F07DFD002840F08780DFF87C8222
:100BC0008F48DFF854A2414603F0ABFD8D49D8F8B9
:100BD00008E0C1F800E08C49D8F800008B4AD8F84A
:100BE00004C08B4B91F800801060C3F800C093469E
:100BF00099468849B8F1000F21D10B689842DAF87C
:100C00000030B8BF08609842C4BF834B1860834B64
:100C10001A689445B8BFC3F800C0814B1A68944560
:100C2000C8BFC3F800C07F4B1A689645B8BFC3F869
:100C300000E07D4B1A689645C8BFC3F800E040F25B
:100C4000FF38CDF80080DAF80020784B0968DFF82B
:100C5000B4A105F00DFE724A7049CBF80000CDF842
:100C60000080724B12680968D9F8000005F000FE98
:100C70006D4A6C49C9F80000CDF800800023126865
:100C80000968DAF8000005F0F3FD6949CAF80000C8
:100C9000544805F0F6FA0A22DBF80010514805F036
:100CA00049FB51494F4805F0ECFA0A22D9F80010E7
:100CB0004C4805F03FFB4C494A4805F0E2FA0A224D
:100CC000DAF80010474805F063FB5A49284607F058
:100CD000EFFC002840F0C380DFF860814848DFF86F
:100CE00038A1414603F01DFD4649D8F808E0C1F897
:100CF00000E04549D8F80000444AD8F804C0444B05
:100D000091F800801060C3F800C0934699464149AD
:100D1000B8F1000F21D10B689842DAF80030B8BF63
:100D200008609842C4BF3C4B18603C4B1A6894451D
:100D3000B8BFC3F800C03A4B1A689445C8BFC3F89F
:100D400000C0384B1A689645B8BFC3F800E0364B70
:100D50001A689645C8BFC3F800E040F2FF38CDF8E6
:100D60000080DAF80020314B0968DFF898A005F020
:100D70007FFD2B4A2949CBF80000CDF800802B4B92
:100D800012680968D9F8000005F072FD264A254965
:100D9000C9F80000CDF80080002312680968DAF86D
:100DA000000005F065FD2449CAF800000D4805F073
:100DB00068FA0A22DBF800100A4805F0BBFA0A4973
:100DC000084805F05EFA0A223AE000BF9C020020C3
:100DD0008A390300E00200209039030084010020DA
:100DE000B639030048050020313903009539030066
:100DF0009B3903009F39030050020020A7390300EC
:100E0000640100209802002054010020900200207C
:100E1000DC020020580100207C0100205C01002041
:100E200080010020600100209001002001FCFFFFF4
:100E3000AB390300B0390300B43903006402002069
:100E4000D9F80010A94805F075FAA949A74805F096
:100E500018FA0A22DAF80010A44805F099FAA54910
:100E6000284607F025FC8046D8B9204606F045FD07
:100E7000414605F07BF9A0499C4805F002FA21465D
:100E80009A4805F0FEF99D49984805F0FAF9204680
:100E900006F033FD05F0B0F90A220146934805F04B
:100EA0006DFA9749284607F003FCA8B995498F4881
:100EB00005F0E7F921468D4805F0E3F98F498B48A5
:100EC00005F0DFF9204606F018FD05F05BF80A2270
:100ED0000146864805F024FA8B49284607F0E8FBCE
:100EE00080B9204606F009FD012105F03FF92046B2
:100EF00006F003FD8046304606F0FFFC0146404602
:100F000005F05EF98149284607F0D2FB50B920462A
:100F100006F0F3FC8046304606F0EFFC0146404602
:100F200005F0D4F87A49284607F0C2FB01460028AC
:100F300040F0CC80802207F1200006F05EFD6C4975
:100F4000304608F01DFA804606F0D7FC07F1240968
:100F50003862B8F1000F09D06549002008F010FA96
:100F6000804606F0CAFC49F8040BF2E7204606F07A
:100F7000C4FC522302B20C2107F1080002F002F86F
:100F800007F1080001F016FEC3464046C246C146BE
:100F900007F1A00303EB800353F8801C002940F302
:100FA000868000F1010807F1A00303EB88030139F3
:100FB00053F8803C53B900F1020807F1A00202EB9C
:100FC00088029B4652F8809C9A465EE0012B0AD12B
:100FD00000F1020807F1A00303EB880353F880AC8B
:100FE0000AEB4A090AE0022B0BD100F1020807F1D3
:100FF000A00303EB880353F8809CCA464FF0000B14
:1010000043E0032B0BD100F1020807F1A00303EB2F
:1010100088034FF0000B53F880ACD94635E0042B21
:101020000BD100F1020807F1A00303EB88034FF096
:10103000000A53F880BCD14627E0052B0BD100F104
:10104000020807F1A00303EB88034FF0000953F8EF
:1010500080ACD34619E0062B0BD100F1020807F152
:10106000A00303EB88034FF0000A53F8809CCB46A3
:101070000BE0072B09D100F1020807F1A00303EBF5
:10108000880353F8809CCB46CA464FEA09424FEA90
:101090000A2302F47F0203F47F4313435FFA8BF2C7
:1010A0001A4389B207F1080001F082FF01E000F164
:1010B000020808F101001F287FF76AAF07F1080056
:1010C00001F0CCFD07F1080001F066FD114928464A
:1010D00007F0EEFA804678BB0F49204607F0E8FAA1
:1010E000F0B90E4801F0AEF926E000BF4805002037
:1010F00031390300B9390300C53903009D390300B4
:10110000C0390300FA380300C7390300CF390300A0
:10111000D7390300783903006A39030080020020C0
:10112000304606F0EAFB4146C2B25D4801F0CEF916
:1011300021465B4805F0A5F85A49284607F0B8FA59
:10114000824600287ED15849DFF8A0B1304608F029
:1011500017F906F0D2FB54498046504608F010F9C2
:1011600006F0CBFB50498146504608F009F906F0DD
:10117000C4FB8246204606F0C0FB522302B20C217B
:1011800007F1200001F0FEFE4FEA084807F12000B9
:101190004FEA092908F47F0801F00CFD09F47F49A2
:1011A0007B6848EA09095FFA8AF849EA080803F106
:1011B0000B0A03F1FF393D4B19F8012F312A17D0E3
:1011C000322A17D0332A17D0342A17D0352A17D00D
:1011D000362A17D0372A17D0382A17D0392A17D0ED
:1011E000612A17D0622A17D0632A08BF5B4614E031
:1011F0002F4B12E02F4B10E02F4B0EE02F4B0CE04B
:101200002F4B0AE02F4B08E02F4B06E02F4B04E05A
:101210002F4B02E02F4B00E02F4B7B60184606F06F
:101220006CFB424681B207F1200001F0C1FECA45C5
:101230007B68C1D107F1200001F010FD07F120000B
:1012400001F0AAFC2846254907F032FA054610BBF2
:101250002349244802F092FA224801F0F7FF12498C
:10126000304608F08DF806F048FB0F4980462846C6
:1012700008F086F806F041FB1B4D0646A5F8B8803D
:10128000A5F8BA602146184804F0FBFF154801F0A4
:10129000EAFF0028F2D1A437BD46BDE8F08F00BFB9
:1012A00080020020DA39030031390300324603009E
:1012B0000B3903003F390300FC380300FE380300FC
:1012C0000039030002390300043903000639030022
:1012D00093390300083903000A39030099390300E0
:1012E000D8B800009C010020940100203E39030082
:1012F0002DE9F84380460D46174601EB02090C46DE
:101300004C45A4EB050609D0D8F8003014F8011BB1
:101310001B68404698470028F2D100E03E46304620
:10132000BDE8F8837047203005F010B938B5437F29
:101330000D462BB100F16804204605F015F908B1FF
:10134000002038BD2046294605F0E3F8012038BDCD
:10135000203005F0EDB8203005F0FEB82DE9F04161
:101360001E464FF47A73002583600D4B456004469A
:1013700040F8203B8846174605F0C0F804F16800A5
:1013800005F0BCF89DF8183063769DF81C30A37604
:10139000C4F810806761267665772046BDE8F08145
:1013A000F4390300F0B5837E2D4C2E4D54F82320E4
:1013B000437E54F8233012F0200F14BF2F464FF015
:1013C000A04702F01F0213F0200F03F01F0308BF15
:1013D0004FF0A04502F5E07203F5E073012140F201
:1013E0000C66C17647F8226045F8236003694FF028
:1013F000CC72C3F824250622C3F80025827E54F857
:101400002220C3F80825427E54F82220C3F80C2578
:10141000027E53B2D2B202F01F055C09A9406034CB
:10142000114D002B45F8241006DA104B02F00F0284
:10143000134440221A7606E003F1604303F561434A
:10144000402283F80023037E01215AB203F01F03D8
:1014500001FA03F35209044941F82230F0BD00BFFC
:10146000784503000003005000E100E0FCEC00E0E0
:10147000C37EABB103690022C3F80025094A91423B
:1014800007D9094A914294BF4FF080614FF0C8617B
:1014900001E04FF0CC710622C3F82415C3F80025F3
:1014A000704700BFA086010090D003002DE9F843EB
:1014B0000646894698461546B2B100F120073846DF
:1014C00005F032F834690122C4F888952262C4F824
:1014D0003475C4F838552260D4F84C313BB9D4F88F
:1014E0002431002BF8D002E01046BDE8F883002339
:1014F000C4F84C31D4F85C311BB9D4F82431002B3A
:10150000F8D00023C4F85C310122B8F1000F02D1F9
:10151000D4F8243143B16261D4F80431002BFBD0FC
:101520000023C4F8043107E0E261D4F84831002B0D
:10153000FBD00023C4F84831D4F8243113B1002380
:10154000C4F82431D4F83C053066C0B2BDE8F88355
:101550000123FFF7ABBF10B5044680F8B010683028
:1015600004F0E2FF0123637710BD2DE9F041002371
:1015700005694377012790F8B030C5F8883500F148
:10158000680604462F623046C5F84465884604F074
:10159000DDFF2369C5F848059F60D3F850211AB9CB
:1015A000D3F82421002AF8D00022C3F85021304675
:1015B00004F0CCFF236930B1D3F860211AB9D3F815
:1015C0002421002AF8D00022C3F860210122B8F1BA
:1015D000000F02D1D3F8241141B15A61D3F804218C
:1015E000002AFBD00022C3F8042107E0DA61D3F817
:1015F0004821002AFBD00022C3F84821D3F8240157
:1016000070B10022C3F82421D3F8C404C3F8C40481
:10161000022805D0042814BF04200320BDE8F0816F
:10162000BDE8F0810121FFF7A0BF4369D3F8642131
:1016300070B5044682B10022012500F12006C3F8EE
:1016400064210577304604F06FFF63694022C3F8D8
:101650003465C3F838251D636369D3F86821D2B1B6
:101660000025C3F8685104F16806012363772577E4
:10167000304604F059FFD4F8B43003B19847657789
:1016800065693046C5F8446504F060FF6369C5F8D4
:10169000480501225A636369D3F804215AB1002234
:1016A000C3F80421227F32B1D3F83C05D4F8B83016
:1016B000206603B198476369D3F8242142B1002220
:1016C000C3F82421D3F8D024C3F8D02401225A61CE
:1016D00070BD00000148FFF7A8BF00BFA0030020B5
:1016E0000148FFF7A2BF00BFE402002007B51323A3
:1016F00014228DE80C004FF04022114604230848C4
:10170000FFF72CFE074A08481E211F238DE80A0018
:1017100003231146FFF722FE03B05DF804FB00BF70
:10172000A003002000300040E402002000F1190373
:10173000C9B280F8241080F8251080F8261080F8AF
:10174000271080F8281005309842F2D17047000029
:10175000002910B538DB002A36DBB0F90C408C428A
:1017600032DDB0F90E4094422EDD847E022C09D089
:10177000032C10D0012C13D10489013CA41A0A4671
:1017800021B20DE00489013C611A4489013CA21A8E
:1017900009B212B204E04489013C641A114622B233
:1017A00002EB82021144C9B2084A545C084A525CF6
:1017B000013AD2B29100013C0A44E4B21044204400
:1017C00003B1012380F8243010BD00BF2F0000209A
:1017D0001100002010B505220446114600F0C2FA9F
:1017E0002046044B40F8243B1922002106F005F95D
:1017F000204610BDCC3D0300704700002DE9F843A2
:101800001D4C1E4D2378DFF8789006460021E85CD9
:1018100004F0D6FC4FF0000819F80800184F012119
:1018200008F1010804F0CCFCB8F1050FF4D12378DD
:101830000133DBB2042B237082BF0F4B00221A70DE
:101840004FF00008237803EB83033344434493F8B9
:10185000243023B1002117F8080004F0B1FC08F18E
:101860000108B8F1050FEDD123780121E85CBDE84E
:10187000F84304F0A5BC00BF600400200C00002069
:101880002A0000200D4B002201210420C3F804256A
:10189000D960C3F810054FF47A70C3F80825C3F86F
:1018A0004005C3F844254FF48032C3F80423044AAA
:1018B0004FF4806010601960704700BF00A00040C6
:1018C00000E100E070B51B4B1B4C18600546661D1F
:1018D00014F8010F012104F049FC0121207804F0E3
:1018E0006FFCB442F4D1154C661D14F8010F0121B0
:1018F00004F03CFC0021207804F062FCA642F4D104
:101900002B4605F11901002283F8242083F82520B5
:1019100083F8262083F8272083F82820053399426E
:10192000F2D1074B002228461A70FFF7ABFF0120C7
:1019300070BD00BF5C040020290000200B000020C7
:101940006004002010B50B4CD4F8403183B1D4F8BA
:101950000433DB030CD50023C4F84031064B186870
:10196000FFF74CFFD4F8403503F57A73C4F84035DF
:1019700010BD00BF00A000405C040020FFF7E2BFE4
:1019800003680021DB6B184730B585B00D4604466F
:10199000FFF7F6FF0821052201238DE80E002046FF
:1019A0002B4600226FF0020100F04BFA05B030BD6B
:1019B0002DE9F84304460E461349174600F02BFC68
:1019C0000023E37605250123E382A3826FF0040957
:1019D000A846304606F07EFE00B2013809FB00F052
:1019E00085420EDD25822046A4F81280FFF7C8FF4D
:1019F0003146204604F045FC384604F09FFA013D8C
:101A0000E7E7BDE8F88300BFBC3A030070B50446C1
:101A10000D46104900F0FFFB00260123E676E38225
:101A2000A382284606F056FE012806D929462046FC
:101A30009622BDE87040FFF7BBBF2046FFF7A0FF2E
:101A400005232682638229462046BDE8704004F0C3
:101A500018BC00BFBC3A03002DE9F04F85B01F460B
:101A6000BDF93830BDF83CA015469A1A002AB8BF17
:101A7000524200927A1A002AB8BF524201920C4692
:101A8000009A01998A42814605DD3A461F4613466F
:101A900022462C461546BC4205DD2A461D46134605
:101AA00022463C4617465A1B002AC4EB0708B8BF1B
:101AB00052421FFA88F8039202260FFA88F292FB2C
:101AC000F6F64FF6FF729D42B8BF0122B6B20292FF
:101AD000BC421FDC019A009B9342D9F80030C8BF7A
:101AE0002246D3F810B0C8BF29465346DCBF2A4669
:101AF00021464846D847039BF61AB3B29EB2320439
:101B000005D5029A08EB030615442DB2B6B201348E
:101B100024B2DDE705B0BDE8F08F10B40468A46816
:101B2000A4465DF8044B604730B40468BDF8085023
:101B30000295246BA44630BC604730B40468BDF8FD
:101B400008500295646BA44630BC604770B40468CA
:101B5000BDF90C50BDF8106004960395A46BA44623
:101B600070BC604770472DE9F3411C460368BDF81F
:101B70002080DB6805461646013C34440F4624B2FB
:101B800098472B68CDF8048000941C6A28463B4691
:101B900032463946A0472B685B6A284602B0BDE84A
:101BA000F04118472DE9F3411D460368BDF8208038
:101BB000DB68044617460E4698478DE88001226888
:101BC0006B1E3344156A20461BB23A463146A8477D
:101BD00023685B6A204602B0BDE8F04118472DE952
:101BE000F3471E460368BDF92880DB68BDF82C90DA
:101BF0000C460546174698472644B4422A680BDA35
:101C0000CDF80090D2F818A0214643463A4628461F
:101C10000134D04724B2F0E7536A284602B0BDE849
:101C2000F047184713B5B0F90E20046801910092EF
:101C30000022B0F90C30A46B1146A04702B010BDD1
:101C40002DE9F7439942904607460E461C46BDF9DA
:101C50002850BDF82C9002680BD1A845C2BF43465E
:101C6000A8461D466B1CCDF82890C8EB0303146BE7
:101C70000CE0A84513D19942C4BF0B462646CDF8C7
:101C80002890C8BF1C46631C546B9B1B1BB242466A
:101C900031463846A44603B0BDE8F0436047D368F8
:101CA00098473B688DE8200238461D6A4246234625
:101CB0003146A8473B685B6A384603B0BDE8F0434D
:101CC00018472DE9F3471E460368BDF82C80DB68F2
:101CD000BDF9289004460D46174698472368CDF86D
:101CE0000080D3F81CA03A46334629462046D04708
:101CF0002368CDF8008009F1FF323A44D3F81CA0E4
:101D000029463346204612B2D0472368CDF80080DA
:101D1000D3F818A03A464B4629462046D0472368B8
:101D2000CDF80080711E294420469D693A464B46F5
:101D300009B2A84723685B6A204602B0BDE8F047B5
:101D40001847704701F00301012981760389428910
:101D500004D0032902D08381C28170478281C3816C
:101D60007047000030B5018100240A4D4281818115
:101D7000C2814FF6FF7101224460056084760482BF
:101D8000448242760276C1828182C27604770462FE
:101D900030BD00BF2C3E03002DE9F04F89B09A46BC
:101DA000BDF94C300393BDF85030049303680292A0
:101DB000DB680191BDF94890002605469847082345
:101DC00000963446079309F1070292FBF3FB009A51
:101DD000029B03991344BDF9002091429BB229DD77
:101DE0000AEB06021BB24FF00008059206931FFA99
:101DF00088F10BB24B4518DA4A0703BF079A93FBE9
:101E0000F2F3059A64000CBFD45CE4B2230609D552
:101E1000019B069A19442B681B6909B21F46284684
:101E2000049BB84708F10108E1E7009B01330093E8
:101E30005E44CCE72B685B6A284609B0BDE8F04FEA
:101E4000184770B4BDF90C40BDF91050BDF81460CE
:101E500005960495039470BCFFF79EBF2DE9F04FE3
:101E600091B09046026A03911E46BDF86830029315
:101E70000446BDF86C909DF870709DF87450002A6F
:101E800040F0B280B0F90C308B4240F33F81B0F9A2
:101E90000E30434540F33A81062313FB0713002B12
:101EA00040F3348108EBC503002B40F32F81037FFF
:101EB0001BB9AF2E84BF0136F6B223682046DB681B
:101EC000984705230993002306933BB20C939DF991
:101ED00018309049052212FB06324FF0000A8A5C46
:101EE0000592BAB20792BDF80C2004920499079AA1
:101EF00003FB021292B211FA83F308921BB208227A
:101F00000A920B93059BDA0711D5012F4FFA8AF23B
:101F100007D1012D05D123684244D3F810B0029BAC
:101F200013E002992368019102FB058217E0029BEE
:101F30004B451DD0012F4FFA8AF20BD1012D09D14B
:101F400023684244D3F810B04B4612B20B99204696
:101F5000D8470DE02368CDF8049002FB0582009578
:101F6000D3F814B0BDF920100C9B12B22046D8470C
:101F7000059B5B0805930A9B013B0AF1010A13F0DC
:101F8000FF035FFA8AFA0A93BCD1069B0133DBB2E6
:101F90000693099B013B13F0FF03099397D1029B22
:101FA0004B4500F0AC80012F23680CD1012D0AD1E4
:101FB0000499CDF8009005319D694246082309B285
:101FC0002046A8479BE0079ACDF8049002EB8201D7
:101FD000049AED000A44114600955D6942463B466D
:101FE00009B22046A8478AE0137A516812680D9218
:101FF000F61AF6B201EBC60331F8362004929A784D
:102000000792DA780A92012F5A7908929E7901D8BC
:10201000012D07D99DF920309BB2069373B29BB274
:10202000059302E000230593069323682046DB68AE
:1020300098471FFA88F34FF00009099343FA86F393
:10204000CB46CA460F930A9B5FFA89F29A4256D250
:10205000059B09994B4413FB05F30B440F999BB265
:102060008A180C9300265B460E92079A96423FD23E
:102070005A1CD2B25B070B9207D1049B04990D9AAC
:1020800001339BB212F801A004931AF0800F27D0FD
:10209000012F11D1012D0FD19DF82020039B43FA70
:1020A00082F12368BDF93820D3F81080029B3144B7
:1020B00009B22046C04713E0BDF81830029A0192D9
:1020C00006FA83F1039B009511FB07F1194423687D
:1020D000BDF93020D3F8148009B23B462046C047F2
:1020E0004FEA4A0A01365FFA8AFAF6B20B9BBCE75E
:1020F000079B9B445FFA8BFB09F10109A3E7236867
:102100005B6A204611B0BDE8F04F184711B0BDE83A
:10211000F08F00BF743E0300F0B5026A85B004463C
:102120000B46002A2FD10A2905D10282438A427E1A
:1021300003EBC20330E00D296AD0C17E457E007EEC
:1021400069B1B4F91060062111FB0061B4F90C60AB
:10215000B142C1BF2282628A02EBC5026282029052
:10216000E08A0190A08AB4F912200090B4F910100E
:1021700003952046FFF772FE237E228A03EB43037A
:1021800002EB430343E00A2908D100230382417E86
:10219000127B438A01FB0233638239E00D2937D079
:1021A000157AA94234D3917A994231D351685D1B93
:1021B000EDB201EBC505A97821B3E87810B3E77E4D
:1021C000667E207E8FB195F905703944B4F91070A0
:1021D00000FB0171B4F90C70B94206DD00212182C7
:1021E000127B618A06FB021262820290E08A0190F1
:1021F000A08A0090B4F91220B4F91010039620467A
:10220000FFF72CFE2979227E238A01FB02332382E9
:10221000012005B0F0BD036A19B133B9438A063312
:1022200002E013B1438A063B43820162704700001B
:1022300038B50025057329B90B4B0C4A0C482521EC
:1022400005F03AFB01600B4951F82220027151F868
:10225000233083719DF8103051F8233043710223ED
:10226000C371856038BD00BFB143030074430300F0
:10227000BF4303007845030007B5094B09490A48E5
:102280004FF080421A6000229A6002221A710F23D6
:1022900000930E220D23FFF7CBFF03B05DF804FB84
:1022A00064040020003002407004002070B5002556
:1022B000034E45600660017242738373C57370BD3F
:1022C0002444030070B5084C05460E46017A2046AA
:1022D000FFF741F9E97B20463143FFF727F8204615
:1022E000BDE87040FFF79EB9A003002038B50C464A
:1022F00041F004010546FFF7E5FF0120013800BF6A
:1023000000BF00BF00BF00BF00BF00BF00BF00BFD5
:1023100000BF00BF00BF00BF00BF00BF00BF00BFC5
:1023200000BF00BF00BF00BF00BF00BF00BF00BFB5
:1023300000BF00BF00BF00BF00BF00BF00BF00BFA5
:1023400000BF00BF00BF00BF00BF00BF00BF00BF95
:1023500000BF00BF00BF00BF00BF00BF00BF00BF85
:1023600000BF00BF00BF00BF00BF00BF00BF00BF75
:1023700000BFC3D1284604F0FB01FFF7A3FF3220C2
:10238000013800BF00BF00BF00BF00BF00BF00BFDB
:1023900000BF00BF00BF00BF00BF00BF00BF00BF45
:1023A00000BF00BF00BF00BF00BF00BF00BF00BF35
:1023B00000BF00BF00BF00BF00BF00BF00BF00BF25
:1023C00000BF00BF00BF00BF00BF00BF00BF00BF15
:1023D00000BF00BF00BF00BF00BF00BF00BF00BF05
:1023E00000BF00BF00BF00BF00BF00BF00BF00BFF5
:1023F00000BF00BF00BFC3D138BD38B504460D468D
:10240000FFF760FF29462046BDE83840FFF76EBF62
:1024100070B50D4621F00F01144611430646FFF733
:10242000ECFF44EA05113046C9B2BDE87040FFF741
:10243000E4BF08B50122FFF7EBFF012008BD002231
:10244000FFF7E6BF08B50121FFF7F9FF4FF4FA6087
:10245000013800BF00BF00BF00BF00BF00BF00BF0A
:1024600000BF00BF00BF00BF00BF00BF00BF00BF74
:1024700000BF00BF00BF00BF00BF00BF00BF00BF64
:1024800000BF00BF00BF00BF00BF00BF00BF00BF54
:1024900000BF00BF00BF00BF00BF00BF00BF00BF44
:1024A00000BF00BF00BF00BF00BF00BF00BF00BF34
:1024B00000BF00BF00BF00BF00BF00BF00BF00BF24
:1024C00000BF00BF00BFC3D108BD00007FB50E4BE9
:1024D000144605460E460FCB0DF1100E0EE90F0007
:1024E0002B7BA3423CBF03F1FF34E4B204AB03EB0C
:1024F0008404284654F8101C314461F07F01C9B2AD
:10250000FFF79DFF04B070BD2C440300222870B576
:1025100048D8072946D8D41EA4B247F6FC75AC4269
:1025200040D8DC1EAC423DD81F4D204E15F820008F
:10253000002456F82450B5F1FF3F2ED11B4D6FEA11
:10254000434345F824001A4D6FEA534325F81430ED
:10255000184B53F82430C3F86005C3F86405C3F87A
:102560006805C3F86C050120C3F8000505EB4404B9
:10257000C3F80C15C3F80405C3F808250022C3F8F6
:102580001425C3F81025C3F82045C3F82405C3F863
:102590002825C3F82C25986070BD8542CED0013423
:1025A000042CC6D170BD00BF784503004800002050
:1025B000840400203C440300B1F5087F06D3B1F544
:1025C000166F0B4628BF4FF4166301E04FF40873F3
:1025D0001B0940F2E2420721FFF798BF000000000C
:1025E00022282DE9F74306460F4614466CD83C4B8B
:1025F000023A9A4268D8F42C0ED8792C0ED83D2C89
:102600000ED81E2C0ED80F2C0ED8072C0ED8042C4A
:1026100034BF072506250AE0002508E0012506E06D
:10262000022504E0032502E0042500E005252846F4
:1026300004F0D0FB9FED260B41EC110B02F044FAA5
:1026400007EE904AF8EEE77AB7EE007AC7EE276A0F
:1026500053EC102B16EE900ACDE9002304F0DCFBBE
:10266000DDE90023804689461BA1D1E9000104F081
:1026700051FD02460B4600201A4904F04BFD02466C
:102680000B464046494604F045FD04F0DBFE044697
:1026900004F0A0FB0022144B04F012FC80463846E4
:1026A000894604F0A7FB02460B464046494604F023
:1026B00007FC04F0C7FEA2B203462946304603B029
:1026C000BDE8F043FFF722BF03B0BDE8F08300BFD1
:1026D00000000000000000400000000080845E4117
:1026E000A8B028000000F03F0000503F222810B59D
:1026F00034D81B4B1B4C13F82010002254F8223006
:10270000581C26D1174B184843F8221048F2800372
:1027100020F81230154B53F8223000EB4202C3F878
:102720006015C3F86415C3F86815C3F86C1500216B
:10273000C3F80015C3F81415C3F81015C3F8202505
:102740000122C3F82425C3F82825C3F82C159A6064
:1027500010BD9942D6D00132042ACFD110BD00BF9E
:102760007845030048000020840400203C44030016
:1027700000224270026142608260C260024A01210E
:1027800001701060704700BF8C040020014803F006
:1027900087BD00BF4805002007299FBF044B5A563C
:1027A000044B012094BFC3F80C25FE20704700BFE6
:1027B0008B44030000100040532926D8144B0222FA
:1027C000C3F88020134B0022C3F8102101221A61A4
:1027D0001A46D2F810010F4B0028FAD00022C3F895
:1027E0000815C3F8002101225A60D3F80011094AE4
:1027F0000029FAD00023C2F80C310120044B90606C
:102800000222C3F880211A607047FE20704700BF83
:1028100000E100E0001000400369DB0746BF4160B3
:102820000120FF2070470369DB074CBF4068FF2091
:102830007047C26838B50446FAB14378032B1ED8F6
:10284000FFF7F1FF90622C2004F060F92C220021A8
:10285000054605F0D2F8E26800235362A3680BB97D
:10286000A26004E0596A09B10B46FBE75A6263783B
:10287000E56001336370012038BDFE2038BDFD20C6
:1028800038BD000038B5154BD3F8002122B1002225
:10289000C3F8002101229A60D3F80C310F4DDBB14F
:1028A0000021C5F80C11D5F800340D4C012B0DD1C9
:1028B000D5F8481520684942FFF7AEFF2068FFF7BA
:1028C000B8FF2368DB68C5F8043502E02068FFF72D
:1028D000A3FF024B01229A6038BD00BF00100040E8
:1028E0008C040020F8B50369DB0704466BD4C56887
:1028F00045B92C2004F00AF92C220646294605F099
:102900007CF8E660E668002E5FD04FF0804300223E
:10291000C3F8002101221A60D3F80021002AFBD05D
:102920002B4B00220721C3F80C25C3F808152949B1
:10293000C3F81025C3F81C152178C3F82415082501
:1029400001202549C3F82C254FF6FF77C3F8300541
:10295000C3F81455C3F818150221C3F83415C3F889
:102960003C751E4FC3F838751827C3F85475C3F863
:102970000465C3F804531A4DC5F880112960D3F8D3
:10298000001241F01001C3F80012C3F80021586092
:10299000D3F800210E4E002AFAD00023C6F80C31DD
:1029A00023691049104801252B43B560236103F0CA
:1029B00068FCD6F850150C480A2203F0A4FC0B4919
:1029C000094803F077FC0120F8BDFD20F8BD00BFE9
:1029D000001000407469627520000402211001009B
:1029E00000E100E04C44030048050020544403008B
:1029F000024B0170C3F824150120704700100040FD
:102A00000346806810B548B10549426A0224C1F8FE
:102A100080409A605A78013A5A700C6010BD00BF2D
:102A200000E100E010B500294AD00B78232B47D8ED
:102A3000244B0222C3F88020234B0022C3F810212C
:102A400001221A611A46D2F810411F4B002CFAD00D
:102A50000022C3F80415C3F8002101221A60D3F83C
:102A60000011194A0029FAD00023C2F80C310123C1
:102A70009360D2F80C11144B0029FAD0C268C3F845
:102A800004250022C3F8102101221A61D3F8101185
:102A90000D4A0029FAD00023C2F800310123536007
:102AA000D2F80011084B0029FAD000220120C3F807
:102AB0000C219860034B0222C3F880211A6010BDDC
:102AC000FE2010BD00E100E000100040044A137831
:102AD000032B96BF591CFF2311700370704700BF72
:102AE00090040020F8B51D460378032B04460F46DA
:102AF000164616D80121384603F038FB22780A4BD7
:102B000013F8321067F30501002EC9B2B8BF0026D2
:102B100041F04001002DA8BF002503F83210667077
:102B2000A5702078F8BD00BF9404002040F6C413BF
:102B30000022FFF7D7BF00000278034B13F83200E2
:102B400000F03F00FFF738BD9404002013B5B4290E
:102B5000A8BFB42104464FF4166308460093B4227C
:102B60004FF40873002120EAE07003F081FE014673
:102B7000204602B0BDE81040FFF7DEBF10B5144696
:102B80000A464FF40071FFF72BFD2046BDE81040C8
:102B900003F0D4B9FFF7AABD10B50446C06804F02D
:102BA00019FFB4F90600002802DB002103F0DEFA69
:102BB000204610BD10B50446B0F90600002807DB1A
:102BC000012103F0D3FA0021B4F9060003F0F8FA6A
:102BD0000123637010BD70B50546C0680E4604F051
:102BE000F9FEEB7C2C7CA3420CBF0324042414FBD1
:102BF00006F4A4B2AC80204604F0E4FEE86028B1FC
:102C00002246002104F0F9FE6E8070BDA880688025
:102C100070BD70B4C27C047C151B6C42C1F381068C
:102C20006C41FF29C1F38112C1F30115467401F013
:102C300003068CBF002101210170C168C2740574B4
:102C4000867441B1511B4A424A41A24203D0418895
:102C500070BCFFF7C0BF70BC704700002DE9F04F9B
:102C6000C3688BB00546002B00F0648103F04EF979
:102C70006B69984238BF68616B69C01AB0F5967F7E
:102C8000F4D3AF883E01331D0193AC4B0FCB0DF154
:102C9000180E8EE80F0000235EF82340D4F800855C
:102CA000B8F1000F40F08680D4F86025002A80F249
:102CB0008180D4F86425002A7CDAD4F86825002ABB
:102CC00078DAD4F86C25002A74DA019804F07AFED8
:102CD000002873D0414648F2080A8AB2D300BA42AB
:102CE0009BB295F8008025D2EE680132D20016F82A
:102CF00001B092B24FF0800C0BEA0C0EB8F1000F4D
:102D000006D148F21306BEF1000F08BF564607E091
:102D100048F20D0648F20609BEF1000F08BF4E4604
:102D200020F8136001339BB29A424FEA5C0CE3D166
:102D30000131D2E74FF4004220F8132001339BB257
:102D400020F813200023C4F80435C4F80C35B8F17A
:102D5000000F01D1282200E01422C4F80825019AAE
:102D6000B5F90610C4F814355608754AC4F810357C
:102D7000C4F82005C4F82465C4F82835C4F82C35F7
:102D800052F82120C4F860250122C4F80025C4F8B7
:102D90001031A260D4F81031002BFBD00023C4F80E
:102DA0001031C4F800354FF0FF33C4F8603504F03B
:102DB00011FEBCE00133042B7FF46EAFB5F90620A1
:102DC0005F4B604953F822405F4A14F0200F4FF0E8
:102DD000010304F01F0403FA04F42B7808BF4FF03A
:102DE000A042002B14BF12231A23039314BF2923DC
:102DF00046230293CB6843F08073CB60534B196832
:102E000041F00101196015BF5821C3214FF0470857
:102E10004FF09C08059199465968D5F80CA004918B
:102E2000A98856460020CAEB0607BFB28F4232D2AD
:102E3000082716F801BB01974FF0800ED3F804C0A5
:102E4000C0EB0C0CE045F9D8D9F80400D2F808C55D
:102E50001BEA0E0F44EA0C0CC2F808C507D0D3F8E1
:102E600004C0029FC0EB0C0C6745F8D806E0D3F80D
:102E700004C0039FC0EB0C0C6745F8D8D2F80CC512
:102E8000019F44EA0C0C013FC2F80CC54FEA5E0EEC
:102E90000197D3D1C7E75E68361AB045FBD8049EC8
:102EA000D9F80400801B059EC900714388423ED3B7
:102EB0004FF49670013800BF00BF00BF00BF00BFD5
:102EC00000BF00BF00BF00BF00BF00BF00BF00BF0A
:102ED00000BF00BF00BF00BF00BF00BF00BF00BFFA
:102EE00000BF00BF00BF00BF00BF00BF00BF00BFEA
:102EF00000BF00BF00BF00BF00BF00BF00BF00BFDA
:102F000000BF00BF00BF00BF00BF00BF00BF00BFC9
:102F100000BF00BF00BF00BF00BF00BF00BF00BFB9
:102F200000BF00BF00BF00BF00BFC3D174E702F005
:102F3000EDFF68610BB0BDE8F08F00BF9444030063
:102F400078450300F0ED00E000030050001000E0C1
:102F500038B5437804460D4633B1B0F90600002871
:102F600002DB002103F002F96378E5804BB12846CB
:102F7000012103F0FBF828460021BDE8384003F0AA
:102F80001FB938BD70B50E4600210446417001726C
:102F9000C160416119461546FFF73BFE31462046A8
:102FA000FFF719FE20462946FFF7D2FF204670BDE5
:102FB00043888B42F0B52CD9037AC2F30746C2F39B
:102FC0000725D4B20BB9A64608E05E435D435C43D7
:102FD000C6F30726C5F30725C4F3072E077CC47C78
:102FE000A742C76803D101EB410139440AE007EB6E
:102FF0008101120E0C440BB9D3B202E05343C3F368
:1030000007232370037CCE54437CCD54837C01F88A
:1030100003E0F0BD2B2970B5044615460AD82A29CD
:1030200080F0948028290DD0292973D1104602F010
:1030300085FF8BE02D2919D014D3A1F14C03012B6E
:1030400055D967E02B34002514F8010FFF2805D06F
:103050000F2D94BF0121022103F088F80135162DB0
:10306000F2D173E0002A71D0012003E0032A34BFBB
:1030700005200220013800BF00BF00BF00BF00BF15
:1030800000BF00BF00BF00BF00BF00BF00BF00BF48
:1030900000BF00BF00BF00BF00BF00BF00BF00BF38
:1030A00000BF00BF00BF00BF00BF00BF00BF00BF28
:1030B00000BF00BF00BF00BF00BF00BF00BF00BF18
:1030C00000BF00BF00BF00BF00BF00BF00BF00BF08
:1030D00000BF00BF00BF00BF00BF00BF00BF00BFF8
:1030E00000BF00BF00BF00BF00BFC3D12EE001F092
:1030F0003F010C4442B9012194F82C0003F036F84A
:10310000294694F82C0012E0022194F82C0003F0D8
:103110002DF81BE03F291BD901F03F01631893F8FC
:103120002C60FF2E12D00F2904D82946304603F018
:1031300047F80BE0102901D102F022FF304603F0DE
:103140005BF8003018BF012084F82700012070BD13
:10315000002070BD80F8371080F8382080F83930B2
:1031600070470000143910B504460C2928D8DFE850
:1031700001F00C27270717232727272727272100B8
:1031800019461048FEF7B4F814E0A36923B9236880
:103190005A7B0D4B5343A3610A48FEF703F909E03C
:1031A000A1690848FEF764F994F824100548490815
:1031B000FEF7D1F9012010BD0248FEF733FAF9E716
:1031C000002010BDA0030020A08601002DE9F743D8
:1031D000036890F8509090F8517093F8118005466C
:1031E00000262B681B7CD80070434FF6F871014015
:1031F000E86CF4B201443A1901340091D2B20021D2
:103200002846E4B200F061FEA14504D90136BB199D
:10321000DBB29845E5D803B0BDE8F08303681A7CBB
:1032200090F85030C06C12FB03F2D200002104F081
:10323000E4BB10B5836C80F8511004461B689847B6
:10324000A36C20465B68BDE81040184710B590F8A5
:10325000AB3004460BB1FFF7E1FF20460021BDE88B
:103260001040FFF7E6BF38B50446FFF7AFFF94F80C
:10327000503094F851501D4423685B7CEDB2AB4252
:1032800004D8204600F04DFE002038BD94F8AB3045
:1032900013B12046FFF7C2FF20462946FFF7C9FFBA
:1032A000012038BD10B50446FFF7D0FF2046FFF7D8
:1032B000DAFF01460028F9D12046BDE81040FFF7AB
:1032C000B8BF00000123037000487047B404002019
:1032D00030B585B00D46009309491346094A0446A6
:1032E00000F04EFE0DF10F00FFF7ECFF9DF80F20F0
:1032F00000950146044B204600F0BDFB05B030BDF3
:10330000293E0000993C0000D33800004318405C7F
:103310005B7803EB002080B270470020704710B547
:103320000B7803704B7843708B788370CB78C370C5
:103330000B7903714B7943718B798371CB79C371AD
:103340000B7A03724B7A43728B7A8372CB7AC37295
:103350000B7B03734B7B43738B7B8373CB7BC3737D
:103360000C460B7C0374024611212046FFF7CEFF6A
:10337000132150822046FFF7C9FF15219082204675
:10338000FFF7C4FFD08210BD70B5047B05686218DA
:103390002B78D2B2072A43FA04F301D8DBB20BE050
:1033A0006E1C06606D78C4F10804E4B205FA04F4FA
:1033B0002343083ADBB2D2B20273012202FA01F0CF
:1033C0000138184070BD38B5002300F17805044677
:1033D00080F88430816790F890102846FFF7D4FF7A
:1033E00094F8911084F882002846FFF7CDFF94F8F6
:1033F000AA3084F88630B3FA83F35B0984F883003B
:1034000084F8873038BD10B5FFF7BEFF4C1EE4B21C
:103410000123A340C01A40B210BD012B06D003D334
:10342000022B05D1801A04E0104402E0084400E0B9
:10343000401A80B27047012B06D003D3022B05D16E
:10344000401A04E0084402E0801A00E0104480B210
:1034500070472DE9F04F89B090F8806090F881A016
:10346000079204460F4694F8825094F88880B4F886
:103470007C00AD1BEDB2AF423B4628BF2B46049308
:10348000B4F87E3006935FFA8AF303939DF90CB08B
:103490004FFA86F943465A464946FFF7CCFF434662
:1034A00005905A4649460698FFF7B7FF079B024624
:1034B00013B194F8863004E094F8853053B994F849
:1034C000873084F8AA30CDF80080049B0599204607
:1034D00000F06FF9AF4207D37F1B0AF10103FFB27F
:1034E0005FFA83FA0026BEE79DF80C3084F881303D
:1034F0003E4484F8806009B0BDE8F08F2DE9F04FBC
:10350000044685B000F17809FFF75DFF94F892104A
:1035100094F883704846FFF776FF94F8931083463B
:103520004846FFF770FF94F8941080464846FFF72E
:103530006AFF94F982500390002D7DDDB84494F821
:1035400088A0B4F87C00C8F100084FFA88F8534608
:1035500042465946FFF76FFF5346A4F87C000646E3
:103560004246B4F87E005946FFF757FFA4F87E00A4
:10357000BAF1030F2DD8DFE80AF0020812227319FE
:1035800040FA87F59BB2A9B225E07AB2C2F10102F6
:10359000324405440136B3B2A9B296B21BE07AB206
:1035A000C5F10105C2F1010206EB050E411C013611
:1035B0000244B3B289B290B21FFA8EF60BE0C5F1A5
:1035C0000105411C46FA87F305449BB289B2A8B2B3
:1035D00001E001463346009102463146204600F0A4
:1035E00060F948B3002384F8803084F881307FB2DA
:1035F00094F88E104846FFF7C7FE94F88F100646E1
:103600004846FFF7C1FE0546002231462046FFF737
:1036100020FF294620460122FFF71BFF01214846D3
:10362000FFF7B2FE0028EFD194F98130BB42DFDB17
:1036300094F8863084F8AA30039805B0BDE8F08F7E
:1036400038B5036FFF290C4603F1170312D8602920
:1036500002D9B0F8A02003E0402902D9B0F89E209A
:103660001344587818B31A78A24201D1981C38BD77
:103670000344F6E7B0F8A2001A18154600212846C0
:10368000FFF744FE022102442846FFF73FFE844232
:1036900005F10405F2D81078537853EA002006D0DB
:1036A000844201D1D01C38BD93781A44F3E738BD69
:1036B000F8B51F4690F8883004460E461546032B91
:1036C00014D8DFE803F002060A0F436F9847284436
:1036D00006E0436F9847301A07E0436F9847281A6F
:1036E00085B203E0436F9847304486B2A4F87C600B
:1036F000A4F87E5039462046FFF7A2FF20B10146CC
:103700002046FFF7FBFE80B2F8BD036F70B56BB3C8
:1037100090F8A51090F8992090F89A3080F8A6209B
:1037200080F8A73011B3012952B25BB20ED190F8E4
:103730009B104CB2A24290F89C20B8BF80F8A61013
:1037400051B28B4212DD80F8A72070BD90F89840EE
:1037500090F8961065B245FA81F6B242BCBF0919DD
:1037600080F8A610AB42C8BF80F8A74070BD00002B
:10377000014B4367704700BF1B330000026F8A4252
:1037800010B5044608D021678C30FFF7C8FD2046ED
:10379000BDE81040FFF7B9BF10BD70B4B0F8564097
:1037A0009DF80C600396121B446C92B2A44670BC48
:1037B000604770B490F8A4409DF80C50002C5FD086
:1037C000002B5DD0012B0AD9022D03D10131C91A7A
:1037D00089B204E0032D02BF0132D21A92B215F071
:1037E000010523D1B0F86440944249D8B0F866404E
:1037F000944245D90B449BB28B42B0F86060B0F85C
:10380000624005D28C4202D9631E9BB202E031466F
:103810008C4235D99E4233D2B14238BF31469C42A8
:1038200094BFC1EB0404C1EB030422E0B0F8604094
:103830008C4225D8B0F862408C4221D913449BB207
:103840009342B0F86460B0F8664005D2944202D961
:10385000631E9BB202E03246944211D99E420FD2BF
:10386000B24238BF32469C4294BFC2EB0404C2EB62
:103870000304A3B2846C0395A468A44670BC60479B
:1038800070BC70478A4206D2834208D89A4294BFDD
:103890000020012070478342F8D8002070470120A3
:1038A000704770B504460D461E46B0F86610BDF868
:1038B0001030B0F86400FFF7E5FF48B133462A4600
:1038C000B4F86210B4F86000BDE87040FFF7DABFEA
:1038D00070BDF7B590F8AA5002F007060124B44075
:1038E000012DE4B203D8254602D1002400E00025D2
:1038F000C76C0197076897F810E022F0070202FBF7
:103900000EF24FF6F87E02EA0E0E019A714411444F
:103910009DF82020B2B9013B9BB201330B440A78D9
:103920002A43624001F8012B8B42F8D11DE0B0F828
:103930005220114490F8AA20012A12D813D0012451
:10394000254693B10A7801362A436240013B16F0BE
:1039500007060A709BB2EAD06D006400EDB2E4B2D3
:10396000EFE70124EDE71546EBE703B0F0BDF0B556
:1039700090F85070026890F85140BDB2EB00A0F88A
:103980005430137CA6B2DB00A0F85230F300A0F84C
:103990005630517CA0F858303C448C42C4BF891B3F
:1039A0008DB203EBC503A0F85A30938AA0F85C30BF
:1039B000D38AA0F85E30F0BD10B49DF804400194A5
:1039C0005DF8044BFFF7E9BE37B5B0F86E50B0F8BC
:1039D0006A30B0F86C20B0F8681000950446FFF724
:1039E00060FF10B984F8A40022E00123B4F860203D
:1039F00084F8A430B4F868309A4238BFA4F8603034
:103A0000B4F86220B4F86A309A4288BFA4F86230F1
:103A1000B4F86420B4F86C309A4238BFA4F864302B
:103A2000B4F86620B4F86E309A4288BFA4F86630C5
:103A300003B030BD0022A0F86020B0F85C20A0F8F0
:103A40006220B0F85820A0F86420B0F85A20A0F8FE
:103A50006620FFF7B9BFFFF78ABF0022836CA0F88A
:103A60006820A0F86C204FF6FF72A0F86A20A0F83A
:103A70006E205B68184770B5049E436400250123DF
:103A800080F8502080F8515080F8855080F8A95077
:103A900080F8A55080F8AA3080F8AB300446C164A5
:103AA00033680567866498472046FFF7D6FF2046AF
:103AB000FFF75EFE84F8885070BD19B10A2901D065
:103AC00088B270474FF6FF707047002943D00A292B
:103AD00041D090F826306BBBFB2905D9052380F82F
:103AE000263001F0010121E0F72905D9042380F8EF
:103AF000263001F0030119E0EF2905D9032380F8EE
:103B0000263001F0070111E0DF2905D9022380F8F2
:103B1000263001F00F0109E0BF2905D9012380F803
:103B2000263001F01F0101E089B216E001844FF652
:103B3000FE7112E0028C01F03F0141EA8211013B6B
:103B4000DBB289B24FF6FE72018480F82630002B7A
:103B500018BF114601E04FF6FF7108467047002379
:103B600080F82630704710B404691346A4460A460C
:103B70005DF8044B1721604707B502AA02F8011D42
:103B80000121FFF7F0FF03B05DF804FB10B40469F6
:103B90000023A4461A4618215DF8044B604710B470
:103BA00004690023A4461A4619215DF8044B6047B6
:103BB000F8B5044617460E46FFF7E8FF40212046B9
:103BC000FFF7DAFF25693B46324620461721A84712
:103BD0002046BDE8F840FFF7E2BF10B4C4680A46CB
:103BE000A446002315215DF8044B604710B4C46857
:103BF0000A46A446002316215DF8044B604710B422
:103C0000C4681346A4460A465DF8044B1721604772
:103C100010B4C4680023A4461A4618215DF8044B6A
:103C2000604710B4C4680023A4461A4619215DF801
:103C3000044B604773B505460C462178172916D00A
:103C400009D8152926D362788DF80720EE6800235D
:103C50002846B0471CE0192913D9FE291AD16278E9
:103C60008DF807202921284600F064F910E06378D8
:103C70008DF807300DF1070201212846FFF7BFFF3D
:103C800006E00023EE681A4628460134B047D4E720
:103C90000234D2E702B070BD14392DE9F041044678
:103CA00015461E46052952D8DFE801F03403181CDA
:103CB0004248284B1A781E460AB1FFF770FF20468B
:103CC000FFF764FF00212046FFF756FF29462046F4
:103CD000FFF752FF01203070BDE8F0811146FFF779
:103CE0004BFF28E01B4B1A781F460AB1FFF757FF1E
:103CF000182D324607D918212046183DFFF758FFE6
:103D0000EDB21836F4E729462046FFF751FF0023AD
:103D10003B7010E090F824300769FF2B04BF782334
:103D200080F82430BC4633461421BDE8F04160479A
:103D3000084B00221A700120BDE8F081054B1A786B
:103D40001D460AB1FFF72BFF00232B70F3E700207D
:103D5000BDE8F081340500200B39F8B5044615465E
:103D60001F46042955D8DFE801F003540B1A290037
:103D70000AB9294900E029492046FFF75BFF1BE00B
:103D80002AB92749FFF756FF23689B7C04E02549A1
:103D9000FFF750FF2368DB7C84F822300CE0FFF74C
:103DA00037FF81212046FFF718FF29462046FFF7FD
:103DB0001DFF2046FFF735FF0120F8BDFFF728FF64
:103DC00094F822307E7903EBC60606F0FF06402108
:103DD0002046FFF702FF310941F010012046FFF7AE
:103DE000FCFE06F00F012046FFF700FFB9792046E0
:103DF00041F0B001FFF7FAFE39793A68C90001F0E5
:103E0000F8012046013DFFF7FAFE15F0FF05F3D15A
:103E1000CFE70020F8BD00BFB0440300B544030065
:103E2000D44403001045030038B504460D46FFF79F
:103E300093FF78B9092D09D00A2D0CD1204600F046
:103E400014F805492046FFF7F5FE03E00349204634
:103E500000F006F8012038BDDB440300BC44030039
:103E600001608B7C80F82230704738B5002304460F
:103E70001A4645692821A84700231A46E5681421F7
:103E80002046A847204601224B2100F053F8236822
:103E900020461A79292100F04DF8204600224B21B6
:103EA00000F048F8236820461A79292100F042F8EA
:103EB000204601224B2100F03DF8236820465A7924
:103EC0002921BDE8384000F035B813B58DF804302D
:103ED00002AB8DF80620049A8DF8051043F8082DE2
:103EE000846801220F21A04702B010BD10B484687D
:103EF0000023A4461A4609215DF8044B604710B41C
:103F000084680023A4461A460A215DF8044B6047E2
:103F100010B484680A46A44600230B215DF8044BC4
:103F2000604710B484680023A4461A4610215DF847
:103F3000044B604710B444690023A4465DF8044B69
:103F4000604700207047000000230C4A036080F89F
:103F5000233080F826308361FF238260C2600261D3
:103F6000426180F8243080F8283000F12B02413083
:103F700002F8013F8242FBD1704700BF433F00007F
:103F8000F8B5069D044617461E46FFF7DDFFE760BD
:103F9000A160266165612046BDE8F840FFF7A6BF35
:103FA00008B5012300F072FBB0FA80F0400908BDAB
:103FB00013B502AC012304F8012D224600F046FBA4
:103FC000B0FA80F0400902B010BD10B50A460C46A8
:103FD0000721FFF7E5FF20B1237803F004032370E6
:103FE000012010BD37B50D460DF107021F21044613
:103FF000FFF7D6FF68B19DF8072002F03F022A4381
:104000001F2120468DF80720FFF7D2FF003018BF90
:10401000012003B030BD37B50D460DF10702202158
:104020000446FFF7BDFF68B19DF8072022F00102AA
:104030002A43202120468DF80720FFF7B9FF0030E2
:1040400018BF012003B030BD37B50D460DF1070292
:1040500020210446FFF7A4FF68B19DF8072022F055
:1040600002022A43202120468DF80720FFF7A0FFF7
:10407000003018BF012003B030BD37B50D460DF13B
:10408000070220210446FFF78BFF68B19DF8072047
:1040900022F004022A43202120468DF80720FFF752
:1040A00087FF003018BF012003B030BD10B50A46AD
:1040B0000C462021FFF774FF20B1237803F008039A
:1040C0002370012010BD37B50D460DF107022021E8
:1040D0000446FFF765FF68B19DF8072002F00F0264
:1040E0002A43202120468DF80720FFF761FF00308A
:1040F00018BF012003B030BD10B50A460C4623217D
:10410000FFF74EFF20B1237803F00803237001204E
:1041100010BD37B50D460DF1070223210446FFF708
:104120003FFF68B19DF8072022F030022A43232187
:1041300020468DF80720FFF73BFF003018BF012015
:1041400003B030BD10B50A460C462321FFF728FF07
:1041500020B1237803F030032370012010BD37B560
:104160000D460DF1070223210446FFF719FF68B140
:104170009DF8072002F07F022A43232120468DF874
:104180000720FFF715FF003018BF012003B030BD36
:1041900037B50D460DF107022E210446FFF700FF4B
:1041A00068B19DF8072002F03F022A432E212046E5
:1041B0008DF80720FFF7FCFE003018BF012003B088
:1041C00030BD70B506464D1C28246A1E2146304677
:1041D000FFF7E6FE78B1611C2A46C9B23046FFF708
:1041E000DFFE38B10234E4B22E2C05F10205ECD129
:1041F000012000E070BD70BD2DE9F04385B00D4693
:104200000DF106018046FFF777FF08B9002084E032
:104210000DF105014046FFF749FF0028F6D09DF853
:104220000540082C06D19DF80630002BEED126461D
:1042300002270BE0002CE9D19DF8063023B1082BB2
:10424000E4D10426274601E0062601270DF10701E7
:104250004046FFF777FF0028D8D09DF80740202C74
:1042600006D0302C06D0A4F110035C425C4102E081
:10427000022400E0032402A94046FFF7A2FF002821
:10428000C4D0274BBDF9080004EB870403EBC4023C
:1042900053F83470546830414FEAE07900FB04F37E
:1042A00007FB0933A0FB070110F5FA7019444FF41E
:1042B0007A724FF0000341F1000103F033F92860F6
:1042C000BDF90A00304100FB04F34FEAE07907FB37
:1042D0000933A0FB070110F5FA7019444FF47A7204
:1042E0004FF0000341F1000103F01CF96860BDF9D3
:1042F0000C003041C317444307FB0344A0FB0701F4
:1043000010F5FA7021444FF47A724FF0000341F136
:10431000000103F007F9A860012005B0BDE8F083B3
:104320001845030008B5012300F090FAB0FA80F0B8
:10433000400908BD13B502AC012304F8012D224643
:1043400000F064FAB0FA80F0400902B010BD37B551
:104350000D460DF1070260210446FFF7E3FF68B147
:104360009DF8072022F003022A43602120468DF8A1
:104370000720FFF7DFFF003018BF012003B030BD7A
:1043800037B50D460DF1070260210446FFF7CAFF5D
:1043900068B19DF8072022F00C022A4360212046D4
:1043A0008DF80720FFF7C6FF003018BF012003B0CB
:1043B00030BD37B50D460DF1070262210446FFF707
:1043C000B1FF68B19DF8072022F002022A43622162
:1043D00020468DF80720FFF7ADFF003018BF012001
:1043E00003B030BD37B50D460DF10702622104461A
:1043F000FFF798FF68B19DF8072022F010022A43CA
:10440000622120468DF80720FFF794FF003018BF87
:10441000012003B030BD70B506464D1C68246A1EED
:1044200021463046FFF77EFF78B1611C2A46C9B2AB
:104430003046FFF777FF38B10234E4B26E2C05F155
:104440000205ECD1012000E070BD70BD3222027186
:1044500000220160427170471FB50C4601A9FFF7A9
:10446000CBFE38B1019B2360029B6360039BA3607A
:10447000002000E0012004B010BD0000F7EE007A3B
:10448000B4EEE70AF1EE10FA08B525D9F2EE047A97
:10449000B4EEE70AF1EE10FA20D9F3EE097AB4EEA1
:1044A000E70AF1EE10FA1BD9DFED137AB4EEE70A52
:1044B000F1EE10FA16D9DFED117AB4EEE70AF1EE5B
:1044C00010FA11D9DFED0E7AB4EEE70AF1EE10FA28
:1044D00094BF6021702108E0102106E0202104E053
:1044E000302102E0402100E05021FFF7ECFDB0FA5E
:1044F00080F0400908BD00BF000048420000C842EB
:104500000000484310B54379012B044607D090EDD5
:10451000020AFFF7B3FF012802D0012363710020D4
:1045200010BDF0EE007AB4EEE70AF1EE10FA08B52D
:1045300010D9F1EE007AB4EEE70AF1EE10FA0BD9D9
:10454000F2EE007AB4EEE70AF1EE10FA94BF202101
:10455000302102E0002100E01021FFF7DAFDB0FA7F
:1045600080F0400908BD000010B580210446FFF727
:10457000F6FD08B9012010BD00212046FFF708FE16
:104580000028F7D000212046FFF79DFD0028F1D03C
:10459000B0EE000A2046FFF7C4FF0128EAD001214F
:1045A0002046FFF738FD0028E4D002212046FFF71F
:1045B0004BFD0028DED004212046FFF75EFD0028D9
:1045C000D8D00020014B6071A36010BD0000C8422C
:1045D00008B5C021FFF706FDB0FA80F0400908BD1C
:1045E00037B504460D460DF105012046FFF7EDFCF9
:1045F00008B9012026E09DF80530042BF3D10DF118
:1046000006020D212046FFF7CBFC0028F1D001AABD
:104610000C212046FFF7C4FC0028EAD0BDF8062094
:104620009DF80430DFED086A03EB02231BB207EEAE
:10463000903AF8EEE77AB3EE097AA7EEA67A002070
:1046400085ED007A03B030BD0000803BF8B50D4623
:10465000017904464908006816461F46FCF77BFFAF
:104660002068036829461B6898473546AB1B9F4264
:1046700006DD206815F8011B03681B689847F5E7FD
:1046800001212068FCF771FF0020F8BDF8B50F4646
:10469000017904464908006815461E46FCF75BFF91
:1046A0002068036839461B68984700212068FCF79A
:1046B0005CFF21792068F2B24908FCF749FF013D0F
:1046C000206803689B68984730B120680368DB68FE
:1046D000984705F8010FF3E7F8BD3C22016002712D
:1046E000704708B50021FFF732FEB0FA80F04009AC
:1046F00008BD37B500240D4669460094ADF8044066
:10470000FFF789FE50B1BDF800302B80BDF80230B4
:104710006B80BDF80430AB80204600E0012003B080
:1047200030BD13B50C466946FFF7E3FF012826D0DC
:10473000BDF9003007EE103AB8EEC77AF7EE086A16
:1047400027EE267ABDF90230BDEEC77A002084ED4F
:10475000007A07EE103ABDF9043007EE903AB8EE51
:10476000C77AF8EEE77A27EE267A67EEA67ABDEEEC
:10477000C77AFDEEE77A84ED017AC4ED027A02B0E1
:1047800010BD0000F2EE047AB4EEE70AF1EE10FA82
:1047900008B510D9F3EE047AB4EEE70AF1EE10FA98
:1047A0000BD9DFED097AB4EEE70AF1EE10FA94BF07
:1047B00008210C2102E0002100E00421FFF7E0FDC8
:1047C000B0FA80F0400908BD0000484210B502214F
:1047D0000446FFF7BCFD08B9012010BD102120469A
:1047E000FFF700FE0028F7D09FED070A2046FFF7ED
:1047F000C9FF0128F0D000212046FFF7DAFDB0FA0A
:1048000080F0400910BD00BF0000C842F8B50D4659
:10481000017904464908006816461F46FCF79BFECE
:104820002068036829461B6898473546AB1B9F42A2
:1048300006DD206815F8011B03681B689847F5E73B
:1048400001212068FCF791FE0020F8BDF8B50F4665
:10485000017904464908006815461E46FCF77BFEB0
:104860002068036839461B68984700212068FCF7D8
:104870007CFE21792068F2B24908FCF769FE013D0F
:10488000206803689B68984730B120680368DB683C
:10489000984705F8010FF3E7F8BD002242710022A6
:1048A000C260826070472DE9F04700240F46047013
:1048B00044708470C4700471064601213846154660
:1048C00001F054FC2146384601F07AFC284601F0FC
:1048D00035FB3846214601F049FC2820013800BF4D
:1048E00000BF00BF00BF00BF00BF00BF00BF00BFD0
:1048F00000BF00BF00BF00BF00BF00BF00BF00BFC0
:1049000000BF00BF00BF00BF00BF00BF00BF00BFAF
:1049100000BF00BF00BF00BF00BF00BF00BF00BF9F
:1049200000BF00BF00BF00BF00BF00BF00BF00BF8F
:1049300000BF00BF00BF00BF00BF00BF00BF00BF7F
:1049400000BF00BF00BF00BF00BF00BF00BF00BF6F
:1049500000BFC3D14FF4C864384601F04DFC38B9EC
:10496000013CA4B2002CF7D16FF00100BDE8F08744
:104970004FF4C864384601F03FFC012804D1013CE3
:10498000A4B2002CF6D1EFE728244FF000088025D0
:104990004FF4C869384601F02FFC38B909F1FF39E6
:1049A0001FFA89F9B9F1000FF4D1DDE701F0AEFA91
:1049B0004FF4C8698246384601F01EFC012807D131
:1049C00009F1FF391FFA89F9B9F1000FF3D1CBE7EB
:1049D00001F09CFACAEB0000282882BF16F80830C4
:1049E0002B4306F808306D1008BF08F1010804F1E8
:1049F000FF3412BFEDB25FFA88F8802514F0FF048F
:104A0000C6D12046BDE8F08743792DE9F04704463A
:104A100003B172B612222046FFF745FF637903B156
:104A200062B620B1264BA360E360BDE8F0876578ED
:104A300094F800A0284602F0DDF91FA3D3E9002373
:104A400002F03EFA064650460F4602F0D3F90246FF
:104A50000B463046394602F081F802F013FDA67885
:104A6000A06006F07F0002F0C5F9E778804638467E
:104A7000894602F0BFF910A3D3E9002302F020FA1F
:104A80000B4602464946404602F068F802F0FAFC3E
:104A900007EE900A0AEB050035183D4420793306ED
:104AA000EDB248BFF1EE677A401BC4ED037A18BF40
:104AB0004FF0FF30BDE8F0879A9999999999B93FDD
:104AC00000C079C4000000002DE9F0432DED068BF5
:104AD000B0EE40AAF0EE60AAB0EE419AF0EE619A14
:104AE000B54C8BB000F094F994F90030B0EE408AE8
:104AF000F0EE608A013306D0B0EE490AF0EE690AA2
:104B000000F0EEFF40B9B0EE480AF0EE680A0BB0D4
:104B1000BDEC068BBDE8F083B0EE4A0AF0EE6A0AFF
:104B200000F0DEFF054648BB0022002351EC190BC4
:104B300002F02EFC0028E6D0A04A94F90030089537
:104B40009FED9B0B01218DE806005A1C8DED02ABF9
:104B50008DED049B8DED060BD9D0022BD7D0684686
:104B600000F0ECFF002800F09480089B1BB102F0DD
:104B7000D7FE089B03609DED060BC8E700260027C3
:104B800051EC1A0B32463B4602F002FCD8B13246D9
:104B90003B4651EC190B02F0FBFB054600284FD0B9
:104BA000864A94F900300192012100228DED02AB7A
:104BB0008DED049BCDE9066700910892002BCED0C5
:104BC0009FED7B0BA3E7B0EE480AF0EE680A00F019
:104BD0007FFF0546002861D00026002751EC180B06
:104BE00032463B4602F0D4FB00288CD0B0EE4A0A95
:104BF000F0EE6A0A00F06CFF002884D0B0EE490A9B
:104C0000F0EE690A00F064FF00283FF47CAF94F9ED
:104C100000306A4A019204210022022B8DED02AB82
:104C20008DED049BCDE90667009108926BD0684634
:104C300000F084FF002866D0089B002B9BD096E7ED
:104C4000B0EE490AF0EE690A00F042FF00283FF496
:104C50005AAF32463B4651EC190B02F0A3FB002839
:104C60003FF451AF554A2378089501218DED02ABF1
:104C70008DED049B8DE80600002B41D050490020AB
:104C8000022BCDE9060135D102F04AFE2123036053
:104C9000D2E702F045FE2123036066E7B0EE4A0A40
:104CA000F0EE6A0A00F014FF002895D0B0EE490A31
:104CB000F0EE690A00F00CFF00288DD0B0EE480A33
:104CC000F0EE680A00F00CFF10BB3C4B2478089013
:104CD00001228DED02AB8DED049B8DE80C007CB1C3
:104CE00032463B463046394602F014FA022CCDE9F2
:104CF0000601C9D0684600F021FF00289CD1C3E717
:104D0000CDE90667F6E702F00BFE2223036093E786
:104D10002A4A94F90030089503218DED02AB8DED00
:104D2000049B8DE80600BBB9DFF8A0904FF0604807
:104D300032463B4651EC1A0BCDE9068902F032FBB4
:104D4000E0B9684600F0FAFE00287FF40EAF02F0EA
:104D5000E7FD2223036008E7DFF874904FF00008B6
:104D600032463B4651EC1A0BCDE9068902F01AFB9C
:104D700080BB94F90030022BE3D1E8E70022114B0D
:104D800051EC190B02F09CF806460F4647EC106BED
:104D900000F0DEFE304653EC102B394602F0F8FAF4
:104DA0000028E6D1084B4FF06042CDE90623E0E74A
:104DB000000000000000F03F5800002004460300FF
:104DC0000000F0FF0000E03FFFFFEFC7FFFFEF47ED
:104DD0000000F07F00220C4B51EC190B02F070F830
:104DE00006460F4647EC106B00F0B2FE304653EC1F
:104DF000102B394602F0CCFA0028BAD1034B00221E
:104E0000CDE90623B5E700BF0000E03F0000F0FF5A
:104E10002DE9F04F51EC110B21F0004858EA000445
:104E200093B03CD053EC102B6D4E23F00044B442B1
:104E300010EE10AA1D462BDC894611EE10EA26D092
:104E4000B04525DC664EB04577D0002D16461F468E
:104E5000CDE9000175DB4FF0000BBEF1000F2DD145
:104E60005F4B984500F089805E4B98455ED0B9F164
:104E7000804F00F0DE835C4B99451FD1002D1DDB78
:104E800047EC106B13B0BDE8F04F00F049BD5AB1CC
:104E900004F1404404F5801454EA0A0306D19FED5E
:104EA0004A0B13B0BDE8F08FA045CBDD4F4813B0DF
:104EB000BDE8F04F00F044BE4FF0000B47EC106B24
:104EC00000F0FEFD51EC100BBAF1000F1ED0ED0FFB
:104ED00005F1FF3A5BEA0A0363D0454B984540F37E
:104EE0008D8003F10473984540F33884414B9C4214
:104EF00062DDB9F1000F62DD35A3D3E9002310466E
:104F0000194601F0DDFF41EC100BCAE724B1354B27
:104F100025F040429A42DAD1B9F1000FC0F2CB83BA
:104F2000002DC0F2748341EC100BBAE7B9F1000F09
:104F3000C0F27A8447EC106BB3E7BEF1000F84D067
:104F4000A6E72D4B984529DCA3F15473984582DDE3
:104F50004FEA2853A3F2FF33142B40F37F84C3F1AD
:104F600034032EFA03F202FA03F39E457FF473AF83
:104F700002F00102C2F1020B6FE704F1404303F5B6
:104F8000801353EA0A038AD01A4B9C4240F385836C
:104F9000B9F1000F13DB9DED000B82E74FF0020B20
:104FA0005BE732463B461046194601F0D5FD024606
:104FB0000B4602F0AFF8B6E7B9F1000F9CDB9FEDAE
:104FC000060B6EE7AFF30080000000000000F03F2A
:104FD0009C7500883CE4377E000000000000000063
:104FE0000000F07F0000F03F0000E03F08460300B3
:104FF0000000E041FFFFEF3FFFFF3F43B4F5801F9C
:105000004FF0000205DAD64B01F05AFF6FF0340280
:105010000C462315D34EC4F31304A3F2FF331344F9
:1050200044F07F55B4421A460D9345F4401540F3C1
:105030004983CD4B9C4240F32D849FEDB37B8DED96
:10504000087B8DED0E7B9FEDB27B13468DED067BCD
:1050500001330D93A5F580154FF00008DDE9062317
:105060002946CDE90A0101F077FDDDE90623064670
:105070000F46DDE90A0101F071FD02460B460020F2
:10508000BA4902F047F803460C46CDE9103402460F
:105090000B463046394601F013FF6B1043F00053C6
:1050A00003F5002303EB08050A4600230146CDE97A
:1050B00002120293DDE902890024CDE904122B4695
:1050C00022464046494601F0FBFE02460B4630466A
:1050D000394601F041FDDDE9062306460F4620462C
:1050E000294601F039FD02460B46DDE90A0101F0CF
:1050F00033FD42464B4601F0E3FE02460B46304686
:10510000394601F029FDDDE9102301F0D9FEDDE982
:105110000445CDE9060122462B462046294601F0EA
:10512000CFFE7DA3D3E9002304460D4601F0C8FE5F
:105130007BA3D3E9002301F011FD22462B4601F0A9
:10514000BFFE79A3D3E9002301F008FD22462B46D8
:1051500001F0B6FE76A3D3E9002301F0FFFC22465E
:105160002B4601F0ADFE74A3D3E9002301F0F6FC59
:1051700022462B4601F0A4FE71A3D3E9002301F0DF
:10518000EDFC224606460F462B462046294601F0F6
:1051900097FE02460B463046394601F091FE4246E4
:1051A00004460D464B46DDE9040101F0D7FCDDE97C
:1051B000062301F085FE22462B4601F0CFFC424635
:1051C00006460F464B464046494601F079FE00220E
:1051D000674BCDE90A0101F0C1FC32463B4601F0C4
:1051E000BDFC02980D46044622462B4640464946E1
:1051F00001F066FE0022804689465D4B2046294626
:1052000001F0AAFCDDE90A2301F0A6FC02460B46E8
:105210003046394601F0A0FCDDE9042301F050FEE0
:10522000224606460F462B46DDE9060101F048FE00
:1052300002460B463046394601F090FC06460F46C2
:1052400002460B4640464946CDE9048901F086FCFA
:1052500002983DA3D3E9002304460D4601F030FE39
:10526000DDE90423804689462046294601F074FC86
:1052700002460B463046394601F06EFC34A3D3E9B2
:10528000002301F01DFE34A3D3E9002306460F4698
:105290002046294601F014FE02460B4630463946A8
:1052A00001F05CFCDDE90E2301F058FC06460D9888
:1052B0000F4601F09FFD324604460D463B464046F0
:1052C000494601F04BFCDDE9082301F047FC22468A
:1052D0002B4601F043FC029822462B46CDE9020101
:1052E00001F03AFCDDE9082301F036FC42464B466A
:1052F00001F032FC02460B463046394601F02CFCE8
:105300008046894636E000BF000000000000000033
:10531000000000000000F03FEF4E454A287ECA3FE3
:1053200065DBC9934A86CD3F01411DA96074D13F19
:105330004D268F515555D53FFFAB6FDBB66DDB3F2B
:10534000033333333333E33F000000E009C7EE3F5C
:10535000FD033ADC09C7EE3FF5015B14E02F3EBECA
:10536000000040438E98030079B60B000000F03F28
:10537000000008400BF1FF3353EA0A0300F0888174
:105380009FEDD77B8DED067BDDE900AB53465C4698
:10539000CDE9003400230093DDE900455046224664
:1053A0002B46594601F0D8FBDDE9022301F088FDC8
:1053B000524606460F465B464046494601F080FD90
:1053C00002460B463046394601F0C8FB224680466D
:1053D00089462B46DDE90201CDE9048901F070FD23
:1053E0000B46024606460F464046494601F0B6FBCC
:1053F000D54B994204460D468A4640F3238101F17C
:105400003F4303F5E003034340F01882B6A3D3E91A
:105410000023DDE9040101F0A1FB32468046894604
:105420003B462046294601F097FB02460B46404684
:10543000494601F0D5FF002840F00082A8464FEA17
:1054400028534FF48012A3F2FE3342FA03F353447D
:10545000C3F30A52BD4DA2F2FF321541C3F3130B41
:105460000020C2F1140423EA05014BF4801BBAF1B9
:10547000000F02460B464BFA04FB30463946B8BFD4
:10548000CBF1000B01F068FB02460B4606460F46C7
:10549000DDE9040101F062FB4FEA0B5A002494A3FA
:1054A000D3E9002320460D4601F00AFD324680462E
:1054B00089463B462046294601F04EFB02460B46F4
:1054C000DDE9040101F048FB8BA3D3E9002301F0DF
:1054D000F7FC8BA3D3E9002306460F462046294656
:1054E00001F0EEFC02460B463046394601F036FB31
:1054F00006460F4602460B464046494601F02EFB43
:1055000042464B4604460D4601F026FB02460B463A
:105510003046394601F020FB2246804689462B461C
:105520002046294601F0CCFC77A3D3E900230646A8
:105530000F4601F0C5FC76A3D3E9002301F00CFB74
:1055400032463B4601F0BCFC73A3D3E9002301F0D3
:1055500005FB32463B4601F0B3FC71A3D3E90023BF
:1055600001F0FAFA32463B4601F0AAFC6EA3D3E9F9
:10557000002301F0F3FA32463B4601F0A1FC02465B
:105580000B462046294601F0E7FA06460F4602463A
:105590000B462046294601F093FC0022CDE900018C
:1055A0004FF080433046394601F0D6FA02460B46AA
:1055B000DDE9000101F0AEFD424606460F464B46CE
:1055C0002046294601F07CFC42464B4601F0C6FAD3
:1055D00002460B463046394601F0BEFA22462B46BB
:1055E00001F0BAFA02460B460020594901F0B4FA1C
:1055F0008A44BAF5801F02460B46C0F25B815146D1
:10560000DDE9062301F05CFC41EC100B49E404F1F8
:10561000404404F5801454EA0B0300F03781BBF1D9
:10562000010F7FF480AC024601F1004343EC102BE4
:1056300037E432463B463046394601F041FC41EC06
:10564000100B2EE4434B21F00048984540F31581A0
:10565000414B0B4403430CD132463B4601F07CFAEC
:1056600002460B46DDE9040101F0A6FE00283FF4E6
:10567000E6AE2FA3D3E90023DDE9060101F020FC0B
:105680002BA3D3E9002301F01BFC41EC100B08E431
:105690009FED297B8DED067B76E6B9F1000FBFF615
:1056A0008EACDDE9003400EE103A04F1004300EE68
:1056B000903AFFF7F6BB02460B460020244901F062
:1056C00029FD2DE49FED1E7B8DED087B8DED0E7B7E
:1056D0009FED037B4FF000088DED067BBEE400BF1D
:1056E000000000000000F03FFE822B654715973C4C
:1056F00000000000432EE63FEF39FAFE422EE63F5F
:10570000396CA80C615C20BED0A4BE726937663EBD
:10571000F16BD2C541BDBB3E2CDE25AF6A56113FB1
:1057200093BDBE166CC1663F3E5555555555C53F98
:1057300059F3F8C21F6EA501000000000000F0BF81
:105740000000000000000000FFFF8F40FFFF0F007F
:105750000000F03FFFCB904000346F3F6C4B9C4209
:105760007FF72AAC6B4B9C423FF7C3AB0022694BDF
:1057700001F0F2F956A3D3E9002304460D4601F0E7
:105780009FFB55A3D3E9002380468946204629463E
:1057900001F096FB0022CDE902015F4B204629462D
:1057A00001F08EFB02460B464DA1D1E9000101F04C
:1057B000D3F922462B4601F083FB02460B4600201C
:1057C000564901F0C9F922462B4606460F462046A7
:1057D000294601F075FB02460B463046394601F07A
:1057E0006FFB41A3D3E9002301F06AFB02460B469D
:1057F000DDE9020101F0B0F902460B4604460D4610
:105800004046494601F0AAF942464B460020CDE900
:10581000020101F0A1F902460B462046294601F09B
:105820009BF980468946A5E532463B46002039492A
:1058300001F070FC41EC100BFFF733BB2CA3D3E954
:105840000023DDE9060101F03BFB29A3D3E9002396
:1058500001F036FB41EC100BFFF723BBBEF1000F4C
:105860007FF42AABC3F1140348FA03F202FA03F3FC
:10587000984527D0F346FFF7F7BA284B98453FF7EE
:10588000DEADDDE900349A469B4607E602460B464C
:10589000FFF789BB9FED187B8DED087B9FED187B93
:1058A0008DED0E7B9FED187B4FF480288DED067BF0
:1058B000FFF7D4BB584643EC102B00F0DDF951EC58
:1058C000100B9DE602F00102C2F1020BFFF7CCBA09
:1058D000000000604715F73F44DF5DF80BAE543E13
:1058E000555555555555D53FFE822B654715F73F04
:1058F0009C7500883CE4377E0000004003B8E23F1E
:1059000006D0CF43EBFD4C3E000000000000F83F06
:10591000FEFFEF3F0000F03F0000D03F0000E03FFF
:105920002DE9F041654955EC104B0E462940B14236
:1059300000F09780002D2B4610EE102A74DD2F15F5
:105940007FD0A7F2FF37C3F31303F90743F48013A3
:1059500065D403EBD27100260B447F105200B6468B
:1059600016204FF400110EEB01049C424FEAD27551
:105970004FEA420203DC1B1B04EB010E0E4401380C
:1059800005EB43034FEA5101EDD1844620244FF04B
:10599000004109E020D003EBD275013C4FEA5101F0
:1059A0002B444FEA420220D09E4501EB0C05F1DA70
:1059B000002D05EB010C09DBF0469542CEEB03030D
:1059C00000D9013B521B0844C646E4E7BCF1000F76
:1059D000F2DB0EF10108F0E795421ED8002D05EB31
:1059E000010C50DB98460023ECE7134304D0421C23
:1059F0004DD000F00103184440087110F30701F185
:105A00007F5101F5001148BF40F0004001EB075302
:105A1000024643EC102BBDE8F0817346BBE75B0008
:105A200003EBD273520094E725F00041214328D0C4
:105A3000ADBB2F46D30A153F5205002BFAD0DD022D
:105A400028D4002100E001465B00DC0201F10100E6
:105A5000F9D5C0F1200422FA04F423437F1A8240CE
:105A60006FE710EE102A2B4610EE100A294601F0BF
:105A700027FA22462B4601F071F841EC100BBDE8E5
:105A8000F081BDE8F081BCF1000FABDBA1E701368E
:105A90002046B2E720244FF0FF310020DBE710EE74
:105AA000102A2B462046294601F056F802460B469E
:105AB00001F030FB41EC100BBDE8F0810000F07FFD
:105AC00053EC102B23F0004343EC102B704700BF26
:105AD00010EE903A43F0004000F58010C00F704780
:105AE00053EC102B33F0004110B408D01148A3F54B
:105AF0008014844208D804205DF8044B70471AB91A
:105B000002205DF8044B704703F1FF43094803F599
:105B1000E0038342EFD9B1F5801F01D20320EBE708
:105B2000054B994201D00020E6E7B2FA82F0400925
:105B3000E2E700BFFFFFDF7F0000F07F002070473B
:105B40009FED010B704700BF000000000000F87FD0
:105B5000F0B553EC102BC3F30A56A6F2FF3013280E
:105B600083B019464FEAD37410EE105A2FDC002888
:105B700049DB3F4E064103EA060717432CD076085F
:105B800033401D430CD04FF48023132821EA06062E
:105B900043FA00F141EA06010CBF4FF00045002531
:105BA000344800EBC4042A46D4E9004510462B468D
:105BB000224600F0D3FFCDE9000122462B46DDE965
:105BC000000100F0C9FF41EC100B03B0F0BD332819
:105BD00006DDB0F5806F42D043EC102B03B0F0BD72
:105BE000A6F213464FF0FF30F0400242F4D04008D6
:105BF0000242D5D04FF0804325EA000043FA06F672
:105C000046EA0005CCE723F00040104310EE107A7E
:105C1000E2D0C3F313000743784207431548590CF9
:105C20003F0B490407F4002700EBC40047EA0103D7
:105C3000D0E90067194610463B46324600F08EFF19
:105C4000CDE900013B463246DDE9000100F084FF6A
:105C500021F0004343EAC47141EC100BBEE710EEA3
:105C6000100A194600F07AFF41EC100BB6E700BFAE
:105C7000FFFF0F001046030053EC102B70B5C3F369
:105C80000A541946054614BB23F0004111432AD09B
:105C900019460022384B394E10EE100A01F010F967
:105CA000B54202460B461FDBC1F30A54363C2C4476
:105CB00040F2FE7084421FDC002C2DDD21F0FF41FC
:105CC00021F4E00141EA045343EC102B70BD40F293
:105CD000FF708442EBD110EE100A194600F03EFF2F
:105CE00041EC100B70BD70BD1FA3D3E9002301F080
:105CF000E7F841EC100B70BD43EC112B9FED1C0B32
:105D000000F040F81AA3D3E9002351EC100B01F086
:105D1000D7F841EC100B70BD14F1350F13DA4CF2CB
:105D200050318D4243EC112BE8DC9FED0F0B00F05E
:105D300029F80DA3D3E9002351EC100B01F0C0F8B2
:105D400041EC100B70BD21F0FF4121F4E00136342D
:105D500041EA0453104619460022094B01F0B0F8FD
:105D600041EC100B70BD00BF59F3F8C21F6EA501C6
:105D70009C7500883CE4377E00005043B03CFFFF38
:105D80000000903C53EC102B11EE900A23F00041E0
:105D900000F0004041EA000343EC102B704700BFC5
:105DA0000649074A074B9B1A03DD043BC858D050ED
:105DB000FBDC00F013F8FAF775FA0000C0490300A5
:105DC0000000002038010020FEE7FEE7FEE7FEE7C6
:105DD000FEE7FEE7FEE7FEE7FEE7FEE73A4B1A685E
:105DE0000D2A1FD01B680D2B26D0374B1B680D2B9F
:105DF00009D14FF08043D3F80024D20703D56FF0C8
:105E00000102C3F80024314AD2F8883043F4700309
:105E1000C2F88830BFF34F8FBFF36F8F2C4B2D4AE2
:105E20001A6070474FF080420021C2F80C11C2F88E
:105E30001011C2F83815D5E74FF08052264BD2F832
:105E40000414C3F82015D2F80814C3F82415D2F8A6
:105E50000C14C3F82815D2F81014C3F82C15D2F876
:105E60001414C3F83015D2F81814C3F83415D2F846
:105E70001C14C3F84015D2F82014C3F84415D2F806
:105E80002414C3F84815D2F82814C3F84C15D2F8D6
:105E90002C14C3F85015D2F83014C3F85415D2F8A6
:105EA0003414C3F86015D2F83814C3F86415D2F866
:105EB0003C14C3F86815D2F84014C3F86C15D2F836
:105EC0004424C3F8702590E73001001000ED00E095
:105ED0005C0000200090D00300C00040094B19680E
:105EE000094B30B5D3F804050A060B0A02434FF4F8
:105EF0007A71A2FB014501FB0355E00B40EA4540E6
:105F000030BD00BF3805002000100140084B196863
:105F1000084B30B5D3F804050A060B0A06490243BC
:105F2000A2FB014501FB0355E00B40EA454030BDB3
:105F3000380500200010014040420F0038B50446EB
:105F400048B1FFF7CBFF054600F01AF8FFF7C6FF90
:105F5000401B8442F8D838BD074B0022C3F8042107
:105F600082B0D3F80431054A0193019B13680133D1
:105F7000DBB2136002B0704700100140380500200A
:105F800070470000222837B500F293804A4B53F83F
:105F90002030052B19D007D8032B12D013D8022B91
:105FA00040F08780012215E01D2B10D003D81C2B58
:105FB0007FD105220EE01E2B0BD01F2B79D108229A
:105FC00008E0022206E0032204E0042202E00622A6
:105FD00000E00722394B1968082908DD0A2909DD84
:105FE0000D29B5BF0C240E240223032304E008244A
:105FF000002301E00A2401233148C0F8F0350123D1
:10600000C0F8003500200546030103F1804303F585
:10601000E04301300828C3F81455C3F81055F3D1F4
:10602000284B1868284B1B6800021B0303F480539D
:1060300000F4E0601843224BC3F81805C3F8142598
:10604000C3F810250DF10602C3F82C260122C3F86F
:1060500030261A60D3F80001194A0028FAD000232C
:10606000C2F8003101235360D2F80401144B002818
:10607000FAD00022C3F8042101229A60D3F8142137
:10608000002AFBD00E4A0023C2F81431BDF90620C5
:106090009A420B4AB8BFADF806308C42C2F80035C0
:1060A000BDF9060006D08BBF611A091BC8408840A5
:1060B00000E0002003B030BD7845030078000020E8
:1060C000007000407400002044050020222830B5F4
:1060D00041D8214B214C53F82000002254F82230A3
:1060E0005D1C33D11D4B1E4C43F822001D4D1E4B31
:1060F000246853F822306FEA41416FEA514125F894
:106100001210012101FA04F4C3F86005013CC3F840
:10611000640505EB4202C3F86805C3F86C0500206E
:10612000C3F80015C3F80C05C3F80405C3F8084507
:10613000C3F81405C3F81005C3F82025C3F82415C7
:10614000C3F82815C3F82C05996030BD9842C9D012
:106150000132042AC2D130BD78450300600000201E
:10616000700000203C05002020460300222821D892
:10617000114B124A53F8203013F0200F08BF4FF094
:10618000A04203F01F03032914D8DFE801F0020E38
:10619000060A03F5E07300210AE003F5E0730C2121
:1061A00006E003F5E073042102E003F5E073032148
:1061B00042F82310704700BF7845030000030050E9
:1061C000222813D80A4B53F820200A4B12F0200F34
:1061D00002F01F004FF0010208BF4FF0A0438240C1
:1061E00011B9C3F80C257047C3F80825704700BFE4
:1061F0007845030000030050222811D8094B53F8BA
:106200002000094B10F0200F08BF4FF0A04300F012
:106210001F00D3F8103523FA00F000F0010070479A
:106220000020704778450300000300502DE9F0413D
:1062300006460D4601EB02080C464445A4EB050753
:1062400007D0336814F8011B1B68304698470028B4
:10625000F3D13846BDE8F08170B505460C460846D6
:1062600049B102F037FA2B680246214628465B689E
:10627000BDE87040184770BD03688A685B680968AC
:10628000184708B5FFF7E8FF08BD03681B68184703
:1062900008B50249FFF7E0FF08BD00BF3046030024
:1062A00038B50546FFF7E8FF04462846FFF7F0FF3C
:1062B000204438BD38B50546FFF7CEFF04462846D2
:1062C000FFF7E6FF204438BDF0B58BB000238DF812
:1062D0002430012A98BF0A220DF12305B1FBF2F404
:1062E00002FB1416F3B2092E94BF30333733DBB2FE
:1062F0002F46214605F80139002CEFD13946FFF72A
:10630000ABFF0BB0F0BD10B42AB903685DF8044BC5
:106310001B68C9B21847D2B25DF8044BFFF7D4BF6F
:1063200038B50546FFF7EFFF04462846FFF7B0FFF4
:10633000204438BD2DE9F04107460E4615462AB9DE
:106340000368C9B21B68BDE8F04118470A2A02D1A8
:10635000002901DA04E0D2B2BDE8F041FFF7B4BF92
:106360002D21FFF792FF2A46044671423846FFF777
:10637000ABFF2044BDE8F081FFF7DCBF38B5054630
:10638000FFF7D8FF04462846FFF782FF204438BDB8
:1063900038B50546FFF7CEFF04462846FFF778FFDD
:1063A000204438BD2DE9F843804657EC106B0D466C
:1063B000FFF796FB08B9424910E047EC106BFFF776
:1063C0008FFB012801D13F4908E04FF060423E4B6E
:1063D0003046394601F004F828B13C494046FFF701
:1063E0003BFFBDE8F8834FF06042394B30463946F9
:1063F00000F0D8FF0028F0D10022002330463946B3
:1064000000F0D0FF40B12D214046FFF73EFF07F1DD
:10641000004304461F4600E004462E494FF00009A1
:1064200000205FFA89F39D4206D900222A4B00F032
:1064300071FE09F10109F4E732463B4600F08EFB9C
:106440000F46064600F0FEFF0A22014681464046FE
:10645000FFF73AFF04447DB3484600F0BBFC024618
:106460000B463046394600F077FB06460F4640465D
:106470001A49FFF7F1FE0444174B00223046394613
:1064800000F01EFD0F46064600F0B4FF0A2201464A
:1064900081464046FFF74EFF0444484600F0AAFC00
:1064A00002460B463046394600F056FB013D15F0DA
:1064B000FF0506460F46DFD12046BDE8F88300BF42
:1064C0003346030037460300FFFFEF413B4603001E
:1064D000FFFFEFC10000E03F0000244089440300BB
:1064E000C9B2FFF75FBF38B5C9B20546FFF75AFF1B
:1064F00004462846FFF7CCFE204438BD10B54022A4
:106500000446002101F079FA0023236463642046E5
:1065100010BD026C10B5531C446C03F03F039C4249
:106520001CBF8154036410BD00230364436470479F
:10653000436C026C93421FBFC25C013303F03F0304
:10654000436414BF10464FF0FF307047036C406C3B
:10655000181A48BF40307047436C026C934214BF16
:10656000C05C4FF0FF307047036C406C013303F0A8
:106570003F031B1A58425841704710B50446FFF7B5
:10658000ADFCE06023682046DB689847002808DA05
:10659000FFF7A4FCE368C01AA3689842F2D34FF057
:1065A000FF3010BD8160704738B50D46074904467D
:1065B00000F0AAF92846FFF7E0FF002804DBC1B28B
:1065C000204600F019FAF5E7204638BD32460300B0
:1065D0000120704703681322DB691847704703697D
:1065E000C3F81C15D3F81C21002AFBD00022C3F8E5
:1065F0001C2101207047000090F85C305AB252090B
:1066000010B4012120320F4C03F01F0301FA03F3F1
:1066100044F8223003695DF8044B0422C3F80823D0
:1066200000225960D960C3F800254FF0FF32C3F84B
:106630000C251430C3F81425C3F80825C3F8102519
:10664000FFF772BF00E100E01430FFF77FBF1430A6
:10665000FFF782BF1430FFF76BBF0000026990F8AC
:106660005E3030B5C2F80C3590F85D30C2F81435A4
:1066700090F86130012B01BF90F85F40C2F81045DF
:1066800090F86040C2F8084518BF0023B1F5966F36
:10669000C2F86C352ED9B1F5166F2ED9B1F5965FCB
:1066A0002ED9B1F5165F2DD9B1F5615F2CD9B1F5B1
:1066B000964F2BD9B1F5E14F2AD9B1F5164F29D90B
:1066C000B1F5614F29D9B1F5963F29D9B1F5E13F2F
:1066D00028D9B1F5613F28D9344B994228D9B1F571
:1066E000E12F28D9B1F5612F8CBF4FF080534FF0C7
:1066F000706322E04FF49E231FE04FF41D231CE043
:106700002B4B1AE02B4B18E02B4B16E02B4B14E0D5
:106710002B4B12E04FF41D030FE04FF46B030CE022
:10672000284B0AE04FF0EB7307E04FF06C7304E086
:106730004FF0806301E04FF0E863C2F82435002198
:106740000423C2F80035C2F80811C2F81C11012157
:1067500011609160C2F8043390F85C2053B2D2B259
:1067600002F01F055C09A9406034174D002B45F865
:10677000241006DA154B02F00F02134460221A7639
:1067800006E003F1604303F56143602283F80023D0
:1067900090F85C3001215AB203F01F0301FA03F3B1
:1067A0005209094941F8223030BD00BF90D00300A2
:1067B00000B013000050270000F03A0000A04E0087
:1067C00000C0750000903A0100E100E0FCEC00E040
:1067D0002DE9F0411E464FF47A73002583600E4B7D
:1067E0004560044640F8143B17468846FFF786FE8E
:1067F0000A4AC4F8108052F8263084F85D309DF8BB
:10680000183084F85C7052F8233084F85E3084F8D5
:1068100061502046BDE8F0814846030078450300FA
:106820000369D3F8082110B504464AB1D3F8181506
:106830001430C9B2FFF76DFE23690022C3F80821A6
:1068400010BD00000148FFF7EBBF00BF4805002066
:1068500007B5222300930222212303490348FFF7AF
:10686000B7FF03B05DF804FB00200040480500209E
:1068700010B5029C401AE41A6043521A90FBF2F0E1
:10688000184410BD10B50446006801F0A3F8204676
:1068900010BD10B50446006808B101F09BF8002354
:1068A0002360A360636010BD38B504460D460068E0
:1068B000013101F0E5FE10B184E82100012038BD6E
:1068C000036810B5044613B143688B4207D22046D3
:1068D000FFF7EAFF20B1A3680BB92268137001200B
:1068E00010BD70B50E46114604461546FFF7E8FF89
:1068F00018B92046FFF7CDFF04E0A56031462068B7
:1069000001F0E0FE204670BD38B500230446036068
:10691000436083600D4639B1084601F0DBFE29462D
:1069200002462046FFF7DDFF204638BD38B5054654
:1069300000680C4660B16A688B689A4206D30968A1
:1069400001F0C0FEA368AB6000230AE001F042F84A
:1069500023682B6063686B60A368AB6000232360CF
:106960006360A36038BD884210B50B46044607D06B
:10697000096819B19A68FFF7B4FF01E0FFF789FFD2
:10698000204610BD10B500230446036043608360B9
:10699000FFF7E9FF204610BD884210B5044601D03C
:1069A000FFF7C4FF204610BD38B505460C4641B17F
:1069B000084601F08FFE214602462846FFF791FF68
:1069C00001E0FFF766FF284638BD70B504460E4665
:1069D00009B9002070BD6AB18368D5182946FFF750
:1069E0006FFF0028F5D02068A3683146184401F0F5
:1069F00069FEA560012070BD07B500238DF8041065
:106A0000012201A98DF80530FFF7DFFF03B05DF823
:106A100004FB10B50446FFF7EFFF10B92046FFF75F
:106A200038FF204610BD826808B50B4612B919B967
:106A3000012008BD11B90368187802E0006801F070
:106A400037FEB0FA80F0400908BD83688B4203D955
:106A5000006810B1405C704700207047FFF7F5BF39
:106A600070B50E469AB191B185689D4202D8002357
:106A70000B7070BD541EED1A0168AC4228BF2C4645
:106A800019442246304601F042FE0023335570BDC2
:106A90002DE9F0419A420E461C46104988BF134624
:106AA0001546074684BF25461C46FFF72DFFB168F3
:106AB0008D420FD28C4228BF0C463368002213F857
:106AC00004801A55316838462944FFF76DFF336852
:106AD00003F804803846BDE8F08100BF3246030069
:106AE000FEE7704708B500F015F8FFF7FAFF012040
:106AF000FFF724FAF9F734FD034CF9F7B5FD002C44
:106B0000FBD0AFF30080F8E70000000000F05ABFB0
:106B100000F060BF0D4BE02283F811234FF40032E8
:106B2000C3F880211A604FF0804302220121C3F88C
:106B30001825996003F588330020C3F80805C3F8C9
:106B40000423C3F844231960704700BF00E100E04C
:106B500081F0004102E000BF83F0004330B54FEA0E
:106B600041044FEA430594EA050F08BF90EA020F7B
:106B70001FBF54EA000C55EA020C7FEA645C7FEA0E
:106B8000655C00F0E2804FEA5454D4EB5555B8BF31
:106B90006D420CDD2C4480EA020281EA030382EAA2
:106BA000000083EA010180EA020281EA0303362D34
:106BB00088BF30BD11F0004F4FEA01314FF4801C07
:106BC0004CEA113102D0404261EB410113F0004F19
:106BD0004FEA03334CEA133302D0524263EB4303D0
:106BE00094EA050F00F0A780A4F10104D5F1200E6E
:106BF0000DDB02FA0EFC22FA05F2801841F10001C9
:106C000003FA0EF2801843FA05F359410EE0A5F19C
:106C100020050EF1200E012A03FA0EFC28BF4CF0CD
:106C2000020C43FA05F3C01851EBE37101F0004583
:106C300007D54FF0000EDCF1000C7EEB00006EEB90
:106C40000101B1F5801F1BD3B1F5001F0CD349081A
:106C50005FEA30004FEA3C0C04F101044FEA445271
:106C600012F5800F80F09A80BCF1004F08BF5FEAF8
:106C7000500C50F1000041EB045141EA050130BDD8
:106C80005FEA4C0C404141EB010111F4801FA4F17B
:106C90000104E9D191F0000F04BF01460020B1FAD0
:106CA00081F308BF2033A3F10B03B3F120020CDA08
:106CB0000C3208DD02F1140CC2F10C0201FA0CF0E6
:106CC00021FA02F10CE002F11402D8BFC2F1200C4B
:106CD00001FA02F120FA0CFCDCBF41EA0C01904001
:106CE000E41AA2BF01EB0451294330BD6FEA04044A
:106CF0001F3C1CDA0C340EDC04F11404C4F1200235
:106D000020FA04F001FA02F340EA030021FA04F346
:106D100045EA030130BDC4F10C04C4F1200220FA9D
:106D200002F001FA04F340EA0300294630BD21FADB
:106D300004F0294630BD94F0000F83F4801306BFA1
:106D400081F480110134013D4EE77FEA645C18BF95
:106D50007FEA655C29D094EA050F08BF90EA020F2C
:106D600005D054EA000C04BF1946104630BD91EA24
:106D7000030F1EBF0021002030BD5FEA545C05D127
:106D80004000494128BF41F0004130BD14F5800466
:106D90003CBF01F5801130BD01F0004545F0FE41DA
:106DA00041F470014FF0000030BD7FEA645C1ABF0F
:106DB000194610467FEA655C1CBF0B46024650EA46
:106DC000013406BF52EA033591EA030F41F4002172
:106DD00030BD00BF90F0000F04BF0021704730B5F8
:106DE0004FF4806404F132044FF000054FF00001CD
:106DF00050E700BF90F0000F04BF0021704730B58E
:106E00004FF4806404F1320410F0004548BF404262
:106E10004FF000013EE700BF42004FEAE2014FEAB7
:106E200031014FEA02701FBF12F07F4393F07F4F92
:106E300081F06051704792F0000F14BF93F07F4FC4
:106E4000704730B54FF4607401F0004521F0004107
:106E500020E700BF50EA010208BF704730B54FF08D
:106E600000050AE050EA010208BF704730B511F092
:106E7000004502D5404261EB41014FF4806404F1CA
:106E800032045FEA915C3FF4DCAE4FF003025FEA4C
:106E9000DC0C18BF03325FEADC0C18BF033202EBD4
:106EA000DC02C2F1200300FA03FC20FA02F001FA2E
:106EB00003FE40EA0E0021FA02F11444C1E600BFCD
:106EC00070B54FF0FF0C4CF4E06C1CEA11541DBF80
:106ED0001CEA135594EA0C0F95EA0C0F00F0DEF84B
:106EE0002C4481EA030621EA4C5123EA4C5350EA30
:106EF000013518BF52EA033541F4801143F4801381
:106F000038D0A0FB02CE4FF00005E1FB02E506F011
:106F10000042E0FB03E54FF00006E1FB03569CF066
:106F2000000F18BF4EF0010EA4F1FF04B6F5007F6C
:106F300064F5407404D25FEA4E0E6D4146EB0606DE
:106F400042EAC62141EA55514FEAC52040EA5E5067
:106F50004FEACE2EB4F1FD0C88BFBCF5E06F1ED811
:106F6000BEF1004F08BF5FEA500E50F1000041EB48
:106F7000045170BD06F0004646EA010140EA0200F5
:106F800081EA0301B4EB5C04C2BFD4EB0C0541EA17
:106F9000045170BD41F480114FF0000E013C00F32C
:106FA000AB8014F1360FDEBF002001F0004170BD50
:106FB000C4F10004203C35DA0C341BDC04F1140469
:106FC000C4F1200500FA05F320FA04F001FA05F2F5
:106FD00040EA020001F0004221F0004110EBD370C2
:106FE00021FA04F642EB06015EEA430E08BF20EAEE
:106FF000D37070BDC4F10C04C4F1200500FA04F391
:1070000020FA05F001FA04F240EA020001F0004122
:1070100010EBD37041F100015EEA430E08BF20EA95
:10702000D37070BDC4F1200500FA05F24EEA020EDD
:1070300020FA04F301FA05F243EA020321FA04F00C
:1070400001F0004121FA04F220EA020000EBD370C3
:107050005EEA430E08BF20EAD37070BD94F0000FC3
:107060000FD101F00046400041EB010111F4801FF7
:1070700008BF013CF7D041EA060195F0000F18BFA8
:10708000704703F00046520043EB030313F4801FE4
:1070900008BF013DF7D043EA0603704794EA0C0F9E
:1070A0000CEA135518BF95EA0C0F0CD050EA4106B4
:1070B00018BF52EA4306D1D181EA030101F0004131
:1070C0004FF0000070BD50EA410606BF1046194659
:1070D00052EA430619D094EA0C0F02D150EA013665
:1070E00013D195EA0C0F05D152EA03361CBF1046A6
:1070F00019460AD181EA030101F0004141F0FE4145
:1071000041F470014FF0000070BD41F0FE4141F4C8
:10711000780170BD70B54FF0FF0C4CF4E06C1CEAC8
:1071200011541DBF1CEA135594EA0C0F95EA0C0F7D
:1071300000F0A7F8A4EB050481EA030E52EA033538
:107140004FEA013100F088804FEA03334FF0805559
:1071500045EA131343EA12634FEA022245EA111586
:1071600045EA10654FEA00260EF000419D4208BF37
:10717000964244F1FD0404F5407402D25B084FEAE4
:107180003202B61A65EB03055B084FEA32024FF490
:1071900080104FF4002CB6EB020E75EB030E22BFED
:1071A000B61A754640EA0C005B084FEA3202B6EBAD
:1071B000020E75EB030E22BFB61A754640EA5C005C
:1071C0005B084FEA3202B6EB020E75EB030E22BFEC
:1071D000B61A754640EA9C005B084FEA3202B6EBED
:1071E000020E75EB030E22BFB61A754640EADC00AC
:1071F00055EA060E18D04FEA051545EA16754FEA0E
:1072000006164FEAC30343EA52734FEAC2025FEA2B
:107210001C1CC0D111F4801F0BD141EA00014FF0BA
:1072200000004FF0004CB6E711F4801F04BF01438B
:107230000020B4F1FD0C88BFBCF5E06F3FF6AFAEA7
:10724000B5EB030C04BFB6EB020C5FEA500C50F137
:10725000000041EB045170BD0EF0004E4EEA1131BA
:1072600014EB5C04C2BFD4EB0C0541EA045170BDC1
:1072700041F480114FF0000E013C90E645EA060E05
:107280008DE60CEA135594EA0C0F08BF95EA0C0F33
:107290003FF43BAF94EA0C0F0AD150EA01347FF47B
:1072A00034AF95EA0C0F7FF425AF104619462CE752
:1072B00095EA0C0F06D152EA03353FF4FDAE1046B5
:1072C000194622E750EA410618BF52EA43067FF406
:1072D000C5AE50EA41047FF40DAF52EA43057FF496
:1072E000EBAE12E74FF0FF3C06E000BF4FF0010CA1
:1072F00002E000BF4FF0010C4DF804CD4FEA410C05
:107300007FEA6C5C4FEA430C18BF7FEA6C5C1BD0D1
:1073100001B050EA410C0CBF52EA430C91EA030F52
:1073200002BF90EA020F0020704710F1000F91EAAF
:10733000030F58BF994208BF90422CBFD8176FEA7D
:10734000E37040F0010070474FEA410C7FEA6C5C4B
:1073500002D150EA013C07D14FEA430C7FEA6C5C52
:10736000D6D152EA033CD3D05DF8040B704700BF7E
:107370008446104662468C461946634600E000BFCC
:1073800001B5FFF7B7FF002848BF10F1000F01BD9E
:107390004DF808EDFFF7F4FF0CBF012000205DF869
:1073A00008FB00BF4DF808EDFFF7EAFF34BF0120EE
:1073B00000205DF808FB00BF4DF808EDFFF7E0FF87
:1073C00094BF012000205DF808FB00BF4DF808EDD8
:1073D000FFF7CEFF94BF012000205DF808FB00BF3F
:1073E0004DF808EDFFF7C4FF34BF012000205DF821
:1073F00008FB00BF4FEA410212F5001215D211D569
:107400006FF47873B3EB625212D94FEAC12343F0A1
:10741000004343EA505311F0004F23FA02F018BF23
:10742000404270474FF00000704750EA013005D1EC
:1074300011F0004008BF6FF0004070474FF00000AF
:10744000704700BF4A0011D212F5001211D20DD5BB
:107450006FF47873B3EB62520ED44FEAC12343F05A
:10746000004343EA505323FA02F070474FF0000004
:10747000704750EA013002D14FF0FF3070474FF0B3
:10748000000070474FEA4102B2F1E04324BFB3F578
:10749000001CDCF1FE5C0DD901F0004C4FEAC0028B
:1074A0004CEA5070B2F1004F40EB830008BF20F06F
:1074B0000100704711F0804F21D113F13872BCBF29
:1074C00001F00040704741F480114FEA5252C2F17E
:1074D0001802C2F1200C10FA0CF320FA02F018BFC7
:1074E00040F001004FEAC1234FEAD32303FA0CFC1A
:1074F00040EA0C0023FA02F34FEA4303CCE77FEAA9
:10750000625307D150EA01331EBF4FF0FE4040F4F2
:107510004000704701F0004040F0FE4040F40000A1
:10752000704700BF7BB972B90029BEBF00204FF081
:10753000004106E008BF00281CBF6FF000414FF07B
:10754000FF3000F0B1B9ADF1080C6DE904CE0029AF
:1075500009DB002B1ADB00F035F8DDF804E0DDE98B
:10756000022304B07047404261EB4101002B1BDB5A
:1075700000F028F8DDF804E0DDE9022304B0404221
:1075800061EB4101524263EB43037047524263EBAC
:10759000430300F017F8DDF804E0DDE9022304B04E
:1075A000404261EB41017047524263EB430300F0FC
:1075B00009F8DDF804E0DDE9022304B0524263EB90
:1075C000430370472DE9F0478C460E460446089D5C
:1075D000002B50D18A4217466CD9B2FA82FEBEF116
:1075E000000F0BD0CEF1200420FA04F401FA0EF6BD
:1075F00044EA060C02FA0EF700FA0EF44FEA1749B5
:10760000220CBCFBF9F01FFA87F809FB10C642EA0E
:10761000064600FB08F3B34209D9F61900F1FF3220
:1076200080F02281B34240F21F8102383E44F61AB4
:10763000A2B2B6FBF9F309FB136642EA064403FB68
:1076400008F8A04509D9E41903F1FF3280F00A8156
:10765000A04540F20781023B3C44C8EB040443EAE6
:1076600000400021002D62D024FA0EF400232C608B
:107670006B60BDE8F0878B4207D9002D55D0002103
:1076800085E841000846BDE8F087B3FA83F1002998
:1076900040F09080B34202D3824200F2F880841A14
:1076A00066EB03060120B446002D40D085E810109B
:1076B000BDE8F08712B90127B7FBF2F7B7FA87FEEA
:1076C000BEF1000F35D1F31B4FEA17481FFA87FCB4
:1076D0000121B3FBF8F0220C08FB103642EA064603
:1076E0000CFB00F3B34207D9F61900F1FF3202D2C6
:1076F000B34200F2CE801046F61AA2B2B6FBF8F3FF
:1077000008FB136642EA06440CFB03FCA44507D9B8
:10771000E41903F1FF3202D2A44500F2B58013460A
:10772000CCEB040443EA00409CE729462846BDE828
:10773000F087CEF1200106FA0EF307FA0EF720FAD1
:1077400001F94FEA1748CE4049EA0309B6FBF8FAB7
:107750004FEA194408FB1A661FFA87FC44EA0643FD
:107760000AFB0CF29A4200FA0EF40AD9DB190AF16C
:10777000FF3180F087809A4240F28480AAF1020AA9
:107780003B449B1A1FFA89F9B3FBF8F108FB11334C
:1077900049EA034301FB0CF69E4207D9DB1901F1CC
:1077A000FF326BD29E4269D902393B449B1B41EAAE
:1077B0000A418EE7C1F1200E22FA0EF48B402343DA
:1077C00020FA0EF706FA01F44FEA134C26FA0EF6E9
:1077D0003C43B6FBFCF9270C0CFB19661FFA83F837
:1077E00047EA064609FB08F7B74202FA01F200FA37
:1077F00001FA08D9F61809F1FF3041D2B7423FD952
:10780000A9F102091E44F61BA0B2B6FBFCF40CFB66
:10781000146640EA064704FB08F8B84507D9FF1884
:1078200004F1FF3028D2B84526D9023C1F4444EA6F
:107830000940C8EB0707A0FB02894F4544464E4666
:1078400014D329D065B3BAEB040367EB060707FA34
:107850000EFECB40CF404EEA030385E888000021AE
:10786000BDE8F0871346F8E61046E0E6B8EB020400
:1078700069EB03060138E5E70446D8E7114695E7CA
:107880008146C0E78A467CE7023B3C4448E708461D
:107890000AE702383E442FE7C245E7D33E46D1E728
:1078A0002946BDE8F08700BF704700BF0B46014680
:1078B000184600F027B800001FB51C46094B1B688E
:1078C0000546D86812B9084B1A4600E0074B0292E9
:1078D0008DE80A0022462B46054900F03BF801F0EE
:1078E000FDFE00BFDC0000203246030070460300AE
:1078F0007D460300002101F03BBD0A22002101F07A
:1079000023BE000010B5054C13462CB10A460146B3
:107910000220AFF3008010BD204610BD0000000023
:10792000014B1868704700BFDC00002008B5074B0A
:10793000044613B10021AFF30080054B1868836A39
:1079400003B19847204603F0A9FF00BF00000000E4
:10795000B04603000EB403B5014603AB054853F827
:10796000042B0068019300F015F902B05DF804EBF8
:1079700003B07047DC00002070B50E4B0E4CE41ACB
:10798000A41000251E46A54204D056F8253098477D
:107990000135F8E703F084FF084C094BE41AA41002
:1079A00000251E46A54204D056F8253098470135DB
:1079B000F8E770BD1C0100201C01002030010020F0
:1079C0001C010020024B0146186800F065B800BF9A
:1079D000DC000020024B0146186800F017B800BF19
:1079E000DC00002010B5431E0A44914204D011F877
:1079F000014B03F8014FF8E710BD024403469342E0
:107A000002D003F8011BFAE77047000030B50029E7
:107A10003ED051F8042C0B1F1E49002AB8BF9B18FA
:107A20000A680C4612B95A600B6030BD9A420ED9F2
:107A300019685818824204BF106852685A6004BF1F
:107A400009181960236030BD994203D80A4651686D
:107A50000029F9D1146815199D420AD11B682344E5
:107A6000D0188142136013D10868034413604B6837
:107A70000DE002D90C23036030BD18681C18A14228
:107A800004BF0C684968596004BF0019186053604E
:107A900030BD00BFB005002070B5CD1C25F003053A
:107AA00008350C2D38BF0C25002D064603DA0C23B3
:107AB0003360002070BDA942F9D81F4B1C681A46DC
:107AC0002146A1B10B685B1B0ED40B2B03D90B60B5
:107AD000CC18CD501EE08C420DBF63684B686360CC
:107AE000136018BF0C4615E00C464968E9E7134CD3
:107AF00023681BB9304600F0CBFD20602946304694
:107B000000F0C6FD431CD2D0C41C24F00304A042E4
:107B10000AD1256004F10B00231D20F00700C31AD1
:107B200009D05A42E25070BD211A304600F0B0FD33
:107B30000130EED1BBE770BDB0050020AC050020E0
:107B40009368013B002B10B4936009DA9469A34257
:107B500002DBCBB20A2B03D15DF8044B01F0FEBC73
:107B60001368581C10601970C8B25DF8044B704758
:107B7000F8B506460F461446D518AC4208D03A462A
:107B800014F8011B3046FFF7DBFF431CF5D100E082
:107B90000020F8BD2DE9F04F9DB00C461746039329
:107BA000064618B183690BB902F0C0FC7F4B9C42BA
:107BB00001D1746808E07E4B9C4201D1B46803E0B7
:107BC0007C4B9C4208BFF468A38918070CD5236935
:107BD00053B10023099320238DF8293030238DF8E9
:107BE0002A30DFF8D4B144E02146304601F00AFDE6
:107BF0000028EED04FF0FF30D5E0039A111D126837
:107C00000391002A80F28C80524243F002000792D6
:107C1000049098F800302E2B00F08480032298F80E
:107C20000010654803F07CF848B14023CBEB00001E
:107C300003FA00F0049B1843049008F1010898F837
:107C400000105E488DF82810062208F1010703F0A5
:107C500067F8002800F09580594B002B40F0888091
:107C6000039B073323F0070308330393099B534413
:107C70000993B846454615F8013B1BB9B8EB07090F
:107C80000FD003E0252BF9D0A846F3E74B463A4640
:107C900021463046FFF76CFF01307FD0099B4B44F3
:107CA000099398F80030002B78D000234FF0FF3272
:107CB00004930793059206938DF853301A93012786
:107CC000052229783F4803F02BF805F10108049BB1
:107CD00038B13C4A801A07FA00F018430490454630
:107CE000EEE7D90644BF20228DF853201A0744BF7F
:107CF0002B228DF853202A782A2A3FF47EAF079A48
:107D000000210A20A846013598F80030303B092BA5
:107D100003D800FB02320121F4E700293FF479AFD8
:107D2000079276E798F801302A2B0BD1039B1A1D96
:107D30001B680392002BB8BF4FF0FF3308F1020815
:107D400005936BE70023059308F1010019460A2506
:107D50008046013098F80020303A092A03D805FB04
:107D600001210123F4E7002B3FF458AF059155E7BB
:107D700003AB00932246144B04A9304600F0BAF836
:107D800007E003AB009322460F4B04A9304600F0F6
:107D900051FBB0F1FF3F82467FF468AFA3895B06D9
:107DA0003FF528AF09981DB0BDE8F08F504803009B
:107DB0007048030090480300BA460300BE46030023
:107DC000F57E0000B4460300717B00002DE9FF47FB
:107DD00055EC104B0D9FDDF830A0002D0E4691465E
:107DE0001946B8BF22462B4627F02007BBBF05F136
:107DF00000431D4600232D23B8BF1446462F0B70A9
:107E000003D0452F03D1013601E0032100E0022118
:107E100003AB019302AB00933246534645EC104B43
:107E200001F0F2FC472F804602D119F0010F28D053
:107E3000462F08EB060911D198F80030302B0AD1F3
:107E40000022002320462946FFF7A2FA18B9C6F1FE
:107E50000106CAF80060DAF80030994400220023D5
:107E600020462946FFF794FA08B9302202E0CDF8FF
:107E70000C9006E0039B994503D9591C03911A7095
:107E8000F8E7039B0E9AC8EB03034046136004B067
:107E9000BDE8F08773B503460029B8BF494203F82F
:107EA000022BB4BF2D222B220929427019DD0DF1BE
:107EB000070216460A2591FBF5F405FB1411303133
:107EC000092C02F8011D2146F5DC3031541E02F860
:107ED000011CB4421A460AD214F8012B03F8012BF4
:107EE000F7E730241A46214402F8024B5970101A61
:107EF00002B070BD2DE9F04F8BB00C4616461F4600
:107F0000DDF85080054602F0B9FED0F800B05846C2
:107F100000F0E0FB00230893D8F80030049007330A
:107F200023F0070303F1080294F81890C8F8002022
:107F3000D3E90023C4E9122394ED120BFDF7D0FD21
:107F4000012819D100220023D4E91201FFF72AFAEF
:107F500010B12D2384F84330974B984AB9F1470F5D
:107F60008CBF9046984603232361236823F00403C3
:107F700023604FF0000A8EE094ED120BFDF7B0FD88
:107F8000226860B98E4B8F4922F00402B9F1470F85
:107F90008CBF88469846032323612260E9E7616825
:107FA0004B1C94ED120B08A801D1062309E0B9F18E
:107FB000670F02D0B9F1470F04D1002940F0AF811B
:107FC00001236360002342F48062039307AB0290B5
:107FD000009322600DF11B03CDF8049061682846E0
:107FE000FFF7F4FE09F0DF03472B804609D1079B1A
:107FF000D81C02DB6268934230DDA9F102095FFA06
:1080000089F9B9F1650F079912D801394A4604F187
:1080100050000791FFF73EFF089A8318012A824615
:10802000236102DC2268D1072FD5013323612CE0C4
:10803000B9F1660F14D10029636807DD216113B916
:108040002268D2071DD501330B4419E013B9226809
:10805000D00701D5023313E0012311E04FF0670987
:10806000079B089A934205DB22682361D10708D554
:10807000013305E0002BD4BFC3F1020301231344F5
:108080002361079BA3654FF0000A9DF81B3013B1D5
:108090002D2384F843300097334609AA2146284609
:1080A00000F052F9013002D14FF0FF3048E123686F
:1080B0005A0501D4236965E0B9F1650F40F2D48017
:1080C00000220023D4E91201FFF762F978B30123FB
:1080D0003D4A31462846B8470130E5D0089B079A0B
:1080E0009A420BDB2368D80708D423689B0740F12A
:1080F00010814FF0000804F1190905E1049B5A466C
:1081000031462846B8470130CED04FF0000804F180
:108110001A09089B013B9845E7DA01234A46314694
:108120002846B8470130BFD008F10108F1E7079BA6
:10813000002B29DC0123244A31462846B847013068
:10814000B2D0079B23B9089B13B92368D907CCD5B4
:10815000049B5A4631462846B8470130A4D04FF018
:10816000000904F11A0A079B5B42994509DA0123C9
:10817000524631462846B847013095D009F10109E9
:10818000F1E7089B4246A6E0089AA36D9A42A8BF71
:108190001A46002A914607DC04F11A034FF0000A40
:1081A00029EAE97905931BE0134631464246284601
:1081B000B8470130F0D177E7C546030037460300E2
:1081C000C9460300334603000B3903000123059A17
:1081D00031462846B84701303FF466AF0AF1010A3C
:1081E000A36DC9EB03029245F0DB08EB0309079A84
:1081F000089B9A420FDB2368DA070CD4089B079A86
:108200009844C9EB08089B1A9845A8BF9846B8F14E
:10821000000F08DC0FE0049B5A4631462846B84759
:108220000130EBD140E743464A4631462846B8473D
:1082300001303FF439AF4FF0000928EAE87804F143
:108240001A0A09E00123524631462846B847013050
:108250003FF42AAF09F10109079A089B9B1AC8EB62
:1082600003039945EEDB40E7089A012A01DCDB07AE
:1082700038D50123424631462846B84701303FF4FD
:1082800013AF049B5A4631462846B84701303FF4A5
:108290000BAF00220023D4E91201FFF779F820B1D7
:1082A0004FF0000804F11A090EE0089B08F10102E2
:1082B000013B19E001234A4631462846B8470130C0
:1082C0003FF4F2AE08F10108089B013B9845F1DB51
:1082D000534604F1500231462846B84701307FF436
:1082E00004AFE1E60123424631462846B847013053
:1082F000EED1D9E601234A4631462846B847013037
:108300003FF4D2AE08F10108E368099A9B1A984538
:10831000F0DBE068099B9842B8BF184610E00023E4
:1083200042F48062039307AB029000932260CDF881
:1083300004900DF11B032846FFF748FD804656E6E2
:108340000BB0BDE8F08F00BF2DE9F04791461F4606
:108350000A698B68DDF820809342B8BF1346C9F8DC
:10836000003091F8432006460C4612B10133C9F89B
:1083700000302368990642BFD9F800300233C9F8AB
:108380000030256815F0060510D104F1190A07E040
:108390000123524639463046C04701301AD00135D4
:1083A000E368D9F800209B1A9D42F1DB94F8433032
:1083B0002268003318BF012392060FD5E1185A1C1A
:1083C000302081F84300224494F8451082F843108D
:1083D000023303E04FF0FF30BDE8F08704F14302C1
:1083E00039463046C0470130F4D02268D9F80050F1
:1083F000E36802F00602042A08BF5D1B2269A36835
:108400000CBF25EAE57500259342C4BF9B1AED1801
:108410004FF000091A344D4509D001232246394650
:108420003046C0470130D5D009F10109F3E70020FB
:10843000BDE8F0872DE9F04317460A7E85B06E2A25
:10844000984606460C460C9B01F1430E00F0AE80A8
:1084500011D8632A22D009D8002A00F0BB80582AFC
:1084600040F0CA8081F84520834955E0642A1ED037
:10847000692A1CD0C0E0732A00F0B08009D86F2AA6
:108480002ED0702A40F0B8800A6842F020020A60BC
:108490003EE0752A24D0782A3AD0ADE01A6801F17E
:1084A0004205111D1960136884F84230A8E0216864
:1084B0001A6811F0800F02D0111D196008E011F048
:1084C000400F02F10401196002D0B2F9003000E05F
:1084D0001368002B3CDA2D225B4284F8432037E0FE
:1084E00021681A6811F0800F02D0111D196007E091
:1084F00011F0400F02F10401196001D0138800E06F
:108500001368227E5C496F2A14BF0A2208221BE0EE
:1085100078225A4984F845202268186812F0800FA2
:1085200000F104051D6003D1550601D5038800E064
:108530000368D00744BF42F0200222601BB92268C2
:1085400022F0200222601022002084F8430001E083
:1085500049490A226568A560002D08DB206820F0E3
:10856000040020602BB9002D7DD175460CE0002B56
:1085700079D07546B3FBF2F002FB1033CB5C05F803
:10858000013D03460028F5D1082A0BD12368DA07FC
:1085900008D5236962689A42DEBF302305F8013CA2
:1085A00005F1FF35C5EB0E0323612EE008681A685C
:1085B000496910F0800F03D0101D1860136808E09F
:1085C00010F0400F02F104001860136801D0198008
:1085D00000E0196000232361754616E01A68111D3A
:1085E0001960156862680021284602F099FB08B1FD
:1085F000401B6060636804E004F1420584F8422097
:1086000001232361002384F84330CDF800803B46EA
:1086100003AA21463046FFF797FE013002D14FF002
:10862000FF3026E023692A4639463046C0470130EC
:10863000F5D023689B0710D5002504F1190907E040
:1086400001234A4639463046C0470130E7D001355C
:10865000E368039A9B1A9D42F2DBE068039B984211
:10866000B8BF184605E00B7884F8423004F14205A3
:108670008AE705B0BDE8F083CD460300DE4603007F
:10868000024B0A460146186802F097BFDC00002042
:1086900038B5064C002305460846236003F0E8F889
:1086A000431C02D1236803B12B6038BDB8050020FC
:1086B00010F8012B11F8013B012A28BF9A42F7D08C
:1086C000D01A7047034611F8012B03F8012B002A3A
:1086D000F9D17047034613F8012B002AFBD1181A71
:1086E0000138704730B582B1451E013915F8013F98
:1086F00011F8014FA34206D1EC431444E04201D0EB
:10870000002BF3D11C46181B30BD104630BD10B5F0
:10871000034642B111F8014B03F8014B013A002C1A
:10872000F7D11A4400E010BD934202D003F8014B88
:10873000FAE710BD70B504460D4645EC104B1646E1
:1087400002F004FE51EC100B7EB1C5F30A53C3F1E5
:108750006B03002B09DD1B0503F17F55002405F594
:10876000401522462B46FEF7ABFB70BD0000000013
:108770002DE9F04F9DB0002302900C461392189300
:108780004FF0000A4FF0000B1791179B1A780D2A33
:1087900005D8092A13D2002A00F0AC8112E02B2A56
:1087A00004D02D2A04D0202A0CD108E0002200E0B9
:1087B00001220C925A1C17925B782BB99AE1013373
:1087C0001793E2E700230C93179D2B78302B5CD195
:1087D0006B78582B01D0782B4CD10C9B019318ABA4
:1087E0000093A94A029819AB17A901F074FF10F081
:1087F0000706044600F08785062E05D101350023C3
:1088000017950C9300F07FBD189A3AB135211AA83C
:1088100002F089FE1899029802F007FB062E22D872
:10882000DFE806F0040D08181D0D04004FF0000BE2
:10883000DA4618E0DDF868A0DDF86CB013E01B9BA9
:10884000199ADDF868A023F4801302F2334243EA58
:10885000025B08E0DFF834B24FF0000A03E06FF08B
:10886000004B4FF0FF3A210740F14D854BF0004B94
:1088700000F049BD179B5A1C17925B78302BF9D03A
:10888000002B00F04085012300E000234FF000089A
:108890000693179B0793CDF81480CDF810800A2219
:1088A000179D2E78A6F13003D9B209290ED8049964
:1088B0000829DDBF059902FB0133059302FB083847
:1088C000049B0135013304931795E9E7029802F000
:1088D000D5F90768029802F0D1F90068FFF7FAFEAF
:1088E000394602462846FFF7FDFE074628B100201C
:1088F0003346049D0246014657E0029802F0BEF955
:108900000068FFF7E7FE179B1A181792049A1B5C82
:10891000002A42D11046302B05D1179B5A1C1792C2
:1089200001305B78F7E7A3F13102082A43D8179AA0
:108930000792024600200546303B00F1010126D097
:108940000A4405EB000C29460A2661450ED0013188
:1089500001F1FF3EBEF1080F03DC059F7743059749
:10896000F3E71029D8BF06FB08F8EEE728440828EB
:1089700000F1010505DC05980A2101FB0033059390
:1089800004E0102DDCBF0A2101FB08380021179BF1
:10899000581C17905B78084602E0049D38463A461A
:1089A000A3F130010929C7D90121652B01D0452B3D
:1089B00051D16DB904E0652B40F0B3840022012150
:1089C00028B9069B002B00F09580054600E00025A5
:1089D000179C631C179363782B2B06D02D2B02D08A
:1089E0000026039606E0012300E000230393A31C66
:1089F0001793A378A3F13006092E2BD8302B04D17E
:108A0000179B5E1C17965B78F8E7A3F13106082EDA
:108A100021D8A3F1300E179B4FF00A0C1F46179B6D
:108A20005E1C17965B78A3F13009B9F1090F04D8E1
:108A30000CFB0E3EAEF1300EF1E7F61B082E44F6AD
:108A40001F6902DCF145A8BFF146039E2EB1C9F1B2
:108A5000000902E017944FF00009002D53D10028BF
:108A600040F05184069A002A40F04D84002941D1FB
:108A70004E2B20D002DC492B0AD03BE0692B07D0DB
:108A80006E2B18D036E000BF044703000000F07FD3
:108A9000A84917A802F050F860B3179BA649013BFC
:108AA00017A8179302F048F810B9179B01331793D2
:108AB000DFF8A0B21AE0A14917A802F03DF8C8B14A
:108AC000179B1B78282B0FD11AAA9D4917A802F0D3
:108AD00046F8052808D11B9BDDF868A043F0FF4B42
:108AE0004BF4E00B00F00FBCDFF86CB24FF0000A63
:108AF00000F009BC139B1794002B00F00F84002397
:108B00000C9300F002BC049B0598002B08BF2B4679
:108B1000102D2C46C2EB0909A8BF10240493FEF7C0
:108B200059F9092C82468B4613DD864B03EBC403AF
:108B300053E91223FEF7C4F9064640460F46FEF7F6
:108B400049F902460B4630463946FEF707F8824699
:108B50008B460F2D36DCB9F1000F00F0D48324DDF5
:108B6000B9F1160F07DC774D05EBC90952465B4694
:108B7000D9E9000114E0C5F12503994522DC714CC7
:108B8000C5F10F0504EBC501C5EB090552465B466F
:108B9000D1E9000104EBC504FEF792F9D4E9002302
:108BA000FEF78EF982468B46ADE319F1160F09DB0D
:108BB000644DA5EBC909D9E9002350465946FEF793
:108BC000A9FAEFE72C1B4C44002C57DD14F00F01E1
:108BD0000AD05C4B03EBC10152465B46D1E9000170
:108BE000FEF76EF982468B4634F00F0400F0B88031
:108BF000B4F59A7F0BDD0024254605940494029A6F
:108C0000DFF850B1222313604FF0000A87E14E4E87
:108C1000002324115046594698463746012C0BDD57
:108C2000E20704D5D6E90023FEF74AF9012308F14B
:108C3000010864100836F1E70BB182468B46ABF1B0
:108C4000547B07EBC80752465B46D7E90001FEF7A5
:108C500037F921F000438B460A461B0D3B491B05A3
:108C60008B428246C7D8A1F580118B4286BFDFF8C0
:108C7000ECB04FF0FF3A02F1547B71E070D06442E7
:108C800014F00F020AD02F4B03EBC2035046594693
:108C9000D3E90023FEF73EFA82468B4624115FD0CB
:108CA0001F2C04DD002425460594049430E114F0C3
:108CB000100F0CBF00236A23254E039350465946DC
:108CC0000023002C09DDE20704D5D6E90023FEF7D6
:108CD000F7F8012364100836F3E70BB182468B46A0
:108CE000039BEBB1CBF30A53C3F16B03002B594643
:108CF00016DD1F2B0EDD342BDEBF203B4FF0FF3285
:108D000002FA03F34FF0000ACCBF4FF05C7B03EA9A
:108D1000010B05E04FF0FF3202FA03F303EA0A0AFF
:108D20000022002350465946FEF732FB0028B9D1F5
:108D300018E000BF384603004448030034460300EF
:108D4000F0460300B8480300804903000000A07CFF
:108D5000184703000000F07F0000F8FFFFFFEF7FDF
:108D600000230393059B0093049A079902982B46CE
:108D700002F0ADF8059000283FF43DAFB9F1000FC7
:108D8000C9F10003A8BF00230D93002429EAE97369
:108D900012932546059B0298596802F011F8049039
:108DA00000283FF42CAF059B1A69023203F10C0135
:108DB00092000C30FEF716FE1AAA19A94BEC10AB64
:108DC0000298CDE908AB02F036FB189000283FF47A
:108DD00016AF0121029802F005F9054600283FF47C
:108DE0000EAF199B03991A9E002BADBF0D9A129AD4
:108DF000DDF8348002EB0308B8BFD21AA3EB0103FD
:108E00003344B549A8BF129A013B8B42C6F13606DE
:108E100080F28A80C91A1F29C8BFB04F4FF00109DC
:108E2000D4BF09FA01F3FF1AA6EB0106D9BF0693D6
:108E3000002709FA07F7CDF8189008EB0609039BFD
:108E4000C84516441E444346A8BF4B46B342A8BF7C
:108E50003346002BC2BFC3EB0909F61AC3EB08085F
:108E60000D9B002B64D1B9F1000F7ADC129B002B13
:108E700040F08180002E00F38880B8F1000F00F3ED
:108E80008E80049A1899029802F001FA044600288C
:108E90003FF4B5AEC36807930023C360294602F0D0
:108EA000DAF9002880F28980079B002B40F00482C9
:108EB000BAF1000F40F00082CBF31303002B40F017
:108EC000FB812BF000431B0D1B05B3F1D66F40F265
:108ED000F3816369002B6CD021460122029802F0D5
:108EE00069F92946044602F0B6F9002840F3E48106
:108EF0002BF00043039A1B0D1B05002A00F08C8009
:108F0000B3F1D66F00F38880B3F15C7F00F3D681B4
:108F1000029A22234FF0000A4FF0000B1360059BCA
:108F2000002B40F0DC81EEE101230027069384E76B
:108F300029461A46029802F0EFF8054600283FF449
:108F40005EAE0146189A029802F055F80790002884
:108F50003FF455AE1899029801F067FF079B1893EC
:108F600081E74A461899029802F024F918900028DF
:108F70007FF47CAF43E6129A0499029802F0CCF891
:108F8000049000287FF476AF39E6324604990298BF
:108F900002F010F9049000287FF46FAF2FE6294605
:108FA0004246029802F006F9054600287FF469AFB0
:108FB00025E62369012B8FDC7EE161D1079ACBF393
:108FC000130322B346498B425A462ED1039B514686
:108FD00063B1444B1340B3F1D46F07D81B0DC3F1F9
:108FE0006B034FF0FF3000FA03F301E04FF0FF3363
:108FF0008B421AD13C498A4202D101333FF4FFAD82
:10900000384B134003F5801B4FF0000A54E163B95D
:10901000BAF1000F09D16BE7A3F580136FEA135B78
:109020006FEA0B5B4FF0FF3A46E117B117EA0B0FFF
:1090300002E0069B13EA0A0F00F03E81079B039AA9
:109040005046594653B1FFF775FB02460B46DDE922
:109050000801FDF783FD82468B462DE1FFF76AFB91
:1090600002460B46DDE90801FDF776FD00220023EC
:1090700082468B46FEF78CF900287FF449AF1BE14E
:109080002946204602F025FA57EC106B00224FF0DB
:10909000804310EE100A3946FEF78EF9002842D0C0
:1090A000079B23B14FF00008DFF8409011E0BAF1C0
:1090B000000F03D1CBF313033BB91BE0BAF1010F4F
:1090C00003D1BBF1000F3FF423AFDFF824904FF042
:1090D00000080026054F39E002FCFFFFE2FBFFFF1E
:1090E000FFFF0F000000F07FFFFFEF7F0000F03F69
:1090F0000000F0BF0022984B30463946FEF752F987
:1091000040B9304639460022944BFDF7D9FE064659
:109110000F4601E0914F002607F100431496159386
:10912000DDE9148912E08D4B304639460022FDF707
:10913000C7FE079B06460F4623B901F100430E9078
:109140000F9301E0CDE90E67DDE90E892BF00043B6
:109150001B0D1B050693069A814B9A422BD1DDE924
:109160000823ABF1547B4BEC10ABCDE90A2302F0A2
:10917000EDF8404653EC102B4946FDF7A1FE524650
:109180005B46FDF7EBFC21F000431B0D754A1B0508
:10919000934282460CD9744B0B9A9A4203D10A9B94
:1091A00001333FF42CADDFF8C0B14FF0FF3A72E06D
:1091B00001F1547B38E0039B33B3069BB3F1D46FCA
:1091C00022D85DA3D3E9002330463946FEF7F4F8F0
:1091D000A8B139463046FEF735F9002808BF01200E
:1091E000FDF7F8FD079B06460F4623B901F1004342
:1091F0001090119301E0CDE91067DDE91089069A1E
:1092000009F1D663C2EB03099DED080B02F09EF84D
:10921000404653EC102B4946FDF752FEDDE908238A
:10922000FDF79CFC82468B46039BA3BB2BF00043BF
:109230001B0D069A1B059A42D8462CD1394630465A
:10924000FEF7D8F8FDF7D6FD0B4602463946304604
:10925000FDF782FC079B06460F462BB9BAF1000FBB
:1092600002D1CBF3130383B135A3D3E900233046F6
:109270003946FEF797F8002831D133A3D3E900230C
:1092800030463946FEF7ACF804E031A3D3E90023B9
:10929000FEF788F818BB1899029801F0C6FD0499EA
:1092A000029801F0C2FD2946029801F0BEFD214658
:1092B000029801F0BAFD6DE5039B83B12B4B0B9334
:1092C00000230A9350465946DDE90A23FDF7F8FDCD
:1092D00082468B4619B910B9029A22231360189955
:1092E000029801F0A2FD0499029801F09EFD294622
:1092F000029801F09AFD0599029801F096FD214629
:10930000029801F092FD139B13B1139A179B1360FF
:109310000C9B1BB152460BF1004307E052465B46E3
:1093200004E000252A460121FFF741BB43EC102B46
:109330001DB0BDE8F08F00BF0000C0FFFFFFDF41A0
:109340009535A094FFFFDF3F35E5AF350000E03FE6
:109350009535A094FFFFCF3F0000F03F0000E03FB5
:109360000000E07FFFFF9F7CFFFFEF7F0000503990
:10937000024B0A4601461868FFF7FAB9DC000020E4
:10938000174B2DE9F0411D68AC6D06460F46FCB940
:109390005020FEF717FBA8658460AB6D0460446045
:1093A0001C61DC60AB6D9C615C61AB6DDC629C62DE
:1093B000AB6D5C631C63AB6DDC639C63AB6D5C6429
:1093C0001C64AB6DDC649C64AB6D1C77AB6D5C6244
:1093D000AA6D394630460123BDE8F04100F002B8DD
:1093E000DC000020F0B548B9106838B9F0BD17F8B6
:1093F000016B5EB1B542FAD12BB1204604460F464F
:1094000014F8015BF3E714600370F0BD4DB915600B
:109410002846F0BD17F8016BB54207D0002EF9D1F0
:109420001C4623460F4613F8015BF3E715B10021F4
:10943000217000E02B461360F0BD00002DE9F047DD
:1094400080464048D0F800900F463D4615F8014B45
:1094500009EB0400407800F0080000F0FF0608B1B6
:109460002F46F2E72D2C03D1BD1C7C78012603E0AA
:109470002B2C04BF7C78BD1C13B1102B0AD15BE0F0
:10948000302C57D1287800F0DF0058284DD16C7867
:1094900010230235002E14BF4FF0004C6FF0004C2B
:1094A0000027BCFBF3FA384603FB1ACC09EB040E89
:1094B0009EF801E01EF0040F01D0303C0BE01EF0DE
:1094C000030E1BD0BEF1010F0CBF4FF0370E4FF053
:1094D000570ECEEB0404A34210DDB7F1FF3F0AD0D4
:1094E000504506D801D1644503DC03FB0040012749
:1094F00001E04FF0FF3715F8014BD7E77B1C0CD18B
:10950000002E4FF0220314BF4FF000406FF00040D8
:10951000C8F800302AB9BDE8F08706B1404272B100
:1095200007B1691E1160BDE8F0873024002BB1D16E
:109530000823AFE70A23ADE7302CA3D0AAE7BDE8A4
:10954000F08700BFE000002013460A4601460248AB
:109550000068FFF773BF00BFDC000020F8B50F46BE
:109560001446064618B183690BB900F0DFFF224BA1
:109570009C4201D1746808E0204B9C4201D1B46840
:1095800003E01F4B9C4208BFF468A369A360A38952
:109590001A0709D523693BB123682069181A636942
:1095A0009842FDB20FDB08E02146304600F02AF871
:1095B0000028F1D04FF0FF30F8BD2146304600F0D2
:1095C0004BFF0028F6D1A368013BA36023685A1C17
:1095D00022601F706269431C934204D0A389DB0799
:1095E00007D50A2D05D12146304600F035FF002869
:1095F000E0D12846F8BD00BF504803007048030082
:1096000090480300314B70B51D6806460C4625B1E5
:10961000AB6913B9284600F089FF2D4B9C4201D15C
:109620006C6808E02B4B9C4201D1AC6803E02A4BEC
:109630009C4208BFEC68A3899AB211071DD4D506D5
:1096400002D40922326038E0500712D5616B41B173
:1096500004F14403994202D03046FEF7D7F90023C3
:109660006363A38923F02403A38100236360236938
:109670002360A38943F00803A38123694BB9A3891D
:1096800003F42073B3F5007F03D02146304601F088
:10969000F9FAA38913F0010205D00022A2606269E1
:1096A0005242A26103E0990758BF6269A260226931
:1096B0004AB903F0800080B230B143F04003A38187
:1096C0004FF0FF3070BD002070BD00BFDC000020F7
:1096D00050480300704803009048030008B5062076
:1096E00001F0BCFF012002F0D9F82DE9F74F036922
:1096F0000C699C42804600F38380013C01F1140711
:109700004FEA840E00F1140657F8245006EB0E03BE
:109710000193013556F82430B3FBF5F507EB0E093C
:10972000002D39D04FF0000A3846B446D34650F8E1
:10973000042B93B205FB03A34FEA134A9BB2C3EB7E
:109740000B03120CBCF800B005FB02A213FA8BF35A
:109750004FEA124A1FFA82FBDCF80020CBEB1242E0
:1097600002EB23429BB243EA024381454FEA224B7C
:109770004CF8043BDBD256F80E306BB9019B043B2E
:109780009E421A4602D3C8F8104005E01268043B16
:10979000002AF8D1013CF3E7404601F05CFD0028C7
:1097A0002CDB013530464FF0000E57F8041BD0F883
:1097B00000C08AB2C2EB0E03090C13FA8CF3C1EBA2
:1097C0001C4202EB23429BB243EA0243B9454FEAF3
:1097D000224E40F8043BE8D256F8242006EB8403DE
:1097E00062B9043B9E421A4602D3C8F8104005E015
:1097F0001268043B002AF8D1013CF3E7284600E058
:10980000002003B0BDE8F08F2DE9F04F59EC108B2C
:1098100097B0456A0691824609921093209CCDE943
:10982000008945B91020FEF7CDF8CAF8240045603C
:1098300085600560C560DAF82430196859B15A6846
:109840004A60012393408B60504601F0EEFADAF84B
:10985000243000221A60019B9F4A002BBFBF0123C6
:109860002360019B23F00043B8BF0193019FA4BF75
:109870000023236027F000431B0D1B0593421DD1DD
:10988000109A42F20F731360009B43B9934A944BB2
:10989000C7F31300002814BF1846104600E0904894
:1098A000219B002B00F04A85C37813B100F1080317
:1098B00000E0C31C219A136000F040BDDDE90045C3
:1098C0000022002320462946FDF762FD804658B15C
:1098D000109A01231360219B002B00F02285814800
:1098E0001860013800F02ABD14AA15A945EC104BE8
:1098F000504601F0A0FDC7F30A5602905EB1C5F3D1
:10990000130343F07F51204641F44011A6F2FF3685
:10991000CDF844801DE0159B149E1E4406F2324390
:10992000202B0ADD009A06F21240C3F1400322FA0E
:1099300000F007FA03F3184304E0C3F12000009B92
:1099400003FA00F0FDF746FA0123A1F1F871013E98
:1099500011930022644BFDF7FFF859A3D3E90023CC
:10996000FDF7AEFA58A3D3E90023FDF7F7F8044654
:1099700030460D46FDF73EFA55A3D3E90023FDF727
:109980009FFA02460B4620462946FDF7E7F80446B3
:109990000D46FDF72FFD0022834600232046294671
:1099A000FDF700FD58B15846FDF724FA02460B4674
:1099B00020462946FDF7ECFC08B90BF1FF3BBBF153
:1099C000160F0DD8494901EBCB01DDE90023D1E9A0
:1099D0000001FDF705FD30B10BF1FF3B002300E076
:1099E00001230D9300E00D90149B9E1B731E0593A5
:1099F00043BFC3F10009002305934FF00009BBF1F9
:109A0000000F07DB059BCDF830B05B4405930023C6
:109A1000079306E0CBF1000307930023CBEB090982
:109A20000C93069B092B27D8052BC4BF043B069338
:109A3000069BA3F10203CCBF00250125032B20D8F0
:109A4000DFE803F0060E0204012302E0012308E030
:109A500000230893099B002B1CDD039398461EE00E
:109A600000230893099B5B4403F1010803934346D9
:109A7000012BB8BF012312E00125002306930895AE
:109A800001E0012308934FF0FF330393984600222F
:109A9000122303E00123039398461A460992DAF849
:109AA000244000226260042101F114029A421FD86E
:109AB0006268013262604900F6E700BFAFF30080E0
:109AC00061436F63A787D23FB3C8608B288AC63FC4
:109AD000FB799F501344D33F0000F07F41480300BF
:109AE0004A4803000C3903000000F83FB84803005F
:109AF0006168504601F064F9DAF8243020601B6890
:109B00000493B8F10E0F00F25D81002D00F05A8130
:109B10009DED007BBBF1000F8DED0E7B31DDA04A8A
:109B20000BF00F0302EBC30393ED007B4FEA2B1402
:109B3000E2068DED0A7B0CD59A4BDDE90E01D3E9E7
:109B40000823FDF7E7FA04F00F04CDE9000103262E
:109B500000E00226934D6CB1E30708D5DDE90A0168
:109B6000D5E90023FDF7ACF9CDE90A01013664100F
:109B70000835F0E7DDE90A23DDE90001FDF7CAFA5F
:109B800020E0CBF1000404B3854B864D04F00F02B6
:109B900003EBC203D3E90023DDE90E01FDF790F9E1
:109BA000CDE9000124110023022654B1E70705D5B1
:109BB000D5E90023FDF784F9013601236410083547
:109BC000F3E71BB1CDE9000100E002260D9BEBB1EC
:109BD000DDE900450022744B20462946FDF7E2FBF3
:109BE000A0B1B8F1000F11D0039B002B40F3E68029
:109BF0000BF1FF330A9300226C4B20462946FDF7F8
:109C00005FF90136CDE90001039F02E0CDF828B0ED
:109C100047463046FDF7EEF8DDE90023FDF750F941
:109C20000022634BFCF79AFF0446A1F15075CFB9AF
:109C30000022604BDDE90001FCF78EFF22462B4637
:109C4000CDE90001FDF7CCFB002840F0418222461F
:109C500005F10043DDE90001FDF7A4FB002840F019
:109C60002E82ABE0089A4E4B791E002A4AD003EBB5
:109C7000C103D3E9002300204F49FDF74BFA2246E8
:109C80002B46FCF769FF049C05460E46DDE9000102
:109C9000FDF7B0FB1290FDF7ADF802460B46DDE98B
:109CA0000001FCF759FF129B303304F8013B2A46B0
:109CB0003346CDE90001FDF775FB002840F0218314
:109CC000DDE9002300203849FCF746FF2A463346E9
:109CD000FDF768FB002840F0D280049BE31ABB42EA
:109CE0006CDA0022314B28463146FDF7E9F80022B4
:109CF00005460E462D4BDDE90001FDF7E1F8CDE903
:109D00000001C3E703EBC10122462B46D1E9000164
:109D1000FDF7D6F8049BCDE91201DC191D46DDE9FB
:109D20000001FDF767FB0646FDF764F83036024692
:109D30000B46DDE90001FCF70FFF05F8016BAC42B3
:109D4000CDE900014FF0000223D11B4BDDE91201E8
:109D5000FCF704FF02460B46DDE90001FDF740FB7E
:109D6000002840F08C80DDE9122300201249FCF726
:109D7000F3FE02460B46DDE90001FDF713FBE8B1F7
:109D800014F8013C302B04F1FF3240F0BA82144643
:109D9000F6E7064BFDF794F8CDE90001BFE700BFF9
:109DA000B8480300804903000000F03F0000244051
:109DB00000001C40000014400000E03FDDE90E34CC
:109DC000CDE90034159B002B7CDBBBF10E0F79DC59
:109DD0008F4B03EBCB03D3E90067099B002B14DA0D
:109DE000B8F1000F11DC40F06C810022894B304645
:109DF0003946FDF765F8DDE90023FDF7E7FA45464A
:109E00004646002840F05F8166E1049C32463B46AE
:109E1000DDE90001FDF77EF9FDF7ECFA0546FCF7F8
:109E2000E9FF32463B46FDF74BF80B460246DDE9BB
:109E30000001FCF791FE05F1300E04F801EB049BE4
:109E4000C3EB040EF045CDE900012ED102460B46CE
:109E5000FCF784FE8046894602460B46304639466A
:109E6000FDF7A0FA78B942464B4630463946FDF731
:109E70008FFA002800F04782E90704D443E2DDF8B6
:109E800028B000E01C4614F8012C392A04F1FF33F5
:109E900007D1049A9A42F5D1049930220BF1010BB3
:109EA0000A701A7801321A702DE200225A4BFDF71F
:109EB00007F800220023CDE90001FDF769FA002828
:109EC000A4D020E2089A002A2DD0069A012A0ADCA2
:109ED000119A12B103F2334302E0149BC3F136032B
:109EE000079D4C4615E0079B08F1FF35AB42BFBF0D
:109EF000079B0795EA1A0C9BB7BF9B185D1B0C9339
:109F00000025B8F1000FB9BFC8EB090400234C4687
:109F10004346059A01211A4450469944059201F09E
:109F200061F8064602E0079D089E4C465CB1059B21
:109F3000002B08DDA342059AA8BF2346C3EB0909FD
:109F4000E41AD31A0593079B002B1DDD089BABB1C8
:109F500085B131462A46504601F0DEF8029A0146A4
:109F60000646504601F047F802990746504600F071
:109F70005CFF0297079B5A1B06D000E0079A0299E4
:109F8000504601F0C9F802900121504601F02AF82C
:109F90000C9B05465BB31A460146504601F0BCF8DF
:109FA000069B012B054618DC009B83B9019BC3F37C
:109FB000130373B9019B23F000473F0D3F054FB1D9
:109FC000059B013309F101090593012702E00027F0
:109FD00000E0009F0C9B73B100E000272B6905EBAC
:109FE0008303186900F0B1FFC0F1200004E0069B74
:109FF000012BD9DD0C9F0120059B184410F01F0098
:10A000000ED0C0F12003042B08DDC0F11C0008E0D5
:10A01000B8480300000014400000244006D0184651
:10A020001C30059B0344814404440593B9F1000F9F
:10A0300005DD4A460299504601F0BCF80290059BA6
:10A04000002B05DD29461A46504601F0B3F80546B7
:10A050000D9BEBB12946029801F0FDF8002817DAB4
:10A0600000230A220299504600F0F6FE089B029057
:10A070000BF1FF3B002B00F05881002331460A22F0
:10A08000504600F0E9FE039B002B064637DC33E028
:10A09000B8F1000F2ADC069B022B27DDCDF80C80DF
:10A0A000039B83B929460522504600F0D5FE0146A0
:10A0B0000546029801F0CFF800280DDC03E03D468C
:10A0C00000E000252E46099B049C6FEA030B0AE082
:10A0D000DDF828B03D463E46049B049A5C1C3123C3
:10A0E00013700BF1010BB0460026F7E0089BCDF88A
:10A0F0000C8023B9049CB1E0069B022BD0DC002C21
:10A1000005DD31462246504601F054F806469FB11F
:10A110007168504600F054FE3269023204469200E3
:10A1200006F10C010C30FDF75DFC01222146504682
:10A1300001F040F8804600E0B046009BDDF810904A
:10A1400003F00103059329460298FFF7CEFA314642
:10A15000044600F13007029801F07DF84246009075
:10A160002946504601F093F8C36802463BB90146C0
:10A170000790029801F06FF8079A034600E0012368
:10A1800011465046079300F050FE079B4BB9069AC4
:10A190003AB9059A2AB9392F28D0009B002B1ADC2E
:10A1A0001BE0009A002A04DB1AD1069AC2B9059A6C
:10A1B000B2B9002B11DD01220299504600F0FAFFDE
:10A1C0002946029001F047F8002802DC05D1FA0781
:10A1D00003D5392F0AD004F1310709F101040CE04D
:10A1E000002B09F101040BDD392F05D1392389F842
:10A1F000003009F1010954E0013789F800706DE081
:10A20000049B039A04F8017CE31A9342A1463AD0D6
:10A2100000230A220299504600F01EFE4645029095
:10A220004FF000034FF00A023146504604D100F0CF
:10A2300013FE0646804686E700F00EFE41460646BF
:10A2400000230A22504600F007FE80467BE70023E9
:10A250000A220299504600F0FFFD0290294602981A
:10A26000FFF743FA00F1300704F8017B049B039ADF
:10A27000E31A9342EBDB049B012AACBF9B1801332A
:10A28000B0469946002601220299504600F092FFFE
:10A290002946029000F0DFFF002802DC15D1FB0701
:10A2A00013D54C4614F8013C392B04F1FF3209D187
:10A2B000049B934204D10BF1010B3123049A02E079
:10A2C0001446EFE70133137008E04C4614F8013CE4
:10A2D000302B04F1FF3201D11446F7E729465046EE
:10A2E00000F0A3FDB8F1000F0DD02EB1464503D00C
:10A2F0003146504600F099FD4146504600F095FD2C
:10A3000001E0DDF828B00299504600F08EFD0023F0
:10A31000109A23700BF101031360219B1BB11C6089
:10A3200001E008480AE0049808E0039B002B3FF78F
:10A33000E1AE069B022B7FF7DDAEB1E617B0BDE8BC
:10A34000F08F00BF0B3903008A892DE9F0410546E3
:10A3500010070C4659D44B68002B02DC0B6C002B09
:10A3600017DDE66AAEB102F48052002392B22F6884
:10A370002B600AB1606D15E0216A01232846B047C1
:10A38000411C0FD12B686BB11D2B01D0162B03D1B3
:10A390002F600020BDE8F081A38943F04003A38132
:10A3A000BDE8F081A3895A0705D56368C01A636BBD
:10A3B0000BB1236CC01A00230246E66A216A2846C4
:10A3C000B047431CA38906D129681D293AD8214AE0
:10A3D000CA40D60736D500226260D90422692260BD
:10A3E00004D5421C01D12B6803B96065616B2F60F5
:10A3F0000029CED004F14403994202D02846FDF74B
:10A4000005FB00206063BDE8F0810F69002FC0D01C
:10A4100093070E6808BF4B690F6018BF0023C7EB96
:10A4200006088B6002E00744C0EB0808B8F1000F93
:10A43000AFDD43463A46216AA66A2846B04700285F
:10A44000F1DCA38943F04003A3814FF0FF30BDE866
:10A45000F08100BF0100402038B50B6905460C466D
:10A46000DBB118B183690BB900F060F80C4B9C426A
:10A4700001D16C6808E00B4B9C4201D1AC6803E051
:10A48000094B9C4208BFEC68B4F90C302BB1214653
:10A490002846BDE83840FFF757BF002038BD00BF51
:10A4A000504803007048030090480300014900F041
:10A4B000A9B800BF59A40000002310B504460360EA
:10A4C0004360836081814366C2810361436183612C
:10A4D000194608225C30FDF790FA054B6362054B84
:10A4E000A362054BE362054B2462236310BD00BFEA
:10A4F00095B60000B7B60000EFB6000013B7000035
:10A5000070B568234D1E5D430E4605F17401FDF7DD
:10A51000C3FA044640B1002180E842000C30A0603C
:10A5200005F16802FDF769FA204670BD836910B530
:10A53000044633BB8364C3640365124B124A1B6831
:10A540008262984204BF0123836100F01FF86060BB
:10A55000204600F01BF8A060204600F017F800220B
:10A56000E06004216068FFF7A7FF01220921A068CD
:10A57000FFF7A2FF02221221E068FFF79DFF0123EF
:10A58000A36110BDB0460300ADA40000F8B51C4B9C
:10A590001E68B369074613B93046FFF7C7FF483650
:10A5A000B4687368013B04D4B4F90C507DB16834CD
:10A5B000F8E733680BB13668F2E704213846FFF755
:10A5C0009FFF30600028F6D10C233B60F8BD4FF6AA
:10A5D000FF73E3810123A38165662560A560656043
:10A5E00025616561A5610822294604F15C00FDF73B
:10A5F00004FA6563A563A564E5642046F8BD00BF61
:10A60000B04603002DE9F8438046894600F148042E
:10A61000002694B1A5686768013F0CD4AB89012B73
:10A6200007D9B5F90E30013303D029464046C84753
:10A6300006436835F0E72468EBE73046BDE8F88369
:10A64000F0B506694B11B34200F1140527DA11F099
:10A650001F0105EB860605EB830201D1294616E0B2
:10A66000141D55F82320C1F1200ECA402B46B442D8
:10A6700009D2276807FA0EF73A4343F8042B54F837
:10A68000042BCA40F3E71A6052B1043308E0B24227
:10A690000B4605D252F8043B41F8043BF7E72B4642
:10A6A0005B1B9B10036103B94361F0BDA0F1300354
:10A6B000092B01D820380AE0A0F16103052B01D84D
:10A6C000473804E0A0F14103052B02D82738C0B277
:10A6D0007047002070472DE9F04F8BB08A469046B6
:10A6E0000693029000F0CAFA036803931846FDF738
:10A6F000F1FF039B019003444FF0000B13F8013C62
:10A700000793DAF8003002331F4613F8010B3028A4
:10A7100002D10BF1010BF7E7FFF7C8FF0446E0B9E0
:10A72000019A03993846FDF7DDFF002834D1019BDB
:10A73000F85CFE18FFF7BAFF80B33346187830286C
:10A740001F4603F10103F9D0FFF7B0FFB0FA80F51F
:10A750006D0934464FF0010B01E000252C463A46C6
:10A76000164601323078FFF7A1FF0028F8D1019A90
:10A7700003993046FDF7B6FF50B954B9019BF41860
:10A780002246164601323078FFF790FF0028F8D1B4
:10A7900034B1A41BA40003E03E4600E004460125BA
:10A7A0003378502B01D0702B2AD173782B2B08D003
:10A7B0002D2B03D0711C4FF0000905E04FF001096B
:10A7C00001E04FF00009B11C0878FFF76FFF431E4E
:10A7D000DBB2182B14D8A0F1100211F8010FFFF70B
:10A7E00065FF431EDBB2182B04D80A2303FB0202C9
:10A7F000103AF2E7B9F1000F00D05242144400E0E1
:10A800003146CAF800102DB1BBF1000F14BF002073
:10A8100006207CE1F31B013B2946072B02DD0131B9
:10A820005B10FAE7029800F0CBFA019B00F1140AE2
:10A830004FF00009C3F101030546CDF810A0CB4647
:10A840000893B7422FD2731E0593079A16F8013C5E
:10A8500093420BD0BBF1200F16D1049BC3F800909C
:10A8600004334FF000090493CB460DE0059B089A92
:10A8700013449F42EED81846019A03990993FDF7B5
:10A8800031FF099B68B1E5E716F8010CFFF70EFFF1
:10A8900000F00F0000FA0BF0059B49EA00090BF1EC
:10A8A000040B1E46CDE7049840F8049BCAEB000059
:10A8B000801028614701484600F047FBD8F8006047
:10A8C000381AB04226DD871B3946284600F045FE7F
:10A8D000C8B17B1E591103F01F024FF001095AF84D
:10A8E000211009FA02F20A420ED04B4502DC4FF069
:10A8F000020909E0B91E284600F02FFE0028F6D014
:10A900004FF0030900E0814639462846FFF798FEDC
:10A910003C440CE009DA371A29463A46029800F01E
:10A9200049FCE41B054600F1140A4FF00009D8F871
:10A9300008309C4208DD0298294600F076FA149A05
:10A9400000231360A320E2E0D8F80400844253DA25
:10A95000041BA6422EDCD8F80C30022B1AD0032B95
:10A960001CD0012B1DD1A6421BD1012E0BDC069A57
:10A97000D8F80430136001232B61CAF80030149B0F
:10A9800062201D60C3E0711E284600F0E6FD00282D
:10A99000EDD106E0159B002BE9D002E0159B002BC2
:10A9A000E5D10298294600F040FA149A002313607A
:10A9B0005020ACE0671EB9F1000F06D13FB1394617
:10A9C000284600F0CAFD814601E04FF001097A11E6
:10A9D000012307F01F0703FA07F75AF82230214630
:10A9E0001F42284618BF49F00209361BFFF728FE10
:10A9F0000227D8F8044000E00127B9F1000F00F069
:10AA00008180D8F80C30022B0ED0032B10D0012BF4
:10AA100076D119F0020F73D0DAF8000049EA000984
:10AA200019F0010F07D16BE0159BC3F101031593DA
:10AA3000159B002B64D0D5F810A005F114034FEA44
:10AA40008A0903EB090100201A68B2F1FF3F02D026
:10AA500001321A6020E043F8040B9942F4D8AB6845
:10AA60009A4512DB69680298013100F0A9F92A6958
:10AA7000023205F10C01834692000C30FCF7B2FF64
:10AA80002946029800F0D1F95D462B695A1C05EB66
:10AA900083032A6101225A61022F05F1140211D1A8
:10AAA000D8F80030013B9E4227D17111012306F0F6
:10AAB0001F0603FA06F652F821301E420CBF022789
:10AAC00001271AE02B699A450ADA01212846FFF787
:10AAD000B7FDD8F8083001349C423FF72CAF0BE0AB
:10AAE00016F01F0608D09144C6F1200659F8040C50
:10AAF00000F02BFAB042E8DB012747F0200701E025
:10AB000047F01007149B1D60069B38461C600BB075
:10AB1000BDE8F08FC2F10802920070B5C2F12006C4
:10AB20004368056803FA06F42C43D340046040F8F8
:10AB3000043F8842F4D370BD30B5036811F8014B6F
:10AB400001334CB11A78A2F14105192D98BF20327A
:10AB5000A242F3D0002030BD0360012030BD2DE9BA
:10AB6000F04F0B68D0F800B05E1102EB860613F0D0
:10AB70001F0385B018BF0436351F174600228246D2
:10AB8000019346F8042CA8462C46009291461BF8E7
:10AB9000011F00293CD0084603920291FFF786FD71
:10ABA000039A00BB0299202916D8009B9945EEDD37
:10ABB000444505D2072A03DC41462046FFF7AAFF99
:10ABC000BC4223D90023A4F1040844F8043CCDF886
:10ABD000009044461A46DAE7292948D10BF10103CF
:10ABE000CAF8003014E00132082A09F1010906DD33
:10ABF000BC42CCD9002344F8043C0122043C216827
:10AC000000F00F0040EA01102060C0E70822BEE714
:10AC1000B9F1000F2BD0444505D2072A03DC414689
:10AC20002046FFF777FFBC420CD93B4654F8042B73
:10AC300043F8042BA542F9D2002243F8042B9D428D
:10AC4000FBD20BE0019B4BB1C3F120024FF0FF336D
:10AC5000D34056F8042C134046F8043C2B6843B903
:10AC6000BD4202D101232B6003E0043DF6E704203E
:10AC700000E0052005B0BDE8F08F000000487047F7
:10AC8000E4000020F0B58B899D0791B006460C4684
:10AC900026D4B1F90E10002909DAA38913F0800F28
:10ACA0004FF0000514BF40274FF480670DE001AA64
:10ACB00000F056FD0028F0DB029D05F47045A5F577
:10ACC00000514D424D414FF4806739463046FCF704
:10ACD000E3FE60B9A3899A051DD443F00203A38162
:10ACE00004F14703236023610123636113E00B4BED
:10ACF000B362A389206043F08003A3812061676170
:10AD00004DB1B4F90E10304600F03CFD18B1A389E6
:10AD100043F00103A38111B0F0BD00BFADA400005A
:10AD200001F0FF01102A2BDB10F0070F08D010F8FC
:10AD3000013B013A8B422DD010F0070F42B3F6D100
:10AD4000F0B441EA012141EA014122F007047FF019
:10AD500000070023F0E80256083C85EA010586EA70
:10AD6000010685FA47F5A3FA87F586FA47F6A5FAAC
:10AD700087F68EB9EED1F0BC01F0FF0102F00702B8
:10AD800032B110F8013B013A83EA010313B1F8D163
:10AD90000020704701387047002D06BF3546033844
:10ADA000073815F0010F07D1013015F4807F02BF7D
:10ADB000013015F4C03F0130F0BC0138704700BFCE
:10ADC00070B5456A04460E463DB91020FCF7FAFD01
:10ADD0006062456085600560C560656AEB6843B187
:10ADE000636ADB6853F8260078B1026843F82620CE
:10ADF00017E021220421204600F0D1FB636AE860BD
:10AE0000DB68002BECD1002070BD012101FA06F5B2
:10AE10006A1D9200204600F0C2FB0028F3D0466075
:10AE2000856000230361C36070BD70B5446A064647
:10AE30000D463CB91020FCF7C5FD7062446084608B
:10AE40000460C4603DB1736A6A68DB6853F822101D
:10AE5000296043F8225070BD2DE9F0410D691F466D
:10AE600006460C4601F1140E0023DEF8000081B204
:10AE700002FB01710F0C000C02FB007089B2013360
:10AE800001EB00419D424FEA10474EF8041BECDCF9
:10AE9000D7B1A3689D4212DB616830460131FFF7EC
:10AEA0008FFF2269023204F10C01804692000C30BF
:10AEB000FCF798FD21463046FFF7B7FF444604EB08
:10AEC000850301355F6125612046BDE8F0812DE9EC
:10AED000F8430C4615461F4609220833064693FBE5
:10AEE000F2F3002101229A4202DA52000131FAE71C
:10AEF0003046FFF765FF089B4361092D4FF00103C2
:10AF0000036111DD04F10908C1462C4419F8013B25
:10AF10000146303B0A223046FFF79EFFA145F5D19E
:10AF200008EB0504083C01E00A3409252D1B6319D0
:10AF30009F4208DD14F8013B0146303B0A223046AF
:10AF4000FFF78AFFF3E7BDE8F883030C1B0413B98E
:10AF50000004102300E0002310F07F4F04BF000224
:10AF6000083310F0704F04BF0001043310F0404F5D
:10AF700004BF80000233002803DB420003D5581CC5
:10AF800070471846704720207047036813F0070287
:10AF90000BD0D90722D49A074BBF5B089B080360EC
:10AFA00003604CBF01200220704799B209B91B0C05
:10AFB000102213F0FF0F04BF1B0A0832190704BF49
:10AFC0001B090432990704BF9B080232D90702D437
:10AFD0005B0805D0013203601046704700207047BF
:10AFE0002020704710B50C460121FFF7E9FE012231
:10AFF0004461026110BD2DE9F74F14460A692369C7
:10B000009A42B8BF0B468846BCBFA0461C46D8F83B
:10B010001070D4F81090D8F80830D8F8041007EB66
:10B0200009069E42C8BF0131FFF7CAFE00F11405B0
:10B0300005EB860C2B460022634502D243F8042B15
:10B04000FAE704F1140208F1140102EB890301EBA1
:10B0500087070093009B0192934257D9B2F800B042
:10B06000BBF1000F23D08946AE464FF0000859F8D7
:10B07000044BBEF800A0A3B20BFB03A34FEA144A93
:10B08000DEF8004043444FEA14480BFB0A8404EB0B
:10B090001344F2469BB243EA04434F454FEA144837
:10B0A0004AF8043B01D9D646E1E7CEF80480019B7B
:10B0B000B3F802A00432BAF1000F21D02B682C465D
:10B0C00089464FF00008B9F800E0B4F802B00AFB76
:10B0D0000EBEF044A3469BB243EA08434BF8043B40
:10B0E00059F8043BB4F804E01B0C0AFB03E303EB40
:10B0F00018434F454FEA134801D95C46E3E76360C4
:10B100000435A7E75CF8043D13B9013E002EF9DCD5
:10B11000066103B0BDE8F08F2DE9F843154612F043
:10B12000030206460F4607D0013A214C002354F88B
:10B130002220FFF791FE0746AD1036D0746A3CB965
:10B140001020FCF73FFC7062446084600460C460BF
:10B15000D6F82480D8F808404CB940F27121304626
:10B16000FFF740FF0023C8F80800044603604FF0D3
:10B170000008EB070AD5394622463046FFF73BFF69
:10B18000394681463046FFF750FE4F466D100CD0D1
:10B19000206808B10446ECE7224621463046FFF716
:10B1A0002AFF2060C0F80080F4E73846BDE8F88345
:10B1B000A84903002DE9F0470C464FEA621A2669B8
:10B1C0004968A368564407469146751CAB4202DAAB
:10B1D00001315B00FAE73846FFF7F2FD00238046B5
:10B1E00000F114011A46534503DA41F823200133D4
:10B1F000F9E72AEAEA73206901EB830319F01F09D2
:10B2000004F1140101EB800E14D0C9F1200C0022CE
:10B21000086800FA09F002439A4643F8042B51F8F3
:10B22000042B8E4522FA0CF2F2D8CAF8042042B15F
:10B23000B51C06E0043B51F8042B43F8042F8E455F
:10B24000F9D8013D3846C8F810502146FFF7EDFD0A
:10B250004046BDE8F08703690A699B1A10B511D111
:10B2600092001430143183180A4453F8044D52F8F4
:10B27000041D8C4202D007D3012010BD9842F4D3A4
:10B28000002010BD184610BD4FF0FF3010BD2DE955
:10B29000F8430C460746114620461546FFF7DBFFEC
:10B2A000061E08D131463846FFF78AFD01230361A7
:10B2B0004661BDE8F883BCBF23462C46384661682A
:10B2C000BABF1D4601260026FFF77AFD2B69C6602E
:10B2D000266905F11409143404EB860709EB830889
:10B2E00000F114054FF0000C54F8043B59F8042BFE
:10B2F0001CFA83F11FFA82FE120CCEEB0101C2EBA5
:10B30000134303EB214389B24FEA234CC84541EA7A
:10B310000343A64645F8043BE6D8BE450ED25EF888
:10B32000041B1CFA81F2131403EB114392B242EA9C
:10B3300003424FEA234C45F8042BEEE755F8043D51
:10B340000BB9013EFAE70661BDE8F883124B10EE37
:10B35000902A1A40A2F15073002B02DD00201946FA
:10B3600017E05B421B15132B4FF000004FF000015C
:10B3700004DC4FF4002242FA03F10AE0143B1E2BD6
:10B380004FF00102DABFC3F11F0302FA03F31346C1
:10B39000184641EC100B70470000F07FF8B50569C6
:10B3A00000F1140606EB85052F1F55F8044C2046C6
:10B3B000FFF7CBFDC0F120030A280B6014DCC0F1BD
:10B3C0000B0E24FA0EF1BE4241F07F5334BF55F804
:10B3D000081C0021153004FA00F021FA0EF143F4A4
:10B3E000401340EA010223E0BE423ABFA5F108073C
:10B3F00055F8081C00210B3815D08440C0F12005F9
:10B4000044F07F5444F44014B74221FA05FE44EA64
:10B410000E038CBF57F8044C002401FA00F0EC40F6
:10B4200040EA040204E044F07F5343F440130A4628
:10B4300043EC102BF8BD2DE9F7430E46012159ECE2
:10B44000108B1546FFF7BCFCC9F30A540746C9F335
:10B4500013030CB143F480130193B8F1000F19D01A
:10B4600002A840F8088DFFF790FD009B48B1019AB3
:10B47000C0F1200102FA01F10B43C2407B6101924D
:10B4800000E07B61019BBB61002B14BF0221012105
:10B49000396107E001A8FFF778FD019B7B6101217D
:10B4A0003961203034B1A4F2334404443460C0F133
:10B4B000350009E007EB8103A0F2324030601869E3
:10B4C000FFF743FDC0EB41102860384603B0BDE8EC
:10B4D000F0832DE9F743884669468146FFF75EFF12
:10B4E00001A9404655EC104BFFF758FFD9F8103032
:10B4F000D8F810209A1A9DE80A00C91A57EC106B68
:10B5000001EB4213002BCCBF05EB0355A7EB035710
:10B5100032463B4620462946FBF7FCFD41EC100B2A
:10B5200003B0BDE8F083013910B549111469013148
:10B5300002F1140300EB810103EB8404A3420246F1
:10B5400004D253F8042B40F8042BF7E700238A4277
:10B5500002D242F8043BFAE710BD00F11402006980
:10B560004B11984210B50CDB0CDD11F01F0109D016
:10B5700052F8234024FA01F000FA01F18C420CD178
:10B5800000E0034602EB8303934204D953F8041D01
:10B590000029F9D001E0002010BD012010BD38B510
:10B5A00002FB01F42146FCF777FA054618B1224662
:10B5B0000021FCF722FA284638BDF8B507461546A3
:10B5C0000E4621B91146BDE8F840FCF765BA1AB934
:10B5D000FCF71CFA2846F8BD00F0F6F885420ED9B3
:10B5E00029463846FCF758FA044650B131462A46F7
:10B5F000FCF7F8F931463846FCF708FA01E0304626
:10B60000F8BD2046F8BD1F2938B504460D4604D9BB
:10B61000162303604FF0FF3038BD426C12B152F870
:10B6200021304BB9204600F033F82A460146204627
:10B63000BDE8384000F01AB8012B0CD0591C03D1DA
:10B6400016230360012038BD0024284642F8254017
:10B650009847204638BD002038BD0000024B014607
:10B660001868FFF7D0BF00BFDC00002038B5074CDA
:10B670000023054608461146236000F0E1F8431C0C
:10B6800002D1236803B12B6038BD00BFB80500208C
:10B6900000F0C6B810B50C46B1F90E1000F09EF8D7
:10B6A0000028ABBF636DA3891B1823F48053ACBF84
:10B6B0006365A38110BD2DE9F0411F468B89DB0531
:10B6C00005460C46164605D502230022B1F90E1098
:10B6D00000F068F8A389B4F90E1023F48053A38115
:10B6E00032463B462846BDE8F04100F017B810B599
:10B6F0000C46B1F90E1000F055F8431CA38915BF94
:10B70000606523F4805343F48053A38118BFA38161
:10B7100010BDB1F90E1000F013B8000038B5074C99
:10B72000054608461146002222601A4600F0AEF88F
:10B73000431C02D1236803B12B6038BDB80500203B
:10B7400038B5064C002305460846236000F058F83B
:10B75000431C02D1236803B12B6038BDB80500201B
:10B7600038B5074C0023054608461146236000F013
:10B770004FF8431C02D1236803B12B6038BD00BFD2
:10B78000B805002038B5064C00230546084623605E
:10B7900000F04EF8431C02D1236803B12B6038BD82
:10B7A000B805002038B5074C05460846114600226A
:10B7B00022601A4600F04CF8431C02D1236803B102
:10B7C0002B6038BDB805002051F8040C0028BEBF1E
:10B7D000091851F8043CC0180438704738B5074CB4
:10B7E000054608461146002222601A4600F038F845
:10B7F000431C02D1236803B12B6038BDB80500207B
:10B80000024B58221A604FF0FF307047B8050020F5
:10B81000024B58221A604FF0FF307047B8050020E5
:10B82000024B58221A604FF0FF307047B8050020D5
:10B83000024B58221A600020704700BFB805002054
:10B84000024B58221A604FF0FF307047B8050020B5
:10B85000024B58221A604FF0FF307047B8050020A5
:10B86000024B58221A604FF0FF307047B805002095
:10B87000044A05491368002B08BF0B4618441060A2
:10B8800018467047B4050020C0050020024B58221E
:10B890001A604FF0FF307047B8050020FEE700BF88
:10B8A000F8B500BFF8BC08BC9E467047F8B500BFAD
:10B8B000F8BC08BC9E467047000000000000000075
:10B8C0003B0300001903000000000000000000001E
:10B8D0003B030000190300002800030205050505CD
:10B8E00006101000FE0AFE0BFF019D03380506201E
:10B8F0000600408F022108415188E2900822088505
:10B90000488C22730B230F464588AAA76148A2964C
:10B9100061887A0224124745882E1C942892C279A5
:10B920008CA4CA206600251447458846939252127B
:10B9300029699C26521225254D0126124745886A01
:10B940002B6595504C222D11934C9A02270781505C
:10B950008C6208280C83CD872A8992A8B7280B29E6
:10B960000D83C987228BB2A8972889002A0DE7C4C6
:10B9700088AE5469DB92A65A062B0CE7C4882EAE1B
:10B980000D4316D7002C09824C87424914002D071D
:10B9900024488A62082E07424C8862082F0C4645CC
:10B9A00088B6580DD3B09A0230124645884A8B9219
:10B9B000509B1225DAC424CA2400310C4549882A38
:10B9C0009392B04F8300320F46458866484231CD8E
:10B9D000B4B09A0E033310464588664842318DE66E
:10B9E0005414932101341046458832D492A89225EC
:10B9F00059328C6905350F464588E2905607394D16
:10BA0000C5644800360F4645886A0AD3745042C759
:10BA1000644800370C464588E25A4C8B691300385D
:10BA200010464588664842633224A16332240039B7
:10BA30000E4645886648426332A88DD1043A09E231
:10BA4000CC88628887003B0A22CD876288954401B2
:10BA50003C0925498832EBDA013D09A64489E24ECA
:10BA60001C063E0925458822EDD6113F0F46458824
:10BA7000664842310DAB3998460040124645886A07
:10BA8000CAA4444996488994485AE221410E464541
:10BA9000884A8B5A42711844C700420E4645886254
:10BAA0005042E3B0848EC302430E46458866484246
:10BAB0006B4731191200440E4645886288B224F45F
:10BAC0005B324400450D464588E2905607256D1DC2
:10BAD00006460C464588E290560725ED0A470E4675
:10BAE00045886648426B69086DCA12480C4645880D
:10BAF00022741C06D16300490B4549886290C27EBE
:10BB00001A044A0E4745886A10E39EB228CB3600D5
:10BB10004B1146458822D492A89289629245B52459
:10BB20000C4C0A46458822EDAFC3004D0D464588B2
:10BB30002214A7215A3C3A064E1046458822DC368C
:10BB4000255222299112ED184F0C4645886648422D
:10BB50007F4C8604500D464588625042E3B0A45D98
:10BB600001511667C5876688C2244CC2244CC22482
:10BB70004C122591A421175210464588625042E389
:10BB8000B044B5244B4231530E464588664842B313
:10BB9000A3980C0900540A474588E290C5FD0D554D
:10BBA0000B46458822F48FC99000561147458822DC
:10BBB000B52659944559254CD23803570D4645882A
:10BBC00022F4E2320DD12806580F464588221493FC
:10BBD000A84DD4A296500C590E4745882255932C57
:10BBE000CA2A69DC0D5A0B464588E25AEC351D0617
:10BBF0005B0A83D1876288FAA7015C0C46458822DC
:10BC00008DAB711A57035D0A83C58762EA9F860070
:10BC10005E0966C48C4A8B92305F0727C487E210A6
:10BC2000600763488D222B610E0645886648C23442
:10BC300019469BB204620E664588226D5934D17153
:10BC4000531600630D064588664842B563322400EA
:10BC5000640C664588B665D1466FCA12650F064505
:10BC6000886648427118D462322400660C654588A3
:10BC70004E0A4B8314F60467136645873659B4247D
:10BC80004BB2684B872414932101680C66458822C7
:10BC90006D5934D1C700690C6549882ACC11B14F60
:10BCA00083006A0CA54587B28E887D9422096B11AA
:10BCB000664588226D4BA24A262659544BC2006C19
:10BCC0000A65498846EC9F06016D12074588625156
:10BCD000A2488AA4488AA4488AA4026E0B06458812
:10BCE000225934D1C7006F0C0645886648421F931D
:10BCF0002101700E464587225934D171539634057F
:10BD0000710C46458766D1466FCA9216720B06457E
:10BD10008822593451ED0A730D064588664842D988
:10BD200031191200740B4545882A2C0D52D85575CF
:10BD30000A06458822F49BB204760C064588223414
:10BD400026516FA204771107458822952229922255
:10BD5000299222A96201780F06458822149328139C
:10BD6000B52809C500790E46458722F4984496B453
:10BD70003224007A0A064588E21AF63A0C7B0EA4B1
:10BD800049874AC9C22C2AD6A22C147C08C15187E3
:10BD9000E283007D0FA4498742CCA22C2CD5C22C73
:10BDA00091007E0A67448C4693224D017F23104206
:10BDB0000723E97792CE49271D926C4AC2344A86FE
:10BDC000249B92309D8664D839E99C7452D20F80AE
:10BDD0002410420723E97792CE49276DD2322551AC
:10BDE000124587241AC228898A51B2E89C744E3AB7
:10BDF00029E907000000944F100CF250D511705241
:10BE00005B0FFE53E3100455430F74576F10F7593F
:10BE10007310515BB410955DE80FAE5F7C106561E7
:10BE20005810F562C91175643611B7658C12B76781
:10BE3000460FE3696D10C56C1F11976DCC100F6F25
:10BE4000871197720D11B874E3116A76C2104E789B
:10BE5000D011277B1B10D87D62113C800D116B81A6
:10BE6000C3125F840C0FA8871810D78A3411808CF6
:10BE7000A111CD8ECB11C49084111A92E4125E965A
:10BE8000991201987411F9FFFF20270842CC8962AA
:10BE90000830010A84CC0923D4B40030020B844C4E
:10BEA000094789A44401300810E5E107B31666612B
:10BEB000562DA6611A06300911E5CD07234CC3346F
:10BEC0004C6BC52CCCC210300A1DE8D507330AA331
:10BED0002C0AA32C0AA32CCAA2344AA3304AA330AA
:10BEE0004AA3300A300B1EE8CD07230AA3340AA365
:10BEF000340AA3344AA32CCAA230CAA230CAA23040
:10BF00000A01300C0A65E109E3D83F02300D0A65E9
:10BF1000CD07B37F1C06300E1666DD09E3102A83B9
:10BF2000922559922559922559926D00300F166627
:10BF3000CD076F4BB2244BB2244BB2244B06451CA9
:10BF4000860030100FE5E107E3653A69BE4D87646E
:10BF50001030110FE5CD07635086E8E64F97E100FA
:10BF600030140BE4E5072F6AEB8F0D30150CE4CD90
:10BF700007236CEB4F6D004E00082F400BE3074E7C
:10BF8000011EED4507E3439CA3399AA3399AA339CF
:10BF90009AA3399AA3399AA33996E4600E4E031DE9
:10BFA000EEC1073B87733887733887B3211DC441BF
:10BFB000C9E11CCEE11CEEFB30044E08260F4207FF
:10BFC0001FC9F11CCFF17C78C8A11C0A7328CCB121
:10BFD0003A18E56892C3399CE4609623AAB64303F5
:10BFE0004E09118F41086778C8F9FB70D0F9EFC38B
:10BFF000074E0A1FEFC1073BC7733CC7733CC773AB
:10C000007C187224C7733CC7733CC7733C47860FC8
:10C010004E0B21EF4107E3E71CCFF11CCFF12807BE
:10C02000B31C0B7328CD913447723CC7733CC77364
:10C03000044E0D23EE41076778C8911CCED11CCE6B
:10C0400051258792288FB2340BB3304DD254CEE1B4
:10C050001CCEE1184E141CCFC1076F38E7711EE7E4
:10C06000F170CEE33CCEE3E19CC7799CC779367C86
:10C070004E1626EFC1073BCBA32C8FB23CCAF22849
:10C080000B876F519647591E657994E5D1A0E778E3
:10C090008EE7F87050004E1824EFC1071FCCD12155
:10C0A0001D7628C7733CC7737C3888698EA4399283
:10C0B000E6489A23698EA4E9F0014E1927EF41075B
:10C0C000E3F71CCFF11C191EA2B49496C2248CC2B3
:10C0D000288BB2306A8DEA609483510E25518E45CB
:10C0E000004E1F22EF41076778C8911CCFF11C1A40
:10C0F0000E3A94E3399E0F9F733887D3BC3A1CD411
:10C100001C89004E2623EFC1072FAFE650160F0FF4
:10C1100071966375AC9C75CA8A4916A54996E44820
:10C12000966375AC3A7C4E2B1EEA49072347CA59E1
:10C130009846399243399443399443399443399416
:10C14000433914024E2D1E0B4A0737C7722CC7D233
:10C15000E1311443311443311C1EC26A8EE5588EFE
:10C16000A5004E321F0D46073B47F3E12085A5B0E1
:10C17000341CF41C8D87073555D3E16B3947733474
:10C18000064E38270F42073BC7733CC7736838E435
:10C19000583DCA72A49643610E853952CB91A8D6F8
:10C1A00094457996E4D0A0134E3922EF41076F38B9
:10C1B000E7711E47619C95B3729E0DDFF2388FF3D5
:10C1C0003447D21C09F324CBA1104E3B1FEFC1070B
:10C1D0003BA7E44CC3438EE4788EE7780E0D071D31
:10C1E000CAF11CCFF11CCF870F4E4327EE41076BDE
:10C1F00038E4691EE6489823590E65839A873912F8
:10C20000E6489823590E653954C7921C69C7220025
:10C210004E45230F420737C7733CC7871D49732418
:10C22000CDD33C6EC77338C9C128C7C21C89531D02
:10C230008974504E4B1EEEC50737C77338A70FEFF2
:10C24000688EE6688EE6688EE6680EEA609443E1E2
:10C25000704E4D250F420733C7737C3868510E4628
:10C26000395687C26188D21CCFF11C1F063DC773A7
:10C270003CC7733C47004E4E220F42071FCCC141C2
:10C280001C763CC7DAA32C8FEA603E7CCFF11CCF32
:10C29000F11CCFD1248773044E4F21EFC1071FCC6F
:10C2A000B1611B762E3925C77364784775500775C1
:10C2B00050077534CAB17038044E52240F42071F1C
:10C2C000CBD1211E742CC7737C38A4610E85391420
:10C2D000E650180FDFA9399CC3399CC3004E532484
:10C2E0000F42071FCBD1211E742CC7737C38A46169
:10C2F0000E853914E650180FDFD9724A4EC929113C
:10C30000004E56270F42071F9A871DCEF17CF89EDC
:10C3100083511D899A86A81247911ED532A93624C9
:10C320005136E4399EE339004E58290F42071F1950
:10C33000C461C7736478C8911C8C5A06299AA35AA1
:10C3400034D5A6641AD2A40E356B99A4A67A8EE7CA
:10C35000004E5920CDC507E34107733007733007FE
:10C360007330077330477330C7921C4B722C1A0E10
:10C37000024E5D270F420737C7733CC7736C38E422
:10C38000509843610E853992E6489A23691E67E505
:10C390002CCAB32487069D004E5E23EEC107338767
:10C3A00073743868399AA3391A0D830EE7680EEA58
:10C3B000980EE6489643590E85C3214E5F25EFC17E
:10C3C000073FC773AC8E95E46C89932D9DB24CC921
:10C3D000CA59394BCA599467719663752C1C0E0261
:10C3E0004E732F0F42073BCB91210A873807A330AA
:10C3F000CAA2344AB21C0F8721CBA13047D21C19E4
:10C40000A27050B3244AB330CDA2241EB21C044EF5
:10C410007E2D0F42072FCD913447C278189261C804
:10C42000EAC8B04359344C839C55C341CCD37418EB
:10C43000921CCAE2AC9C85C390E520004E82320F6C
:10C4400042077388C2214EA3E6AC380C599E84394A
:10C450009286C3208551520A932189C2540A93219E
:10C4600089322929655A549392DAA0643A004E869B
:10C470001EEC4507E33B96633996433A9683399819
:10C48000833998833998833994E4580C4E8821EE87
:10C4900045076BB8C33992E55892A3F1F0A0A7798C
:10C4A0009823399CC3399CC33998E4680E4E8B2578
:10C4B0000F42073FC7F3E17B0E0D07B17138E8501B
:10C4C0000E0D071D0AA3E17B180E071DCAD1248794
:10C4D00073044E8C0E4FC1086B38E8FCFFDBF00193
:10C4E0004E8E20EF41076B38E8508EE7788EE7C319
:10C4F000F71CCFF11CCFF11CCFF11C4D7238470057
:10C500004E921DCFC107677888733CC7737818F4C3
:10C51000388FEB717D18743C87733C1D3E4E94211F
:10C52000CFC1076778C8733CC7733CC786438EA4E6
:10C530003992E6489A23691EE7711E67C3074E9534
:10C54000260F420733CD913447D21C49D3E121ADA8
:10C5500023698EA4399286C3C73447D23CCEE37A8E
:10C560009A2321004E9B24EFC10737CBB17A943533
:10C570002D5118656B9485512D8C922109077950A6
:10C58000726EC39DF3F090004E9E24CFC107677872
:10C5900088B31CAB63F5211BC21C0A7328CCA130E5
:10C5A00087C2211BF22CC7EA5875F8004EA11EEF76
:10C5B000C1073BA7E478CE327CCBF11CCFF11CCF76
:10C5C000F11CCFF11CCFF1E1A0004EA2240F4207D5
:10C5D0003BA7E4783E7CE73C0C3992E6489A236915
:10C5E0008EA4399266E5AC9C45393224390C4EA4B0
:10C5F000230F42073BA7E4783E7C27E6718E8479BF
:10C60000D41AC5590E26399CC3498E69B9ACE9D8EC
:10C61000004EA5210D4607378773EAF090E6600EBD
:10C62000A6ADC390E559ACA562A82639A2A572B201
:10C6300043014EA6260F42073BA7E4783E7CCD720D
:10C64000AC1E65491A6551186551D6296BC9C22CB3
:10C650000D7324CDC3242E034EA8210F42073BA700
:10C66000E4C377E270CEE33C1EEEE4E190A33AA887
:10C67000C3399EA3490EE708004EAB210F42073B8A
:10C68000A7E4C8F0905387731E0F77FA30E8708ED6
:10C69000CAC3F71CCFD1248773044EAC200F4207C6
:10C6A0003BA7E4C377AEC3398FF3388F873B9663DC
:10C6B000CD59D81A65499AE708004EAD240F4207B4
:10C6C0003BA7E4C8F0905387731E0F77EAF0A0E40D
:10C6D000A8345C7224C7733C47931CCE11004EAE45
:10C6E000270F42073BA7E4C8F09093872147D21C4D
:10C6F00019869C3C3C28392A0E5A9CE5581D0A4B49
:10C700006AB82383004EBA230F42073FC7733CC762
:10C71000733CC77338C9D12407B31CAB43698EA4DB
:10C72000793587B21C4C72384EC0230F420733CD87
:10C73000913447D23CCEE3588E95E19094C328CEF5
:10C74000E33CCEE33CCEE33CCEE3104EC1240F42AB
:10C750000733C7733C87A361107358877534C9C109
:10C7600028C7733CC7733C190E598EE7780E024EEA
:10C77000C7290F420733CAC12807A31CAB63C930BE
:10C78000A45A552B26595356CECA59390AA32C0AF6
:10C79000A32C49A34CDF72104ECA220F42073FC799
:10C7A0007338C9C12C87D23C0AD3B0A4A63A71B859
:10C7B000E3399CE3399CC3399C034ECB250F4207D8
:10C7C0003FC77338C9C12C87D2BC9A439194466243
:10C7D0009A23698EA43992E6711ED7D31C09014EA3
:10C7E000CD290E4207338773381986B01696423129
:10C7F0000AC5244CC26490C25A58AB66D5AC9A455F
:10C800007116654998A411004ED4290F420733C709
:10C81000936188F3348FCB6AAEC649321CA4344787
:10C82000D21C497324CD913447D21CC9921C096390
:10C83000004ED5280F4207B30E853914E6489A23D7
:10C84000693E3C446A9CA4A53447D21C497324CD5C
:10C8500091344792E198E339084ED62D0F4207B341
:10C860000E85399444391255D428524229914249AF
:10C8700089B26488FA356A8D2A6A54CCA23C8BF25C
:10C880002C1B062D07014ED7240F420733CEE33C65
:10C89000AEC7D170D2533D4CB2A6AC1C467118C580
:10C8A0006912D7D324CEB43491054ED8240F420751
:10C8B00033CEE33CAEC7C97088F4540F933C8BB2BF
:10C8C0007218C56114E7711EE7719AC445004ED90C
:10C8D000250E42072FCDD33C8D9BB28A9455A42CB4
:10C8E00053A2AC542BD54AB552AD542B45C329C7DE
:10C8F000A21C044EDF2A0F420733CEC3214E861CF2
:10C90000497324CDD55C8D93643848698EA43992DF
:10C91000E6489A23698EA43992E6489A024EE328A3
:10C920000F4207338BF2AC9C55C31C0A934152064D
:10C930005DCC93B494E6489A23711E67F528CB9199
:10C940005A0E6939164EE4240F42073FC77338C99F
:10C95000C12C87922CCFAA614907B5E18EE7700EF2
:10C96000653998E4704EC9F1184EE5240D4A071F49
:10C970008AD3AC98855931AB23598E6479988779DD
:10C980001865691226999845615ACF72244EF02D88
:10C990000E42073387B31C4AA4218BB2288BB228DE
:10C9A00092B22892B228296591548BB2288BB22872
:10C9B00049942C929230CAE2BE014EF2260E4207F2
:10C9C000B38E843912E6699E0C27252B2959A52D93
:10C9D0009392AC256B196E49D69AA7799AA7210034
:10C9E0004EF6270F420733CD913447A27A16E5D988
:10C9F000306452164B599A144B719E0C872CCEE31F
:10CA00003CCEE33CCEE3104EFB2A0F420733CEC3AD
:10CA1000214E861C497324CDD55C8D93E1214A7348
:10CA200024CD913447D21C497324CD916438E6203B
:10CA3000004EFD2D0F420733CEB328CFA238CCD203
:10CA40002C0CB53493E228A90C8B14666998A56167
:10CA50009686599A856916A65196A4499A014EFF61
:10CA60002B0F420733CBB13087C21C498643568710
:10CA7000B41CD272A4364CB530CDC2340BD32C4C7E
:10CA8000A3B49456B2245643004F0122EFC1073F8E
:10CA9000C77338C9C12C87D258CB2435D573AC8E17
:10CAA00065C39AE5581DAB63F5E1034F0A2C0F42AD
:10CAB0000733C7936188B36A98A561162AC3211208
:10CAC000B34A9845C52C8D86210DB334CCA12CC713
:10CAD000EA589483490E014F0D2C0F420733C79338
:10CAE0006150C31C497324CDD55C1A862C09B3A8A8
:10CAF00098A5619686599A856916A6599826C321E4
:10CB0000CB41004F0E280F4207B30E853914E6487B
:10CB1000321CB2345773354E9261905A4B69AD1C3A
:10CB200026799A23619267999AC8024F0F260F427D
:10CB300007B30E85491E466929AD2BC32152E32454
:10CB40002D85491E267998E459392B4769250F759B
:10CB5000284F102A0F4207338BF2AC9C55C31C0A96
:10CB6000934152065DCC93344BA2340BD3288DE510
:10CB70005A3589B24C4BB244D6722C4F11290F4210
:10CB800007B30E853914E6489A23C97088D45C5CD3
:10CB900093708CB2A49C25E5A835C98A622DCD91ED
:10CBA0003447D2144F2F2C0E4207B38E843992E5AE
:10CBB00048340C5A1447521C4971528AA56818B45B
:10CBC00028CEA2388BE22C8AB328CEA261D0A2381C
:10CBD0004F30290F4207B30E853914E6489A23C90E
:10CBE0007088D45C8D93B4140D431AA5A5B49496A3
:10CBF000D2525A1A86344A23004F342A0F4207B3BE
:10CC00000E255196464994664939CD95E1A6C64907
:10CC10005A4A7364784B7324CD913447D21C4973BC
:10CC2000244D014F36280F4207B30E8539942579DC
:10CC300098E459556A54C248298751340C698EA426
:10CC4000799C95C3244F7324CEE3104F38270E42AE
:10CC500007B38E843912E6C9704BB292929594ACA8
:10CC600052190E5192B5642D59CB704BB2D63CCDB2
:10CC7000D3104F3A300E420733879361107324CBA1
:10CC8000A12C198624D2A1488792D22049B5288B9D
:10CC9000B2288BB2288B0629CBA12C87B23CC97253
:10CCA00024014F3C2C0F42072F47D22C4CC32C8C15
:10CCB000B2288CB22893E24C8AA3248AC3282DA5DB
:10CCC000A5B49444491869511665ADA5300E4F437B
:10CCD000260E42072F877338194EB552AD226515BF
:10CCE00029CB946838D54AB552AD542BD54AD1706A
:10CCF000AA4739084F462C0F420733C7733C190621
:10CD0000318AC328CEA4389386414AA23889CA61A1
:10CD10001487D13088511CE6788E27C321CB41007F
:10CD20004F4D260F420733CBB13087C21CC9F16487
:10CD3000B8E9B08E64499446ADB57256CECA5994DE
:10CD4000C7F9F09683004F4E2F0F4207338FD32140
:10CD50004D063DCAF2288BA52C96B23489864354E1
:10CD6000CBA3308EC2380AA32C4A932C4AB2248B10
:10CD7000A4488BC2284F4F280F420733CBB13087CE
:10CD80007238198E69AEE66A9CA4A56438A63992F9
:10CD9000E6489A23698EA43932BCE520004F502B17
:10CDA0000F420733CBB13A5687C21C4A864324E66A
:10CDB000889623B53CCA86218CB23CCAF224CC9317
:10CDC0003057F368B8E520004F512D0F4207B30EDE
:10CDD000853914E6489A23C97088C41C11F324CB02
:10CDE000A36818C4A41A4A6998A5619686591A6658
:10CDF000C3106669024F55290F420733C7733819AC
:10CE00000E598E8439144A439425517F8D5AA3D6E6
:10CE10006888D2A83547D21C49E324CD33004F5946
:10CE2000260F42073FC77338C9C12C87D2BC9A0C62
:10CE30004312A9A99E43C3418772AC390B5BA32C53
:10CE400049F31C014F5B300F4207AF9467519E4579
:10CE500071321CB2302A8951491A2EA5248A93A80E
:10CE60009C0C07298CB2288CB228AB94B252168540
:10CE7000719286004F5C2D0F420733CAC12807A369
:10CE80001CCB86418B921C91921C51A23C0907A994
:10CE90009843610E8539140E631D0A7328CCA130A6
:10CEA000064F602B0F420733CBB13A5687B261D0A1
:10CEB000CA9114674A98267118655192665131CA11
:10CEC000A230CA5AC2AC9C87499EA6004F69310F56
:10CED00042072FC793E198E45994675132289194FF
:10CEE00095A4AC524A06258B926E51D22D4ABA4572
:10CEF00049B72849962CCA32A9964949584F6C2BF4
:10CF00000F4207B30E8539146661342C611A856AA5
:10CF1000922AC321A996C21CCAC45212A949B46B51
:10CF20006916A6593A6C39084F6F2B0F42073349DF
:10CF3000E3288CA32CCEF164B8A9B91A27D13044C8
:10CF4000D51C497324190E599A23698EA43992E687
:10CF5000489A024F702C0F420733C793E198E6714D
:10CF60009EE6DA30645A1A25599A44591A66C31053
:10CF7000666998A5619686591A66C3106669024F5C
:10CF8000732A0F4207B30E8539940C8398E6489AAA
:10CF9000ABF9F090D4C128CD913447A26110D31CD5
:10CFA000497324CD91E12D07014F7F280F42072FB0
:10CFB000CD91344786A7388F6369384959A5943590
:10CFC0000DB738CFA23C4CF23447C224CF32359152
:10CFD000074F84270F42072FC793E190A5799A2323
:10CFE00061166A69260D977256CEE33C1A6E711E61
:10CFF000E7719E0C072947014F86250F42073FC75F
:10D00000733C4786871CC9B1E6AC9A4495AC52CBB9
:10D010007730A943CD5A26A9A99EE339004F882726
:10D020000E42072FCC913047B2612B96922854AD17
:10D03000512593D2441BA4348CC25AA44461ACC67B
:10D04000453DD9014F8B340E42072F87B21CCA923F
:10D05000418BB23089B23049B421A968519228512C
:10D060009694222929553A25599444699444611A81
:10D070006571544DA2244F004F8D280F4207B30E07
:10D08000853914E648340C629AABB9321C927A1690
:10D09000E571321CB23C8EC2382B67E534898B00B7
:10D0A0004F962A0F42073F87931CCC72288D9541DB
:10D0B000917450A70D0731AA85512D8C6AE170102B
:10D0C000A35A18D5C2A852CC910C4F972E0E4207E6
:10D0D0002F8793E196E4513DAA0C4A22E589942BCF
:10D0E00051322851254BA24A9644952C892A831205
:10D0F000D5A37A544DA272024F9B290F420733CA1F
:10D10000F228CBA32CCECAD130685A552B265953BE
:10D11000564E864396E359390BD328ADE4A18E24AD
:10D12000004F9D2E0F420733CBB13087C21C49867A
:10D130004316E68898235A122759922551A4446928
:10D140005292A57A56CEC2344BB23053B33A004F06
:10D15000AE2F0F420733CAC12807A36108A31C4C96
:10D160009261D4C2504BA22CC9A224AA0C87AC98BD
:10D1700046AD5196A4D13088399256E222004FAF85
:10D180002B0F420733C7936188F33447D264384486
:10D190005A0E6939521A86A892E5489A23C35B9AB7
:10D1A00023619267E5284D77014FB52A0F42073377
:10D1B000C7936188F3341BD61C09A56108753449EF
:10D1C000864B94E46134CC59392B87499EE648A6B6
:10D1D000C8893A4FB62B0E42073387A3618DC25AD6
:10D1E000580B332DCCB4614AD2300A73241A062D61
:10D1F0008AB328CEA2388BE22C1A062D8A034FBFA1
:10D20000290F42072FC793E190A57934DCA2AC2403
:10D21000652569B894B2A6AC69B895F230C9D31C3B
:10D2200009933CCBD4441E4FC32C0F420733C79302
:10D23000618893B49496D2504A436918B2242DA5BC
:10D240003912D591281AC4A88E4475A43BA20D4367
:10D250009683004FC4320F42072F4ED24C89C264CE
:10D26000AA85511C46A9321C14310A9330AA854A5A
:10D2700094655212264A9484B534CCA26294942ABE
:10D2800035294BD2004FCA290F4207B30E85399476
:10D2900055B3348C86938E456256C9922C891AB345
:10D2A0007050332D8D2A713D4DE24C4B13594FCFA9
:10D2B0002D0D4207B39E44C52889B24A314DA56160
:10D2C00088A43429A552340C599466519A45C390C8
:10D2D000456916A5599425591426004FD0310E42A0
:10D2E000072FAC655B658DC22C89C22C49C42C49C3
:10D2F00094614994304BA24C4BA26C4AA24AA74A73
:10D300001A25511A85691466491456004FD72A0FF9
:10D31000420733CAF2288C93384CB2629A8B49ACDC
:10D320001593288DA25D8B86218DD2525A4A4B6966
:10D330006918D2288D004FD8290F4207338FD32187
:10D340004D861CC9A130AA655A94843A9A44C310E8
:10D35000D5E37A321CB2388FF3380F933C4D014F2E
:10D36000DD280F420733C793618893B49496D25057
:10D370001A86508D93B4940CC770CF9272D49A646D
:10D3800045B196E6489A024FDE2B0F42073F87933E
:10D390001CCC72288D75491A8648A70D6A9845C518
:10D3A000412A665171908A5954CCD230A925619492
:10D3B00066004FE0270F4207B30E853914E6483266
:10D3C0001CB234971AA5B624EAA5472DC98A499EEE
:10D3D00095B3729456F25087024FE12B0F4207B378
:10D3E0000EA539920CB71CCF616D18321D4D7230ED
:10D3F000CA8621CCF11CCF8621CCD2304BC36C180D
:10D40000C22C4D004FEE2C0F42072FCCA13087B21B
:10D4100061ECD2142A9A98948CC9164949A6278996
:10D420009626699C645298245A1ACBA18E443A02DB
:10D430004FEF320F42072FCD91384F86435407A349
:10D440005A26D5322909A3244A92618AC652520A21
:10D45000A3244AC22889923089C24A14865A9484E5
:10D46000B50C4FF12A0F420733C793618893B494E8
:10D4700096862194D2501A862C89D2A8340C6994AD
:10D4800096D27478CBF1AC1CA5953C014FFA2A0FCB
:10D490004207B30E6539960C839895A34625CB2495
:10D4A0006918B224EAAFD130A4516BD41A0D435A93
:10D4B000CCD2308B07015006270E42072F8793E10D
:10D4C00096C64DC345CA2A52962991A9A553A5537C
:10D4D000A42C52C9542BD54AB5A4544E0050092847
:10D4E0000F42073F87931CCC7228C9622D9394E1A9
:10D4F000A2E5F170CEE3E19CC3C9704CF22CCAA343
:10D500006C38E71100500B2F0E42072F8793E196DE
:10D5100064A55A291A2E525691B24C899241892AF1
:10D52000591255B224AA6449541994A89225513D20
:10D530008A86533D500D2C0F420733CBB130879272
:10D540006110733C4A432D0CB562920C0729C773D6
:10D550003C1A06318AC3280EA3388C86418CE2041B
:10D5600050112D0E42072F87932119B2244AA22E63
:10D570005169488644AA4489548994684886A81EFB
:10D58000D5A37A548FEA513DAA265139015012335E
:10D590000E42072F87B21CCA86218BB23089B23067
:10D5A00049A496441A944409B3240AB3248A06A5CC
:10D5B000146649146649146E513247D524CAA10431
:10D5C00050142C0E42072F8793E196E4513D8A8632
:10D5D0008B14865212454A94445DA22EC31015D373
:10D5E0002889BA442D51976818221D0A50182E0E0A
:10D5F00042072FCDA3C62C89B23029C6A9345CA41A
:10D600005C89F2A8322851254BA24A9644952C8970
:10D610002A8312D5A36A129513005019300F4207BE
:10D620002FC7A3614873244CF230190E8A12E58883
:10D6300012E5496518C244CB93304F8683948479B0
:10D6400092257198A5591A26BA00501A2B0F420735
:10D65000B30E8539940C8358C9B3AA9486CA70480E
:10D66000EA48541AA2346A8D5AA3D66888D21C4953
:10D67000E324CD3300501F2A0F420733CAF228CBD0
:10D68000A32C4E866356D5AAC3435207A36818D26B
:10D69000282DA5A56148A3B4949686218DD2085063
:10D6A000212D0E4207331AD6284CA3B0368C599838
:10D6B0006961A60D53926351340C5A1467519C450D
:10D6C000C3A0457116C559340C5A140750262D0FA6
:10D6D00042072FCD91A8354BAAD1704B7331479497
:10D6E000E1250BD3280E93645832298C6A619A4540
:10D6F000499A95B272160E4302502A2C0F420733F4
:10D70000C7C31C4AA6318AC328CEA49B1447491418
:10D710002751340C62290EA3388CE2308AB352169A
:10D72000855196C403502B320F42072FCD913447B9
:10D73000C2240EB3344B334519143B9A44C32DAA6B
:10D7400044595489B268B84595288B2A511655A278
:10D750002C4A932C8A2300503C2A0F4207B30E8593
:10D7600039341CC23447D25C1A86504AB3241A8614
:10D77000A8B5340C69949686218DD2529A0E6F39D1
:10D78000085047320F42072FC7932119C2240AB30A
:10D79000A89845C5481A92219272288972301A9227
:10D7A000218BC2288BC2288B86A418A5A53009A37B
:10D7B000ACA91A50492E0F420733CBB13A960C430D
:10D7C0009A8569321C221D9686214BA2342A0D436C
:10D7D0005A4792E198E6482D4792E190A53992A6E2
:10D7E00000504F2B0E42072FCC91344F86533DAA49
:10D7F00027D2709172A49463D1708A9452A5532554
:10D80000190629E954E9144949A9960A505A330FCF
:10D8100042072F0AE3288CA3304D0625CEB241D112
:10D82000A22CD24A496550A22CC992284BB2A49886
:10D83000644931C9A2341994629226619C550B50F7
:10D840005C2B0F42072FCCA1344792E196E3D930ED
:10D85000645A9A69C31025399E0C0729C9A1DA3088
:10D8600084711EE7711E26791A0350652B0F42073B
:10D870002FCEE33C1CB6648BB26CB868A5488A8690
:10D88000A514C6C9616BCECA49329C8A71A4C54928
:10D89000340C920E025074360F42072FC72A839819
:10D8A000255918D592A8342851226549944859120F
:10D8B00029D1A0446D49D49644A54189EA609425B4
:10D8C00069944561548B9228C9910450752B0F427D
:10D8D000072FCD9174D8D23CCEA3E124E5919427B3
:10D8E000A5E116E55934DCA23C8BF22C1A6E619648
:10D8F000666918E5090050762F0F42072FC793E19C
:10D9000098644D59D37092B29294554AC32DCE93D8
:10D91000E1202561290993A8920C5325CAA24A9EA9
:10D9200044498E24005077310F4207B30E65498E6B
:10D9300044591CA5956450241D96862C4AA24A532E
:10D940004B311A926254294695623424C5A8164672
:10D95000956294481100507D300F4207B30E255157
:10D960000E557224190635CC42314AC5614AB2348B
:10D9700089B2308D865B94674998D494DEA224CD19
:10D9800092340973240250802D0F42072FCD91301D
:10D990008792E116654D59491A4E52562915B368BA
:10D9A000B8A5391226D53091B2D2A04559182561B3
:10D9B000491E0450852B0F4207B39287513C1CB47B
:10D9C000344792E1A66435653825B54A940CC724DE
:10D9D0002BE6483ABC45692D4CB32849F30C508DD1
:10D9E0002A0F42072FCCA1344792E1560D6BA13488
:10D9F0001C122947945A98C57934DCC21C0A87B195
:10DA00005B1A6695304A330050912C0F42072F4A1B
:10DA10004B696919A4B630E94D8C06454BA324CA5D
:10DA2000A23009A3301A6EE91C26D52C2A265A26C4
:10DA3000C5799C025098280F42073F87931CCC72EF
:10DA4000288DB54C52B28AD69A4495AC520BB36A23
:10DA50001255B24A2D19BEE7788EE7005099300F63
:10DA60004207332B67E564B885591A66A1321C2238
:10DA7000314FB26148A2482A26C930845954CC8615
:10DA800021CCA2621615B3A898850A0050A32B0FCB
:10DA90004207B30E8539341CC23447A26108C51C45
:10DAA0005186539235754DB24C8B5AB3A41CB52692
:10DAB00059314B72248C0150AC290F420733CD9160
:10DAC0005A31196E61148759A80D83640B93B652AD
:10DAD000360C5A7356CE86416BCECAD93068750063
:10DAE00050AD380F42072FCE93E19025611C25C31E
:10DAF0009045611449C32191C2282925C3904561ED
:10DB00001C25C3904549548B9261C8A224AA25D1F3
:10DB1000306449D4A645890250B2330F42072F0A18
:10DB2000E3288C872149B372322883A24559920C8D
:10DB3000431265511865511865D19014A34A316A92
:10DB40008D2AC524528A499865621A50B32C0F4217
:10DB5000072FCD91E12DCDA3E116652569384959EF
:10DB6000A534DCE2304A8683942369321CA42C4C11
:10DB7000C32C0D936A1E0250B52E0F420733CD9170
:10DB80006438A679360C611C4BC34947936C1892D4
:10DB9000284BC36C18C22C0DB36108B334CC86215A
:10DBA000ACA5599A0050B72F0F420733CAC1681865
:10DBB000D22407936458B330D486510BB3241BA6E8
:10DBC0003A9E0C87AC8E45C3202651128559548C41
:10DBD0002AC55A0450BB320F4207B30E6539960C62
:10DBE000831825511246919449499464D23048498A
:10DBF00018655116A6511256A241C98A69944471FA
:10DC0000AA67929AC80250BE300F42072FC7B3616D
:10DC1000D0F2340AE3281A26A91849439894A2613D
:10DC20008B8A59140D5B948859A48459140D5B1C7C
:10DC300085699885710050C5270F4207AF392B0FB2
:10DC40004F6196868328C7D27029654DC32DCE9328
:10DC5000E120C57934DCE23C190E528E0250CF2F00
:10DC60000F420733CAC168D093304E86A3924599BC
:10DC700054CBA4619092308EB2240B13A5358BE463
:10DC80004452D230A9665131516AD51450D1320F65
:10DC900042072F5EA32147C21C8986431466A196C2
:10DCA000665232284B294BC341CDF168B8457916ED
:10DCB0002583924549966451322859142B0050D53A
:10DCC0002D0F42072F4CF2244AA2304A1AD3248E39
:10DCD000869398856A1226D1708BF36C18C2388FA0
:10DCE000865B9AC46196666998E80250DA2E0F4204
:10DCF000072FCD91344792E1962671946449A4A5EB
:10DD000099345CBA2651360C619686D93084719E5E
:10DD100045C5286B8992AC1A0350E52E0F42072F98
:10DD2000CD91344792E116E7C97050C42C948664B3
:10DD3000488A591A4A69A40D528E27C3410AA3384A
:10DD40008CB2286B4AD42150E72D0F4207334A6B1F
:10DD5000E51C8E865B9495A4A493144D4929CBA40D
:10DD600068B8E578360C619686D93084591A66C34E
:10DD70001066690250F32B0F42072FC793E15889B1
:10DD8000D3248E8693548922A91225A5E1562A56BA
:10DD9000AAD1704BE730A9665131D132294E0150DA
:10DDA000F5290F42072FC787B71C8E865B9495A471
:10DDB000E1246595CA7090723C1A6E51D634DCA28B
:10DDC000AC69B8E578321C0450F92F0F42072FC711
:10DDD00087B7529C0C872C899A94E110E968120D40
:10DDE0008318C561340C621487D13088511C46C336
:10DDF0002066611AC5110050FB310F42072F8F7347
:10DE0000244D862C8C2A83D42EB544D29045499437
:10DE10000D53398C862C8C94649092B630690B9398
:10DE2000640BA5240B73280251002CEFC107AF39F6
:10DE3000190E599A67C3A0C5B1341C943447A2295E
:10DE4000094BB56438486114874A942543A6446158
:10DE5000169516655104300F420733CBB1308792C7
:10DE60006110B3300DA354190E918E26D130285174
:10DE7000398C86418CE2301A0631CD91A662524C23
:10DE8000326D500251082F0F42072FCD9130C92318
:10DE90004D4C94419172581A4E52D2A768CAA2E1D1
:10DEA00096E3D93084591A66C3106669980D439871
:10DEB000A511005109330F42072FCD913447C224D9
:10DEC0000EB3344B332919144B8E25D1900C595471
:10DED00089B2A81265D1900C5931CDC2344AA2241E
:10DEE0004CA224CBC43451122F0F42072FC793E109
:10DEF00098E6C9709092B0A2298926A749A6246203
:10DF00008E27C3418AF368B84595288B2A51165548
:10DF1000A22C8A1500511F310F42073389CA515272
:10DF20001F0E5A922359368C5A184AC32025519CE9
:10DF300044D13088511C46C3204671180D83988502
:10DF4000691487498E045121320F42072F1A8634F3
:10DF50006A8D1AB36108B3A8A645356D18A224C707
:10DF6000934119A4A44F499F924119A4A44F499FDA
:10DF7000924119A4244BB200512A310F42072F19A4
:10DF80008E75281A86304BC36C18322DCD94E1A5BE
:10DF9000964695521825599225D99064610E65C30D
:10DFA000104649581DD26408075132370F42072FD7
:10DFB00049E3288CA36848A264C8A23A52528664F6
:10DFC0005874A8920C599A0F5932245296444A9484
:10DFD0002551346449D4960C512D89A221CBA30438
:10DFE0005141250F42073FC7733887B31C4AF3EAF4
:10DFF00070D0B328CF72AC8ED5A13087C25A1A46E2
:10E0000071B8238300514320EF41076B38E87C1D32
:10E01000BE663956C7EA581D0A7328ACA561148735
:10E02000498E0C3B01514427EF41076B3888391466
:10E03000E6509843610E8539140E073DCBB13A5630
:10E0400087C21C0A73240DA338DC91415145240F6B
:10E0500042073BA7E4C3D71CCFE134AF0E073D8B8B
:10E06000F22CC7EA581D0AB334CCC2348BF4210118
:10E070005146290E460733CBA12CCD9A6A5198649C
:10E08000499A643994E95A92265994455925AB2303
:10E09000612D2CA561920F3B0C5148240F42073F84
:10E0A000C7EA581D1B0E611D49733C1FBE663956D9
:10E0B000C7EA509843612D0DA37C1872185149236B
:10E0C0000F42073F87C26A16C651964775301FBE7A
:10E0D000663956C7EA581D0A7B4BC3281F861C06A3
:10E0E000514B260F42073FC7F3E17B8EE7D07010FC
:10E0F0007328CCA13087C2E1A067395687C21C497A
:10E10000C3280E776410514C260F420737CBB13A23
:10E1100094E6D51C8A94E1A2E5711EE7F17047B23E
:10E120001CAB637528CCC2348BF42101514D220FF6
:10E13000420733C7737C18F2B879784AC2FE381C9C
:10E14000C42CC9F228C7EA50984669BA0F03515245
:10E1500025ED45075347B641CAA13A140DD120E534
:10E16000501D8A86839AE5489623591E66C52C4A17
:10E17000B37D085154230F420733C7737C18F2B89C
:10E1800079784AC2FE381CC42CC9F228C9912C8A5D
:10E19000C3A835DD8701515C270D46073B47A25CCC
:10E1A0001A9421AB69356DD0B49A56539241DB91E4
:10E1B00031CB912C47B23CCCA234DB87005162308A
:10E1C0000F420733CD913447D2745886214C7324C3
:10E1D0004D876598C2248CC2248C866518932C893F
:10E1E000932C49A3A43552A24A1695E47051652494
:10E1F0000F420737A7E4941CCFF11C4E7234C9D1EB
:10E200002407B31CAB43698EA4793547C21C8B72BB
:10E21000545167240D4607338773341F1ED4544D61
:10E22000C524149350AB4969A4E4890EEAA00EEA10
:10E2300050A2630900516824EFC1073FC77338C972
:10E24000C12C87D2BC9A0C4312A9A99EE33936DCB3
:10E25000B11CCFF11C191E1200516925EF4107E3D3
:10E26000F71CCFF11C191EA2B494644916F5BFF433
:10E27000494AA4244A4B6929CD9228C72200516BF0
:10E2800025EE45071FC9A12C87B21CCA7228CBA155
:10E290002C87C23CCDD33C4EF33447B21CCA722CFF
:10E2A000C9D100516C24EFC1071FC9C12807A31CA5
:10E2B0000B7328CC91B88E84D5288DD51CCF7228AD
:10E2C000CDE37838C47906516D1EEFC1073BA7E452
:10E2D000941CCFE9C377EE598E853912E7D51C0916
:10E2E000732CCAC1045171260E4607B38E843912AD
:10E2F000E648980EAF618E843912E648982361385B
:10E300003CE8C47A9CE648966309005175250F42A3
:10E31000071FCBD1211E742CC7737C38A4610E85D6
:10E320003914E650180FDFA9618EC47524CCB108EA
:10E330005176270F420733CD91341D1ED23A92E613
:10E34000C830E4489A23698E0C438EA4399286C360
:10E35000776ABD9A431100517720EF41076F38E784
:10E36000711E0FE73C1ECE793C9CF338CF86AF5927
:10E370000EA5793587220051782C0F420737CBB193
:10E380003A561F0E629445619445619445E17010C0
:10E39000A32C0AA32C0AA32C8A86AF590EA5793583
:10E3A000872200517C2A0F42072FCE91301E1EE299
:10E3B0002807A31C190E3912D586AF517538E4927F
:10E3C0008E9492382AD9A2508D72308A01518027BA
:10E3D0000F4207372B0DDA906761360E839483C3A3
:10E3E000416C1C0E62E370D0B37C38E8593A7CCBA8
:10E3F000D31C8A005189210F42073FC7733C87868F
:10E4000083D8C7E120F64FC3A71C0A7328CCA130DC
:10E410004FC21CC900518A30EF41076B3888511632
:10E4200085511685511685511685511645C3A75A33
:10E4300014465914465914465914465914467198AD
:10E4400027618E6400518D20EF4107E3F71CCFA1B7
:10E45000E120F67138887D1A3EE5509843610E85BB
:10E460007912E64806519220EB4907E33BA40C439E
:10E47000A243CA30243A94A3C3298F86531E0DA702
:10E480003C1A4E79025195290E4607E3439283497F
:10E49000325CEA60920C9734478721AE0E0729C997
:10E4A000C25A180E873CC9B1288DB4741E06519704
:10E4B00024CF410767785072544773F2B043610E1E
:10E4C000853914E65098236998A5611487498E0C04
:10E4D0003B0151A028EF4107677850725447B34180
:10E4E000CDF11C1B8664582B599426619226719A93
:10E4F0008449A91AB523C5E1901351A427EF410718
:10E500006778507254CB917418F2B8CB7048B3301E
:10E51000CDC27438E4481D8C921CC9A25A9826F2C8
:10E520003051AA270F4207E387300BA3E1A06739D8
:10E53000329CF37838E7F1708772687848A3F270FC
:10E540009094ACA295742C0751AC210F420737C7A9
:10E55000737818E43C4DD25A1DDC31B32EE9A0BAD1
:10E5600053744A8EEC149D920251B0260F42071F3D
:10E570008AF3721E6739A6E4CB9C257A9654C3A40D
:10E58000B645C52C2A46594B588AF330C9E1185173
:10E59000B6260E42071F4AF338CDC32C47D278B8AF
:10E5A000E55096A3D930245B9A55B36A56CDAA5943
:10E5B000360C799A0051B7250F42071F8AF36A1269
:10E5C000A7490E6639D49A849116D78621DAA130EC
:10E5D00047D2304B2B71BD8E870051C6280F4207A2
:10E5E0003F89D3280EA3381BCE599E68B9320C62DE
:10E5F00094C559391B06652B67E5AC9C0DA72CC744
:10E60000730451CB2AEE4107271B4EB552AD9A0C2D
:10E610004A9AB5642DC3A93E44C9A044952C892AC1
:10E620005912550625AA47D524CC130051CD290FE0
:10E6300042071F8AF3D2708B737018E2242A27C313
:10E640009046ADD13044739ECE6152CDA262A26598
:10E65000529CE3290051DC2D0F42071F8AA3E120C1
:10E66000E578349CF338199430A92561920C4A1648
:10E67000E5C934DC7228CC8635CE93E12085497D0E
:10E680008A0651DD310F420737C72AC9A0457216E5
:10E6900055EAC814A78398A449980C519225A5243B
:10E6A000CDA2245B86652B256994B4461535C9A295
:10E6B00021CF0151E129EF410773187224CD913424
:10E6C00047D21CA9E5485447B22447B22447D23C5C
:10E6D000CEE32CCAB328CF921C1A740251F02DEF4E
:10E6E00041076B3888591A468314465914468314D7
:10E6F000465914468314E650980C4312761AA42403
:10E700000A2BA56148DAC11D0E51F1360F420733BD
:10E7100007A33A1255866C18922807A36818942804
:10E7200007A36C1892284B93284B93281B8624CA66
:10E73000C2A8186551120E49940C629654530151A7
:10E74000F32C0F42071F89C261A943594BB254F3FE
:10E750003419862492D2481C861CCAE2E121270F74
:10E76000438EA4399266E52CD1912151F621ED45D5
:10E77000071F0BF3B4D62626A19A8A49A8D5A4343C
:10E7800052F26447121DD4C1E141470351F81FED15
:10E7900045076F18E2344EE3344EE3341BD2410791
:10E7A0007550077550077570F80E0651F920ED4544
:10E7B0000763D086ADA6D5B49A56D36A5A4DAB69D5
:10E7C00083A6833AA8833A387C070351FA200D4682
:10E7D000073B47F3B01496C252581A0E7A98E7686E
:10E7E0009CA66AAAA66A3A3CE8680051FD24ED4559
:10E7F000076738E4600E563229919AB4A4A6A65A47
:10E8000052939A94ACA225A918EBE0F0A0A3015270
:10E810000017CC45076738A8FD1FE330CEF22C8FD8
:10E8200072A49CD49108520120EC45076738E86037
:10E830000EE6608E447916876931CEF22847762835
:10E840000773A48E450052031DEC45076738A87D69
:10E85000C9D2244B932C15D3C6388CB33CCBA334EC
:10E8600049F4085206270F42071FCAB13A16E64874
:10E870009A577328CBC1241A062D0D7328CCA130CA
:10E8800047D21C49F3B898C465005207260E4207C8
:10E890002F8773381B862CCDAA593644D9A066D54C
:10E8A000AC9A956A95ACA68559584FE32C89D30844
:10E8B000520A2C0E42071F4E86210D73244CA330A2
:10E8C0008DC2340AD3683824519846611A85691478
:10E8D000A6519823618E847112E6090052112F0E01
:10E8E00042071F4E8641CCA2388BB2288BB2288BB0
:10E8F000B2288BB26878CAA22CCAA22CCAA22CCA8F
:10E90000A22CAAC55116276145AD0052172A0E4206
:10E91000071F4E8641AC23611A6583542B35468D03
:10E9200051A594455A92456918A56114E648964345
:10E9300075A41D4B00521D260E42072BC773DAF03B
:10E9400090156BD5AC9A454A5649C44C4AB296AC20
:10E95000B116D6AA5994256192460052242B0E4234
:10E9600007374FB2288C1AA34A540DA36418942871
:10E970000DA3348CD2301A9ED2300AD328CC912CDD
:10E9800087EA483B960052252B0E42071F4E8621F0
:10E990004DD24A1A55D2A8320C511D8BB238CAE258
:10E9A000281BA45AA9566A4CA3304DA2244CC43843
:10E9B0000152282B0E42072F87B21C8A86350AA3E4
:10E9C0004A1A45CA90445DA22E516948A2C6A84B76
:10E9D000D456AA86511A66C394E4680252292A0EB4
:10E9E00042073F4D873019F4348CD2304AC368381F
:10E9F0002451284659A2455952EA256A8C922C176F
:10EA0000F3B492C60900522A2B0E42071F4E8621EC
:10EA10004DBA269D2A9D2A9D2A9DA2E1904449A790
:10EA20004AA74AA74AA74AD7A49626599225C53489
:10EA300001522E2C0E4207BB38A4C99023611A85BF
:10EA400069341C92284CA3308DC2344A8621AAA472
:10EA500051258D2A6925AD0C439654C30452302CA0
:10EA60000E42071F1E0E611DC9E2A8564AD2281A7F
:10EA70000E4914664914A6519846C93044C5340A53
:10EA800073241CC4614EEA580252362A0E420737DC
:10EA90008FEA513D1A86244AB2304AC368784AC385
:10EAA000280DA3681892A84BD4252A296154495BE4
:10EAB000D238015237320F42071F8F86418CE23025
:10EAC0008AC3681894A81646B530AA8551340C4AF2
:10EAD00094942A5152AA4449A9124991126651921A
:10EAE000C6691257005238260F42073FC7DAA3F211
:10EAF00070D0911CCFA1E121AD57936148222D8C9C
:10EB0000D43047D21C49F32CC9D31852392C0E42A9
:10EB1000073F4DB4384BF2308DB2248C6AA524EAFD
:10EB20009846C32189C234AAD4A24AD41265A156F8
:10EB30008C9238C9722401523A2C0E42073347C2D4
:10EB40001C190E61350AD3281986A8127589BA4492
:10EB50004A5489922CCAC6A8528B92A8AA15CB49AE
:10EB6000982700523B2A0E42072F87C21CC9E1E1B9
:10EB70009044611A65A5C6A8326C511A4661D41634
:10EB800065516334E95914476196CC590252412BBF
:10EB90000E42071F8E0639CAE2282BD54A4914298E
:10EBA000919646611A0D87240AD3281BA34A2D4A41
:10EBB000A2AA562C27619E0052432D0E4207278C95
:10EBC000A32C8EEAC3A9183546A5E1146969A4A54A
:10EBD000D17048A24C4BA24A9644499414B5280DD2
:10EBE000E324CC130052472D0E42071F4E86214DC1
:10EBF000D24A1A558621AAA451258D2AC31055D26E
:10EC0000A89246956188EA58548BA3304DE228D1EA
:10EC1000B304524A2C0D46072F47A46A524A93B6B2
:10EC2000284BA3619022358AD4281A062952A3487A
:10EC30008DA26190223555532DC912314D00524D90
:10EC4000280F42072F2FE769387CA70D6A9845C522
:10EC50002C2A0E52318B8A59541CA4629686591A5A
:10EC600026B5248CD20C52542D0E42071F8E8635A9
:10EC70000AD3288C4AC3D4183546A561AAC5513495
:10EC80000C49944449935429754CA22CCCA2244A93
:10EC9000A2B00252562A0E42072F87C21C49864153
:10ECA000CCB1A818D5A22C1A9E722CCAB1281AA6CB
:10ECB000C6A8316A4CA3618DC22CC9D104525B2C09
:10ECC0000E46071F1E0EA11E2A59124A499444C31C
:10ECD0002189B44AA45522A527A527A52765504A0E
:10ECE0007AA8876A1225729800525D2D0E42072B72
:10ECF000C7A2414EC23819C4280DA3E19044611A3D
:10ED000085514BD44B2DCAC6A8528BA66A18A55163
:10ED10001227598E240052692F0F4207774E861C06
:10ED20000A736838A451528C2A4DD190245A5469E0
:10ED3000AA284D9152926A6B5429464954D6AA6129
:10ED40009E84399200526A240F4207330D87EFB434
:10ED5000410DB3A83848C52C2A0E52314BC348D4B4
:10ED600089C37B5C4F2BA11E02526E2F0E42071FE0
:10ED70004E86214DD24A1A5586A825EA12350D87AE
:10ED800024D29348199492922525254B4ACAA084EF
:10ED90007AA8265122870900526F2D0E46071F1EA2
:10EDA0000E610E27C39026695449A3CA3044752CBE
:10EDB0001A0E49A45522AD120D8724D28A5A7138F1
:10EDC00044899E250052722E0E42072F87C21C19BD
:10EDD0000EA19E4461D4320C51318D9261888A69B2
:10EDE000341C92284CA36418A24A5A492BC390257C
:10EDF000D5300152752C0E42073347423D8BE22835
:10EE0000895AB2288994616A8C4AC3D4189586A914
:10EE10003D8A86A9524B935A2A0D5A9215130052D5
:10EE20007F2D0E420727AA4AE524AAE658940C43F0
:10EE30005489BA0C435489BA0C43544CA3E190440E
:10EE4000D91855CA4954D5E224CC13005283310E47
:10EE500042073347926148C3281D0E4914462DC30B
:10EE60001015D3683824518E45C9304495A8CB304D
:10EE70004495A89A0C439A83C970C81200528432F0
:10EE80000E4207278C93304E8664C8922C8922A5A7
:10EE90009644591246B5529246913228A51C8B725F
:10EEA0002C4A8621AAA495B4320C59520D13005253
:10EEB00087330E42073347C2210D73241906254AB2
:10EEC000A22C8992618B92A84B365572244A8641B6
:10EED0008992288D924E95288915650D9352122995
:10EEE0006A0252882A0F42071F8A0731CD92618831
:10EEF000B228CB062D09C3E13288952819862C0A41
:10EF0000E321CCC9C37B5C4F2BA11E025289300F79
:10EF100042073387928398948A49944461D2A744E4
:10EF2000EA988451D6140D43146D95281AB6288D8D
:10EF30007A89B3641093414EA21C4B00528A310F60
:10EF400042073747C2448E447119A42C07A364B802
:10EF500044499F92684AA264B844391845C310B521
:10EF600046A56148A3B4340C5912A56102528D2AFA
:10EF70000E42073347C21CC9923CCA4A491A45CAC5
:10EF8000A094722CCAB12839553A553A554E6D7134
:10EF900094C549B7446B0152912E0F42073387D273
:10EFA0001C498663560E9328890625912A7D4A3A84
:10EFB000599444AA8351352A0D43D45A1A86344AA7
:10EFC000B3A41C2600529B1C0C460737077330075E
:10EFD000E3E1B53FC6619CE5591E855912277524AA
:10EFE00002529F260E42071FCAE11C0E8721CAB398
:10EFF00061C8D2AC9A55B36A56AC85B52109072DC4
:10F000004DD27296C4690452A0270E42072F87730F
:10F010003887D3E1292BD54AB552AD542BD54AB503
:10F02000522DCAA22CCAA24189922813730452A35A
:10F03000240E42073F87B26A1666615449932CD763
:10F04000A17DC872384786839EE6695CCDC334C90A
:10F05000F40C52A92D0E42071F0B07B116D6C25A47
:10F06000342C831825591825591825831825591823
:10F0700025591825594B346583588F923C8C005282
:10F08000AA270F42072FC77370189261AB845116DD
:10F0900065611226714B98485A22CA399E43C37B38
:10F0A0005C4F2BA11E0252AB290E420733CDD33C3D
:10F0B0000D872DCF86318DC2341A4EB538CAE2A8DD
:10F0C0001E25596D18A42C0993308F923C8C005248
:10F0D000C12E0E42071F0B8721CAE1344AA2304AD3
:10F0E0009261886A5112F54B946351320C51318D03
:10F0F000C2340A6BE19064C396D4912C0252C32FA0
:10F100000E420733CDD37018A23CCDB3611986A847
:10F110009246919A45D1104669188569140E499610
:10F120000C61166661944495300A230052C7240C82
:10F1300046076738A4928EA8C341092BC341092B07
:10F14000C341092B595A1E1EE32C8FD224D1230010
:10F1500052C9280F42072B8FF378D0D22CAC65C34D
:10F16000340C51FFFF340C4916265931892A599421
:10F17000844954478AC3212752D22A0E42072BAB17
:10F1800066B5E19266D54119C6344A8621AA445D26
:10F19000A22EC31015D3683868612DCCC252254DFC
:10F1A000C20852D52D0E42077388C221CDD36CB848
:10F1B000E4E1A00C435489BA0C435489BA0C43547B
:10F1C0004CA36418A2622D1CB6618B926A980052FF
:10F1D000D82C0E42072BAB66B56190D2AC3A28C34F
:10F1E0009495A2418B6AA55A69385572244ADA2A45
:10F1F0005A942571980C4394E4610452D92C0F421F
:10F20000071F4A872DC7A26152B26A96D4D37018DD
:10F21000126BA44A4A96AB71120D8394A4591285BD
:10F220003D255925AB460052DD300F42071F4B8765
:10F23000A8B7A416A5A56818A2218CA364B8445940
:10F2400053258B86240A934819B6288CB2286BCA9A
:10F250009A5AA24809330052DE290F4207338D9390
:10F260004E592225B5A83DC992344BB26C7850D284
:10F27000584EB3E1A023698EA4795C4F2BA11E02E6
:10F2800052DF250F4207378B878738CB91E19CC728
:10F29000C3398F873B9243C3B73CCDD248192E6AFE
:10F2A0003D4C52390452E2270F42072F8D072D475C
:10F2B000B2611A86A85692FA3648495B98B42DE98D
:10F2C000A0E5710E0DEF713DAD847A0852E42F0E6A
:10F2D00042072BAB66B5E19266D54119C6344A8622
:10F2E00021AA445D86212AA651320C51B1960C43C5
:10F2F000928559180E51920C51180152F3330F4256
:10F3000007770B87388FB3E19487C3320C59942861
:10F31000891625C99245C93064511847C9306451CE
:10F320001847C321AA63954E49A22589960052F534
:10F33000380F42071F0C87410AA3240C87410AA3F8
:10F34000241A9664D0A2A45B9424831625DDA224FB
:10F3500019B428C9D2281906A9223529C95253B28D
:10F36000A4539864090052F8340F42072B0BB3E101
:10F37000946661362443944549341C94216A89A3D8
:10F38000D6281906A912C5D1708B92288E9261C811
:10F39000A2244AB3641894EE590252FA220D42078D
:10F3A000334773304787439443498EE9601A57F3D4
:10F3B000300F733447733487921C8C0052FB250D39
:10F3C0004207334773304787439443498EE9603699
:10F3D0006C399AA3391A0D8394A3399A43490E467E
:10F3E0000052FE230D42073347733047874394434F
:10F3F0004998AACD691C66AD51345CB238C9D11C9C
:10F400004A72300252FF280E42073387733847870B
:10F410008316D5A22CCA9230CAC4AC9A15B3300B4D
:10F420004B619A84719A876912E61100530524EEA4
:10F43000C10733877374B8E6618E64C93035466995
:10F4400018A561940E535A49E33A94E550381C02CA
:10F450005306290E42073387733847878316D5A290
:10F460002CCA9230CAA4AD2A65612466A1168551C2
:10F4700025ACA4799826611E015308290D42073353
:10F480004773304787439443499C694D952889B217
:10F490004A54899228C992529E44C325477328C969
:10F4A000C1085316290F420733CBB13A566C4BC3F0
:10F4B000281593589493308E321DAAE45012E550CB
:10F4C0009866619A8569960E5B0E025317290F4262
:10F4D0000737CBB13A56C79AB3281BB42447321D1D
:10F4E000CA72AC8ED5B13A56CCB67088B230C9C2A9
:10F4F00041CD2100531929EF41076B90F22CCA0727
:10F50000296B2A0E5292A3E2302839146669985565
:10F510008624ABA44396E460A283D1F04E531D1C15
:10F52000CEC507E34312F76938D54AB552AD542B1F
:10F53000D592522DCAE2E6E141532024CEC507E31D
:10F540004392C3393265839AE5509643D970C9C254
:10F550005A580B4B6918A5611287C3830053211BAE
:10F56000CEC507E34392C3391C0DA7B8DB306471E5
:10F570009F86530EE7F0F020532320CEC507E343C8
:10F5800092C3391C0DA75AA9568A8653AD542B45F0
:10F59000C3A9568A9B870701532A29CEC507E3438F
:10F5A00012466918A5C33428619486519A0CD1106B
:10F5B00085511A46E9300D4A18A5619486513A3CA6
:10F5C00008532F29CEC507E3431227619445596597
:10F5D0003884519824C3254BA2308A862119A2620F
:10F5E000D41845C3A99EC3C38300533921CEC50790
:10F5F000E3439255B36A56CDAA5935AB662D594BA4
:10F60000146649940E491DCCE1E141533F27CEC514
:10F6100007E3C72CAC85C97050C22C4CF364382862
:10F62000618E64C32055D22889D2281C86288787FA
:10F630000701534027CEC507E34392C3D130685139
:10F640009C4571160D8396C3C9100D51127589BA68
:10F650000CD11025517778781053411E0F42073F87
:10F66000C7733CC7733CC7F3E17B8EE7788EE778BE
:10F670008EE7788EE7780E5343200F42071FCCC1E8
:10F68000411C763CC7733CC7F3E17B8EE7788EE77D
:10F69000788EE7788EE7005347280F42073FCAA1CC
:10F6A0002189873087C21C0A7328CCA1301CBE86F2
:10F6B0003914E6509823698EA4795C4F732404535F
:10F6C00048210F420733C7733C8787439AE5509818
:10F6D00023698EE7783E7CCFF11CCFF11CCFF11C63
:10F6E0005349240F42073FC7733C4786871CC9F123
:10F6F0001C8CEA489A2369387C4C7324CDE33CAED9
:10F70000A7391202534A220F42073F87C26A16C620
:10F7100051964775308786830EE5788EE7C3F71CD0
:10F72000CFF11CCFF11C5351230F42073B8773705D
:10F7300038887D1C0E629686591A0E0739CBA13087
:10F740001EBE23399EE3391E035352240F42073B4A
:10F75000A7E4C8F090D6913447D23CC992344BB25A
:10F760001CCAF17CF89EE3399EE3399E0353532172
:10F770000F42073FC7872147723CC786731E0FE7BA
:10F780003C1ECE591DCB87EF399EE3399E0353545F
:10F790002A0F42072BCEE33C1B062D0D93410BB3E2
:10F7A000304BB26A9823699456066590FAFF4B96DF
:10F7B0006451D2272DC912005357270F42073FC764
:10F7C000F3E17B8EE7C8F01055A35A53340C51B5C2
:10F7D000949692E112A5A5B49466499463110053DE
:10F7E0005A2A0F42072B4ED2380A93E120C57934AA
:10F7F0005C86AD69B84559D3708BB276284C868348
:10F8000094A5614F4998231900535E220F42073B8C
:10F81000A7E478CE327CCEF11C8F7230CBB130872A
:10F82000C21CCAF11CCFF11CCF11005360230D4A3A
:10F830000737477334478741CDD11CCDD17C384839
:10F84000395487EA501DAA43D1709072280253613F
:10F85000240F42073BC7737C187224C7733C47864A
:10F86000CF399EE3510E663916E6509A23399EE34E
:10F870003902536F290D46074F47C661C8A2508B06
:10F88000422D0AB528D4A2508B422D0A25291C925C
:10F8900028A946D52C47B23C8CD314537022ED4591
:10F8A00007531FB26188433994C361484239944376
:10F8B000399443696919A31CCAD11C4D015371289D
:10F8C0000E42073787737418D43CCCC36438683948
:10F8D0001C0D6B14A65198469534CAD22C8EB238A2
:10F8E0004987418701537328ED4507E3348C51263E
:10F8F00046D9304499186562940D4394E999146689
:10F900005A259192A8522ACA399AA3210053752ADE
:10F910000D46074F47C661C8A2508BC2A91229A540
:10F920008A52AA6851A845A12485431225D5A89AD0
:10F93000E5489687719A025377270F42073FC7DA47
:10F94000A3F270D0911CCFA1E121AD579361482261
:10F95000298DC43447B2A41C46719E0F830453788A
:10F960002D0E42072B8773785806250A332DCCC2FB
:10F970005A320C4916D6C25A944C599484599484DC
:10F98000492919922819D27A0E8700537B300E42EA
:10F99000072FC9C12887C26450A24A16D62A5929FE
:10F9A0008BB2244D326590B2288BB2288BB2288B53
:10F9B000925216D50629CEA21C0E01537F380E4650
:10F9C000072FC7A62119C42889A4244A222989926D
:10F9D000484A862492922889A4244A222989924856
:10F9E0005186245A8A91949494A8A51625899869D9
:10F9F000C51A00538426EF41076B7888723CC7A371
:10FA00006148A3B49496D2525ACA92340AE328CFDA
:10FA1000A23CCAF2281C062527539824EF41076B05
:10FA20007888723C1A6E51D694350DB7286BCA9AF5
:10FA3000865B9CC779349CF2384FB3E120539A2AF5
:10FA4000EF41076B7888723C1A06318AC36818C484
:10FA5000280EA36110733C1A063147D23C4E8683B0
:10FA600092C76992E63100539F28EF41076B78886F
:10FA7000D21C0973281A86344A4B696918D2282D7A
:10FA8000A5A56148EB48D418652D511226710E5377
:10FA9000AD33EF41076B788872244D0629C9922C4B
:10FAA0006A19A434C986214A0629CD913419A4348F
:10FAB000C9A23419A434C9925A3428B528D3922C37
:10FAC000520353B22FEF41076B7888C22C4D8683C7
:10FAD000146669360C611615B36108B3A8980D4316
:10FAE00018E7D1708BB2A4942583126569528C15E6
:10FAF0000053BB210F42073FC7733C8786830EE547
:10FB0000788EE7783E7CCEF11CCEE134AF0E071D37
:10FB10008F0053C3270F42073787D37C383765518F
:10FB2000362CC38EE4A8A2235AA26DE2A8E59A94CB
:10FB3000235ABCE9D88E0C390653C824EF41076B11
:10FB400038C4799CC77524CD913487B21CAB8349E6
:10FB50000EE7709283590EA5B12EE9A00053C92675
:10FB6000EF41076B38C4791C857116E5485447D2BC
:10FB70001CCA72AC0E26399CC3490E663994C6BAAB
:10FB8000A4830253CA27EF41076BB823698EA439B7
:10FB900012E6509843D22027699CA47194C5593924
:10FBA0004CE27A9AA4A12665BA0053CB230F4207F0
:10FBB0003BC7733C4786AF399EC3C3A027611C85F2
:10FBC0007116C5611277C9312D97351D1353CD2795
:10FBD0000F42071FCCC1411C7628C7737C3888515F
:10FBE0001C46692D4CB37298E4699E2671988599DC
:10FBF0002AEA900053D42B0F420733C7737C19D6DF
:10FC0000304BC32C0DB36418942C0793384DE23459
:10FC1000C9A2242CD59A2A7118854916D6E2005318
:10FC2000D62AEF4107E31DC992612B65D920654DA6
:10FC30005953960D52D625CC2A613424A54109BBCF
:10FC400043599223519627690053D7290F42071F22
:10FC5000CDC1411B862CCDC2388BC2E141C9511D9B
:10FC6000CD86439EE6509683490EE7A8A223AAB606
:10FC7000430353DB330F42072F47D27C89926448FA
:10FC80001329C7EAC8A00C43982559982559320C66
:10FC90004A1666519266519266D5304BB34A164663
:10FCA000591246690053E22E0F4207AB16A549963A
:10FCB00064C3C7341D1E72248786830EE5C3A72C38
:10FCC000C70665D84A59366849984DD93064498E77
:10FCD000249A0053E31AABC907E33BA4433AA44375
:10FCE0003AA4433AA4433AA443C3430E0553E41F42
:10FCF0000F42073FC7733CC7F3E17B8EE7788E0D59
:10FD0000E73CCEE33CCEE33C1ECE790653E5250D21
:10FD10004207334773304787439443498E49C3565C
:10FD2000CC8A59312B66D9B015B31CCDA124072339
:10FD30000053E61EEC45076BB8E5599EE5D970CE39
:10FD4000C178782DC6619CE5518E94933A12015387
:10FD5000EA1EED45076B38E6611EE6611EE6611E90
:10FD60000EC73C27A6713147A21CD3C10053EB2715
:10FD70000D46071FCDD1610AB528D4A2508B422D64
:10FD80000AB528D4A26C8B126598342D0A733447B7
:10FD90007334470353EC24ED410767788DD338CC97
:10FDA000C33C4B932CCF72301A0E598E643992E5B6
:10FDB000489623D970C8722453ED24EE45071F0AD4
:10FDC00087A81835468D5163D41835468D512D1BA3
:10FDD000A2AC94843992C6D51CC9722C53EE26CE9F
:10FDE0004507634886439486511A466918A561946D
:10FDF00086511A466938A46194E6700EE76092A3B2
:10FE0000290053EF21EE4507E3838EE5703A6869D8
:10FE100056CDAA5935AB66D5414BB33A9CC33998F8
:10FE2000E4680853F0210D46073747733007D37A4B
:10FE30009643C9F090E4584E198E7998877998873F
:10FE4000C3318F0053F2200F42073FC7733C8786B0
:10FE500083D83F0E07B11DCAB13A18E5A80E273A5C
:10FE6000246E3B3453F3230F42073BC7733C478652
:10FE7000AF399EC3399EC3C3214CF22CCAA32C8F29
:10FE8000F3388F87731E0153F826EC45076738E86F
:10FE9000600E0E07250773301AB628CCA2308BC22D
:10FEA0002C0AB368D8A230CBA124C7120053FC2679
:10FEB000ED4507777847A41C9172448A13298DA4D5
:10FEC0003093B250AA4A493CE8889423399A43496E
:10FED0000E4600540325EEC5073F87E321CAA368F9
:10FEE00038253912E9506998EA51398B4271C8E2D4
:10FEF000A88EE6691E0F83005404250F420737C7FA
:10FF00007378187224CD932CCF923CCD5145475431
:10FF10006D87B6E19CC7799CC7C339CF00540822CE
:10FF20000F42073FC77338C9C12C87D25897A461C5
:10FF30008874AEC3398FF3388FF37838E7190054DB
:10FF4000091E0F42073FC7733C1FBEE7788EE7D0FC
:10FF500070D0B90FE73CCEE33C1ECE7906540A1EA2
:10FF6000EB49076738E5511EE5D170CEB174780CC6
:10FF7000C5500CC52811B338C75200540C25EC49A4
:10FF800007E3438EE998320C8A8EE998344C521874
:10FF90004961248591344C5218E9988E243A940092
:10FFA000540D240D42073B47737018D2384CC24C95
:10FFB0008B7228C9C11CD3A1E121C9C33CCCC33C6D
:10FFC0001C8E7900540F200F42073FC7F3E17B8E50
:10FFD000E7D07010FBC7E1A0663918E5A80E273AF4
:10FFE000246E3B34541027EEC5071FC9E17408D3B3
:10FFF000284CA3308DC2341A0E4914A6519846617C
:020000021000EC
:100000003A846914E6700EE7C870105411230D4647
:1000100007370773308786071DD4416DD0B49A56D1
:10002000D36A5A4D1B34ADA6833A94E85802541B48
:1000300023EF41076B38E8711E47C3D7388FC3E100
:1000400020E7780E0F87540F933C8BF2281BCE7954
:1000500004541D220F42073BA7E4C8F090D6A12C00
:100060000777CCAC4B3AA80DE73CCEE33CCEE3E1BE
:100070009C6700541E22EF41076B38E8508EE7C39F
:10008000E72407B31C4A635D52868B96C7799CC7E9
:10009000793C9CF30C541F2A0E46071FC9E174C813
:1000A0009230CA9230AA95925A1469D914A6518EE8
:1000B00045C93044431E957338477338475300543D
:1000C000202A0E46071FC9E1241BC2A8316A4CA38F
:1000D000E1294CA3308DB2248CB2248CB2241CA212
:1000E000AC54CB9134CEC31C0A542623EF4107678E
:1000F00078C8A11CCE611D4D121D8932514B13359C
:10010000CE89C3398FF3388F87739E01542726CE4B
:10011000C5077718A22189BA445DA22E5197A8CBB2
:1001200030449534AAE4C890E44894E4699EE6F12A
:10013000300854292A0E46071FCBB1281BB2288B42
:10014000B25263D49A44499C44CAB04859A956AAA9
:100150009586ACD49823619E25719A01542B250F66
:1001600042073FC77338C9C12C87922CD632494DFC
:10017000C561C8E11CCEA1E19CC7799CC7C339CF3A
:1001800000542D290E46073FC7D3214CA3E19044CC
:100190003916E558140D5A542BD54AB56C88B2520D
:1001A0002D4AC3280DA330DE720C542E270E4607AD
:1001B0003F87E321CAA35A2949A3683824518E9462
:1001C0001AA3C6A871888A513B9455B3623A643920
:1001D0000654312B0E46071FCAE17048C328190E7A
:1001E000511A466918A561140D431265611265A57F
:1001F000218C1A931CCDD12487B4D800543322EF1C
:10020000410777D8A1304FC23C19F61CCFF1E18EDF
:10021000D5B1DAF039C9C12C87D25897745054350A
:10022000290E46071FC9E17408D3A81275C9922880
:100230008942298942498B1AA3C6281AE22C8A735B
:1002400034477350C77404543829EE45077318A413
:10025000210AA3B652ADD418958624AA2651358911
:10026000925A3424B5A812257998235912677555E6
:1002700054392A0E46073F87E3218BA36C58A26AA4
:100280001215A34A94465A1A85699425E19025616E
:1002900054CBA12C47D2380F7328543B280D460766
:1002A0003B47E3218AA36818A4A4C9944452964406
:1002B0005293D4242551366C999485715A0E2B395A
:1002C0001801543C2D0E46071FCB07251BC2248B5B
:1002D000B2288B6AA55AA9528B22298B6AA521CBF9
:1002E00086282BD5A2388BE22C0A9370CD110054AE
:1002F0003E21EF41076778C8733CC786438EA43917
:1003000092E671367C270EE73CCEE33C1ECE7906A2
:10031000544029EE450777189421CEA25AA956AA2F
:100320009592308B92E110A55A1426D990455954D4
:10033000CB91304F7330C9D11054421DEB49076740
:1003400038E5511EE5511E0DD71CCA8777488774C2
:10035000488786871C0A544621EF41076F38E771AA
:100360001EE7F170C7723C4786877C07933AD49E9C
:1003700055C3929AEA390054481DCFC1076F38E738
:10038000711EE7F170E73C3CE4488EE7D070D0A1E5
:100390001CCF870F544A1F0F42073FC7EA581D1B47
:1003A0000E611D49733C1FBE731DCE799CC7793CFD
:1003B0009CF30C54502C0D46071FC9D170084BC933
:1003C000704AA24C4AA24C4AA24C4AA24C4A9AA455
:1003D000A4940C8A9648499CC6699C86495A015443
:1003E0006232EE45077718942189932889932889EA
:1003F00093281906254A72244AA2344AA22C8992CB
:10040000A83424D11625510E65612DCCD241CA41A4
:1004100000546828ED41076B384861292C25C390AA
:100420004461292C0D0729874A83D416B545A54177
:100430004A722CC99144C7120054732A0E46071FF2
:10044000C9E17408D3281906250AD3284CA3308D96
:1004500086A76C8C2AB5214A6A511295B3623B92E9
:10046000C32900547525CE4507634886439447F554
:10047000A834245197A84BD425EA120DD190445D9D
:100480007238877330C9D10C547826CEC5077718D7
:1004900094210DA3348CC2340AD32853B2A812B5C8
:1004A0004459126995214CA3308773A6E110547BFF
:1004B0002F0C46071FC9C16C08B3281906298922C9
:1004C0002989222989222919062989222989A241D3
:1004D000892229198634AA233998831900547C2B40
:1004E0000E46071FCCC1211992418CD230EA126509
:1004F0004994445952AA8651321CA2341CD2304A23
:100500007338877330C9D114547D2B0F42073FC70E
:100510007338C9C12C87D2581914490775DAA00C51
:10052000629664619664619664E1A034664994833E
:10053000391E03548024CEC5077B9886288C1AA3C5
:10054000C6A8344C8D5163D41895866988C2A831E9
:1005500047C21C09E3E11054862CEEC5073F87E330
:10056000211A8624AA26511227913228A55A52AA66
:1005700025A55A528A062519A234895A72248BE27B
:10058000FA3004548B270E46073B87F321CAA36831
:100590003825E5282947521C6583548BA32C1EB2AD
:1005A00038CA861DC9E11CCEE118548C290E4207B9
:1005B00037477764C8E170106BC3250B6B9998655A
:1005C0005B2929655152CA9228CCB470106B610E18
:1005D000E71000548E280F42072FCD91344786280C
:1005E00049B3A898455994D4AA618ED4F26C38E8DE
:1005F000A4E19CC7799CC7C339CF0054902C0E4608
:10060000073FCBA12C1AB25263D4320C512246912F
:1006100012462D512F51976888C2A83147C21C0934
:1006200073244A7224CB00549226EF410767900648
:10063000AD9435654D59364883CECBB043610E85B8
:100640003914E6489A236918C5E18E0C0254952B9B
:100650000E46071FCAE17048C3280DA364384469D9
:1006600018A561948651340C49544D86284DA26AD0
:100670009EE6693E0C799A005496380E42073787F9
:1006800073644872244AC2411A96484AA22492923C
:100690002889A4244A22298992484AA2241A942803
:1006A00089A4244AA2304BA2304B862C4A4AC51852
:1006B00054AC290F42071FC929E9909692E112E52F
:1006C00060943555A34A9E445953561BC2248CD27C
:1006D0001C4E7230CBA134D60554AF2B0E46073FCB
:1006E00087E3211BA4C6A8A295A4248CC234CA9275
:1006F00030AA4995781892616ACC913047C21C198A
:1007000076248C0054B1260D46071FCAC170888616
:1007100041AA4A55A92A45C32055A5AA5495A2E144
:1007200020A552354EE36188D30054B32B0F420706
:100730001FCA29E1108751321CA4B41456A22C8C74
:100740004AC316C5999466C990695145CCE11C4EBF
:10075000724CCBE50454BD2DEE41077778487229E1
:10076000C93229C93229C93229190E5192655292CA
:1007700065521225D1A0441529A925A99CE6E97046
:10078000CD0354C0220F42073BA7E4C377AEC33961
:100790008FF378B843490E665531099534D39230BA
:1007A00097D51C0254C11EED45076B38E6611EE665
:1007B000611E0E77F6411BB69A56D36A5A6DD886DB
:1007C000AD0154C4270E46073BCBA12C1BA2AC5451
:1007D0002B25C3A044B552AD542BD54AC3772CAAC0
:1007E000E55098A7711EE6480254C62B0E42071F1B
:1007F000C9E174C886252A46955216856214464D6D
:1008000052166DC3148683162651A24439A8A33903
:10081000A8433B0054C729EEC5071FCAE17088866C
:100820002189D2304AC3280DA36438443916A56102
:10083000948643340C4994E6700EE7D07054C82E69
:100840000F42071FCAF11C4EC2414BC22CCA5AD2DA
:1008500028D3B768506A3956C72AC3100D4A1A659B
:10086000499A23698E0C438EA4110054C92C0F425F
:1008700007B30E85511C66D13024591AE650980EE4
:10088000DFA11CCFB241CABA8459A59485513468FE
:1008900049298B321D490354CE2A0E46073BCBA172
:1008A0002C1B926150A25AA956CAB12849A34A1AD0
:1008B000B5956AD990256114E668926375244D75E3
:1008C0000154E11EEB49076738E5511E0D77747836
:1008D0008786871C1A1E7268784AB33CC9A10054E7
:1008E000E525EF41076778C8D17898E2308AC328B8
:1008F0001EA69C387C07E3618AC3280EA3789872F1
:1009000034C9E11054E6340F42071F4B72488992F4
:1009100021992A511685511685D1F0106551186517
:100920005125CA94288922298986254AA25A1D2B35
:10093000E551524D6A72920654E82A0D46071FCAC5
:10094000A1D2A0259194254D691645C32055A5AA8D
:10095000140D83541DA4548A86214EE334CE92385C
:100960004C0054E92ACFC10777B80C49568992AC9C
:100970001225C3254AB24A94649528192E515A4A21
:10098000D321192E519AE3399E43C34154EA30EEE4
:1009900045076F588621AA444A548994A8D26550C5
:1009A0003A55A424AA74AA44CA3024D11055222549
:1009B000AA28699454B3244F9AB3280354ED27EF1F
:1009C00041076BC88630CAA230CAA230CAA270C81A
:1009D000869CAD8E85D1F03D87931CCC72288D7599
:1009E00049070554EE2C0E46071FC9E12C199261E8
:1009F00029855163541A9ED2300AD3281986A82D0E
:100A00001B922C8C9461D0D21CCEC124475300542D
:100A1000F2240E46072F17B3211B961CCA726819C1
:100A20000E5A356B89C2529A13876B9EE6699E0EE9
:100A3000D73C0354FA300F42071FAA83593224C30C
:100A4000414A4B69291A06256A4BA2B6248A864177
:100A500089DA9221AA2551340C7A94E551964749B6
:100A60003D8D0054FC290E46071FC9F1704886438E
:100A7000946351344C8D5163541AA63A1625C3A081
:100A80000C7954D5D11CCEC12447530055012D0EED
:100A900046071FC9F1704886439463518E45D13093
:100AA00024518E45391645C390443936E458140D07
:100AB000439EE6693E0C799A0055062B0E46071FA9
:100AC000C9E174C84AAD49940C872887A4ACD49274
:100AD0002551128552364843A4459528C9D11C4D4D
:100AE00072488B0D550727EF41076B78CBF16438BF
:100AF000E6F8F010B5855196A45112A9913AE5781F
:100B000032DCA23C8BF2281BCE790455092A0F4215
:100B1000071FCAE178C89AAA5165B844599A44593E
:100B20001E45C31055B2344A4BC387B414263998B6
:100B3000E5501AEB0255102A0F42073FA7E4C8F010
:100B400010A539920CC7340B878728CDC26438A60C
:100B500039920CC724CFA23C8BF2281BCE790455C6
:100B60002C320E46071FC9E1740807250AD328193D
:100B700006254AA22C8992688B92218D92284BA23D
:100B8000241B9221C9912849863CAA476D5116B56C
:100B90000E552E2A0E420733CAB13A341CB2301F0A
:100BA0000E5212A6D17008EBC870D069C321CC9147
:100BB0003047C21C09874398230900552F2B0E4646
:100BC000073FC9C1281BB2388A8653AD9468256592
:100BD0001892A856AA95A2614886282BD57228CBD0
:100BE000A1619073380755312A0D46077BD8C3643D
:100BF00088C2248A86252A26513189A2618972A851
:100C0000329C92785062291906354EE37418D43814
:100C1000553E25EFC1071FCCD1211AA2218DD252FA
:100C20005A4A864BD4FF321CA44E43D4CB70C772B1
:100C30003CC7860B0055432C0E46071FCAB1281C23
:100C4000A26848A2C6A8311A9E722C4A864189928F
:100C5000388992615086244EA26418E41E93388D20
:100C60000055442CEE4507777808D3288BA34A9685
:100C70004449162551A844958A1695B428E9348428
:100C80004A544BA23CCAD22C07931C4D015546270F
:100C90000D46073787E3E1214BF32C1D0E520EB5AD
:100CA000459534899441916A515B541AA43A544F42
:100CB000A21C8900554A20EE410773192ED5A46B5A
:100CC000D265E9BF4849FFFFBF2C95A5BFCA699E01
:100CD00056D23802554F27EC45076390862DCA86B9
:100CE00069D8A26C98861DD3316998A43092C24805
:100CF0001A26298C744C47121D4A00555E2DCEC50C
:100D0000077378D0A22CCAA22CCAA22C4AA6254AC4
:100D1000E2244AE2244AE2244AA665C8A22CCAA2D6
:100D20001C8B722CCA874300555F300F420733CDAE
:100D3000A1301EA6388C06294CB2629265C392552A
:100D40009328CB93709892502B265931C9A2248AAC
:100D5000062949B324CBA1345561350F42071F89B9
:100D60007230CA8630CAA2648806298CB2288CB236
:100D7000288CB228BA4461944561940D619445C9A8
:100D8000100D3912E5609483510E461900556433F5
:100D90000E46071FC9D17848864189922C4AA22461
:100DA0008B92281906254AB2288992284BA26418EA
:100DB00094288BB221CA4AC341C77238877338035B
:100DC00055652C0E46071FC9E174C89230AA95924A
:100DD000348A944199C2340AD368382451980E61F8
:100DE0001A25C390A7799A0F439E46005566300E88
:100DF00046073BCAB1DAD69225C39024439C646966
:100E0000524BB2A4B625B5A852922A4B2989922CEE
:100E10004A7224CC912C4F9261CD1100556A2D0D50
:100E2000460737CCC368CA2A51342CC39029514D88
:100E3000896A4A94684AA40CCB1065435453A25A59
:100E40001A65699455A241CC0A557C2F0E46071F9E
:100E5000C9F17088862189722CCA4AC5248B92E117
:100E60001025592689511245C390445D86A8252A2C
:100E7000297994E4600E870055802B0E46071FC920
:100E8000F17048864394E4521647D920354695526E
:100E9000168562149986798A861D097324CC91611E
:100EA00047C208558229EE45077718A22189BA441E
:100EB0005D8621AA445DA22EC310D5B168F812A5A3
:100EC0005112657196E4499423621E0B5584250FD7
:100ED000420733CDA12C1E1E72248786830EE5C8DF
:100EE000F01066F5A8387C270EE73CCEE3E19C675E
:100EF0000055872D0D46073B8DD3211934254B9581
:100F0000ACA224839228BD28BD28C9A0244A561922
:100F1000A22951FA1625599CC659128709005589EC
:100F2000330E46073B879321DAC22889D22889925B
:100F3000615012294D94284DA268504A4994255178
:100F4000984DC93028519823599267491E6571926E
:100F500006558A2C0E46071F4B72301AF22C498612
:100F60008352CD926A9654962CA9464A35522A4B02
:100F700065E93FC5C9A284955A9849611A559833C5
:100F80000F42071FCAB19621C92A519255A264B8CF
:100F90004439180D0F515A0AE328192E43122551CE
:100FA00012255112C55112C55112C55112C5B102B7
:100FB000559A2E0F42073FC7F3211AB62849B34866
:100FC0000DA364B844499E444994444994D4925230
:100FD000925586B434BC237530CBA134D605559CCC
:100FE000280F42073F4786871CC9A1E1A05387838A
:100FF0009843E17090D370F84E1B0E620E85391441
:101000000E0731872200559D2DED45077718922157
:101010004993281986244AD2244A862189CA513202
:101020009CB44C4AA26C509AA4244E87254773283E
:10103000C9C10855A72CEEC5071FC9F170488643E2
:1010400094E4929E44D13024518E45D130245135C0
:1010500089A2614886284DA26818F234270F0755E7
:10106000AA2A0F42073FC7736478C8911C1A92647A
:1010700008A3A4140E4932E4503E7C8B72302B87B7
:10108000499EE64851D6B71C0455AC2D0F42071FA8
:1010900019C461877364F89AE5D030C44A9648DA77
:1010A000A0E9B4E120E650180D52186551180D5210
:1010B0009827618E640055AE25EF41076758862951
:1010C0004CC2284CC26858869D381CC4C6E12036E4
:1010D0000E071DCA87EF399EE3390055B2330E461D
:1010E000073BCBA12C9BC22C899268504A49A60C85
:1010F00052A66449A84461A494B24419862819925E
:101100002C5472AC52CDA2248CB2A41D8D0055B3C8
:101110002AEFC1071FCAF17448864B148E5196D42A
:10112000A2BE64D9140D43D41A9586211AA2342A7A
:101130000D438EA4397D380855BB340E46071FC9B0
:10114000D1241CA2AC94A451A40CCA94635132645F
:10115000499444495312254DC9905486244A9A9281
:1011600028290F4939CAE2282927520455C52D0ECE
:1011700046071FC9D178488621AAA4516518A24AFA
:101180001A558621AAA4516518A262920D61541ABB
:101190000E7A926375244D750155C62F0F42071FB5
:1011A000CAF174089330CAA42CEACB709094342A04
:1011B0000D43D41A9586211AA21C89A261C89330C6
:1011C0004FC2381A76288C0055CE28EE45077B781A
:1011D0002A46D130245163140D431235468D5134C3
:1011E0009C726850BA4849AF49D73CC7921C8D00E1
:1011F00055D3310F42077BD8B1DA108E51A449750F
:10120000304A866448A2244AA2248A34A91225516D
:1012100012A5E9900C9728DCC1A40E356B990EA598
:101220000055DA2B0E46071FC9D17888862189AA76
:1012300049544DA2681892A81E45C3A91E45C33B38
:101240002425BD261D7324C7921C8D0055DC2E0E4F
:1012500046071FC9E12C19A2612A2659940C872838
:101260004CA36C904AAA9444C310E9D0100D4312C9
:1012700055F361C8D37C18F2340155E1330E4607AB
:101280003FCAB1D210A5499444A12465516918926E
:1012900028474A3916254332486138285112499562
:1012A0002849A324CA91304EA2240F130055E32AE3
:1012B000ED4507679006258B932C4E0665487274A2
:1012C0001854A565517A517A1906A5A2F4A2B42C36
:1012D0004AAB925544310155FD320F42073FCCA134
:1012E000301A92416A0BA35A3648C9A0445252910F
:1012F0009228698D92416A0BA321DAA24A531C25D8
:10130000ED4896E44854478A015609280F42073FA2
:101310001FBEE7D070D0C9C3398F877B1A0EDF722A
:1013200074189241CC92AC98645196248392465999
:1013300002560E2E0E460773B823F1900C43544903
:10134000A3CA30449534AA0C435449A3CA30446D0F
:10135000D9102583120D3A1CE5A0162B52B60E5655
:10136000142DCEC50777784872244AA24189922865
:101370004BA224CA92288906254A72244A92439491
:101380007419942E52D26B72CDE1E1005617280FDA
:101390004207AF3DAA0E0F4A3D92864B4E4C8774D2
:1013A00058B31C0B87834E1D0E698EA4C321CD91AB
:1013B00074384400561B340F42071FCA29E1900CB1
:1013C0000729896A5112D5A224AA45C9708992A811
:1013D000162591225512651A92C4524A2CD52C2AF0
:1013E00066511C463918650056292C0E46073FCB1E
:1013F0008787AC54C7A2681892284B4AB5A45419E1
:101400000E5196946A496988862189D21C1AEE5039
:101410000EE77008562F2F0F42071FCAC16188863A
:10142000346A190E521A350D43542D257D4A96649F
:101430008992AC3224C3254AB2F292CC49E7A46B1C
:101440009825005632330E42073B87B3211C94681F
:10145000C84A4A5652924119945A1229C9A0444A7C
:101460002D8994645006252B0D59494906258AB3C8
:10147000288EB238C9045634330F42071F897228A8
:101480008992648812534B1449152592927188B23F
:10149000418B8A59940C974889B26488864189DACD
:1014A000F26190B3729654F3085636320F42073702
:1014B000CAC1281DA2D25219962C89DA926888B224
:1014C000242A0D4A344449534B534B7258BA23E5EE
:1014D000244BD22C89C238CAB10A00563B2E0F4287
:1014E000071FCAB1E132A4A56818A23A1845C31073
:1014F000B546A561886A4DC3871C8CA261C891342A
:1015000047D21C19861C492300563F2AEF41077712
:10151000B80C495689923E25D1944449568992E1A6
:1015200012A5A564B844693AA4A5E19D9C44E5A828
:10153000318B0A564E2DEEC5071FCAA1E1210DA31E
:1015400068189228C7A2643844492E45C39044398C
:101550001645C3900C519A44D130E4698E64F970F9
:10156000565330EEC5071FC9E14119C2344A8643BC
:101570009444A19444435419B2244AB22189921C40
:10158000899228C98644E99428ADC9354BE264386C
:10159000566829EF41076B9006AD943565D9200D4B
:1015A0003A12E560960D9F931C33EB920E4A8334FA
:1015B00068A5AC29CB06695000566A370F42077BF5
:1015C0001872248D86288D4AC310D5C128199221FE
:1015D0008992288992288992288992211992284DE6
:1015E000870F5196E85894E44816A562A64329004F
:1015F000566C29EFC1073BCCA1301BA22119A4A432
:101600009444911626510E46C97089D252FF344433
:10161000BDF49A6D399443C34156742F0E46071F8B
:10162000CAB1614886348CB25265384459A9340C29
:1016300049544DA2681892A89A0CD1302451351FF4
:10164000861CC972248DF30056762D0E46073FCBBB
:101650008787AC541A8624AA2651340C49544DA2CB
:10166000681892288BA36878C93249698ACBC392DB
:1016700083498E260056782E0F42073BC7B361D0B0
:10168000D2281906254BB26C587A537A53BA0C4BB0
:101690006F4A3228C3A0D594AC3949065987C32470
:1016A00007B30056872F0E46073BCBA12CDB5A927F
:1016B0002119925A4BD6323C2451D2944449539228
:1016C000288B32245D9428E99A34274A398BD22C0E
:1016D0009200568E2F0F42071FCAB1E14107A36C3B
:1016E000986A61541BA63A1825C3414A72448A86F7
:1016F000211A32394AA42C47945D52724889C44950
:1017000004568F2D0F42071FCAB1E132A4A56438D9
:1017100048498E48CA3028519F8621EAA7618886A9
:101720001C8C92E11E657934E4491DCA862156A8B5
:10173000330E460737CCA12C5B066550F22CA92549
:10174000831225A9920CCAA0E459920CCAA0D49283
:101750006C199441A925F9A00C6196E45912859160
:101760003456B4340F42076B9006AD94658334E869
:10177000C4E121CAF1648BB36CC8862129265112B9
:1017800085C91025611255C264C8C2285AC2618831
:1017900092284EB20456B72B0F42071FCAB1E1324E
:1017A000E460142D534B5369996A4DC97089B2A6F0
:1017B00064B80C59D3F01E2539A2E54A29874401A3
:1017C00056BC320E46071F1AD2419D6A492D4AA2C5
:1017D00024192E4D499454864B1D899264C8A2A4A5
:1017E000341C92218B9252521E223909E344292B38
:1017F000510656C2280F42076B5006314BB270504B
:10180000069D367CCEC1E19CC7C3398F877B9A5732
:10181000076510B3240B0765900056CA280F4207CE
:101820003F478687302B0F772C1F3E4495A83624E0
:10183000438E64F970D0B374F81A65B196A44A491E
:10184000B30E56D12F0D46077338E643321C92A6CD
:101850004829257D8A94CA3028BD289561501229CF
:101860001B92645094BE4583928559140D4B0E26ED
:101870000056DA21ED4507E3830EAAA99AAAA99A90
:101880008A4928469956D3C2484A23258E7470F84F
:101890000E0656DB1DADC507E38356D36A5A4DAB22
:1018A000693529CCA474507268C77470F80E065656
:1018B000DE22CCC907E3438EE998344C52184961C3
:1018C0002485911446521849C3A4633A363CE8581B
:1018D0000056E022ED4507E3830EAAA99AAAA93291
:1018E0005CD4544C4231CAB43092E244C9131D1C3A
:1018F000BE830156E423ED4507E3839AAAA9325C2F
:10190000D4546A929AA46188D42C51B344CD1279EC
:10191000487470F80E0656EA270D460733077368B9
:1019200078D0413994B228D1922C11B3484B6A52E5
:10193000162A59928959648C7470F80E0656F02153
:10194000ED4507E3839AAAA99A2AC3454DC5D192CA
:1019500069491449B544C92A6AAAA6C3773056FA18
:1019600024ED4507E3839AAAA9325CD4544DA561BE
:1019700088A43492D2484A23691822298D7470F8B9
:101980000E06570326ED4507E3839A646A1429C3BC
:10199000454DA56188A426691822A9491A86486A76
:1019A000922A920E0EDFC100570825ED4507E3830A
:1019B000D4A4253565B888F1F0298D946450922916
:1019C0008BB648D3C2481C241D1CBE8301570B296B
:1019D000ED4507E3839C4472940C9F436548A24401
:1019E00089922851A2A4A40C49494F124D499CB296
:1019F000440787EF6000570D270D4607E383184B18
:101A0000C3106961A40CEFA0340C919446D2304409
:101A10006AAA0C173555B254195ED3E14157122703
:101A2000ED4507E3839A4AC310A9A9325C74501AA2
:101A300086484A23691822354B34A5A428512666C6
:101A4000D1F01D0C57132A0D4607E3830E4AC3102D
:101A50004969240D43A483CA7051F244192E4A9E49
:101A600028C345C91365B86835298D8607015716FF
:101A7000280D4607E3830E4AC3104969240D43A489
:101A8000A6C3D754192E4A9E28C9A0244A2D49948A
:101A9000E1A283C377305718290D4607E3839A2ABA
:101AA000C3454DA56188A426691822A9491A86480C
:101AB000CD1265B8E899325CA430D3226D78105706
:101AC0001F1EEFC1073FC7733CC7733CC77368381D
:101AD000E8508EE7788EE7788EE7783E7C572827A7
:101AE0000F42073BC7733887868F391EE6489AAB8B
:101AF00071920C9728CD913447D21C497324CD9113
:101B0000E12D0701572D1FEFC1073FC7736838E864
:101B1000508EE7783E7C67C9F11C1A0E3A94E3397F
:101B20009E0F1F57302EEFC1072FCEE33CCEB328B8
:101B3000CFA24419964809B3440AA3250AB3A8982A
:101B4000454A984549BA44D910465992C639320C8B
:101B500001573E2D0F42072FC7936150B330CDCAB6
:101B6000596D58A23C8B86304BC32C0DA3244B8758
:101B7000248BB62809B33087B224CFEA882A57408D
:101B800028EFC1072FCEE33CCEB328CFA27058A2D6
:101B90003C8B86308BF22CCAB328CFA27C89C23111
:101BA0004A4B39341C025747270E42072FCDD33CEE
:101BB000CC9170D8AAC32067612DCDAA593DC9E246
:101BC00028DBB22114931CCCB124472300574A24AC
:101BD0000F42072FCD91388FF368B885F130E5506B
:101BE0009843E130F68F53988C6994D6B3244F33E1
:101BF00000574D2D0F42072FC7B361CDC2340BD311
:101C00002C89A2618992348B92340BD3643864C5D9
:101C1000340BD3258CC65A98E64896E46906574E8D
:101C20002A0F42072FCCA13087C21C0A87314B9361
:101C30006109D3A88ED47224CD9130C9C3245FB278
:101C40006CCCC26A5ECDA100575023EFC1073FC7DD
:101C50009AB37256CEAA495409A3246A4B6A499C86
:101C6000E339341C7428C7733C1F3E5751290F4277
:101C7000072FCCA13447D21C898641CCC16147B320
:101C800041CECA59392B67E5258B86308B92B0142B
:101C9000A76B0E0157612A0F42072B8FF3388FB3C2
:101CA000E194D586258BB2E66C18B44A9855B230CB
:101CB0008B8A4B94645B35ABE44894C5512A5764D6
:101CC000250E42072FEEDB3064A5681892A856AAAD
:101CD00065C390956AA55AA9B60C8730AAE4480E48
:101CE000E77006576628EFC1072FC7733C1B863085
:101CF0004BC32C4D86250DB36108B334CCD2304B89
:101D0000C36C18C2254D7638A70E07576A260F42B6
:101D1000072FC7B36108E33CCEB3A8324C49145631
:101D2000AA711E0DB7388FF331DCD31CC9F11C0F1B
:101D300001576F27EFC1072FC7A36110E33CCED334
:101D40007418A21C0995384BA234AA8549564CA494
:101D50001C11D3B94E1C0E0157772D0F42072BC70C
:101D6000733C1A0E510E8539140DCA10855954CC86
:101D7000A2621615B3A8980D51B844A51DCA722CBD
:101D800047931CCE00578225EFC1071FCCC1411CD1
:101D9000763CC773647848A33A1215878F511D8922
:101DA000AAC3438EE4780E0D0709578329EFC107B4
:101DB0002FCCA13447D21CC9F16818946147732411
:101DC000CDC2340BD3308AC3289E6A6B92E6480E8C
:101DD0000D8700578B29EFC1071F8E86412C655157
:101DE000186551186551325CA230CAA2AC9C15939B
:101DF000280DA3388786830EE5783E7C579B290FF4
:101E000042072FC7B341CECA5939AB0D4B1647A570
:101E10002DC972241A0631CD91691C9362A99E6561
:101E20003A94E3290057A22C0F42072F47D27CCCCB
:101E3000863CCBB1FAB00C8356C7EA586510B32480
:101E40000BB3240B975A3226591446831E65710E24
:101E50000157A327EFC1072FC7A3E196E3399E0DD2
:101E600043322C6998A561360C619686591A66C36F
:101E7000102E69B2C339753857AE2C0F42072BCEDE
:101E8000E33C1A6E6912875936286998288322E53F
:101E90007834DCD21C09736819866887B21CCBC100
:101EA0002487430057C22B0F42072FC7A3E116E731
:101EB000719E0D43322C51318B8AD930845954CCC8
:101EC000A262360CE112856B92E6399CE890385795
:101ED000C32A0F42072BCED31C09B3344BC368B8B7
:101EE0000C529A8539940D431865799C47C3211A81
:101EF000D335496B3994C6BA0057CB29EFC1072FA8
:101F0000C7B36108B3A89845C56C189261898A590E
:101F100054CC86218CF338CF86211CC33DCD911C37
:101F20001B0E57CE2F0F42072B4FC23CCAF2381A56
:101F30000E51311CC6380AA32C1A92288B2A51162E
:101F4000558A51A53844B549892A514BB1A68569AE
:101F50000057D42D0F42072B8EC2382B0D8728CE69
:101F6000E3745086412B654D596D18B452D6946573
:101F7000CB30285B94456194E551524F230057DFE5
:101F8000300F42072B476A3912D591341A0E518E01
:101F900064839C664312D5A224AA4549548B925A65
:101FA0003624B53D5A97B64D89B34887C20057E0ED
:101FB0002B0F42072FCED31CC98621CCD2301B86D3
:101FC0006458722C1B86304BC36C18C2381FC36D0B
:101FD000B8E4488EE7788E870057F72D0F42072F19
:101FE000CD91341EB41CC986B5140D43546B0A93AD
:101FF0002889B24192D2521A26A561485AC32CC9E7
:102000008A4956D5A23C57F92A0F42072FCD91385D
:10201000CF8621CCF12C8C86A99CE3D170CBF11C0E
:10202000CF86215CD2644CA3B48E0C438EA40900ED
:1020300057FA290F420733CD91341D1ED23A320C84
:102040003992E6C830E4481A0E1FD33CAB862569A6
:1020500018223DC77368384800580222EFC1073F75
:10206000C7DAA3EAF0A0E4A8345CC23CCEE3E18E78
:10207000E5780E0D071DCAF17CF80058052EEFC15A
:1020800007671892412A66D1302459942651964602
:1020900049360C9118C5619426D93024590EA5797A
:1020A0000E0D071DCAF17CF8005806290F42072BB8
:1020B0004CF2308AC328CE8653561C862C4E926131
:1020C000D09AB372360C5AF392855B351CCE399E8A
:1020D0002300582127EFC10733C7936148A33494E5
:1020E00086214BD252321CB3A41CB52659A6557278
:1020F000348786830EE5783E7C58242D0F42072FC7
:10210000C7B36108B334CCD2301B866458D2304B8D
:10211000C36C18C21C8F865B9C2F51384643944673
:102120003996D4A16C18582A29EFC1072FCCD23088
:102130004BA3E11666693848C394A5E1A086591AF5
:10214000666934DCEAD8528A46314A737C180458EE
:102150002F260F42073FC7736838E8503E7C4CE398
:102160004119E43447B674C8869D347CCD7228ACDE
:10217000A561A20F0258302B0F42072BC7B3E19481
:10218000E55865D82A613228C9B055C2AC326CCD49
:10219000D970CAA2E29248D19689A53A52CC870357
:1021A00058312B0F42072FC7C3611AA4B04F4932D1
:1021B0000C49D69423B5611AA4240A2B5158290D31
:1021C00043D21A46719854432DAC065834310F420D
:1021D000072BC7B36108B334CC8621CCD2685086B4
:1021E00021CCF1643848598E65C3A0452DD9D4B2AD
:1021F00045599445618E44498E84190058352C0FF9
:1022000042072BCEE3AC362C591C458398A4D170E1
:1022100088E23CCD91701893440C95627198D4304B
:1022200087C21C1A76288C00583F2E0F42072B4776
:102230006A3912D591341A0E51351BD652B2A451B7
:102240001AB5462D4B2D4ABA0D49299A9245A985B2
:1022500049B1A6856900584A2B0F42072B8FEBD94D
:1022600030684D59533228C3A03565A5AC360C5A99
:102270009CA749714B94648C86288DB238ABA643D9
:1022800000584C2E0E42072B87B361C8AA59360C52
:102290005935199461C8723887A32119A2348C5A10
:1022A000A268292543548992388C9328C9C30458BD
:1022B000512AEFC1072BCBC1241B946150B2341CAF
:1022C000A4962C6A19A46148B234CCC2529285B546
:1022D000348786830EE5783E7C58542D0F42072BB9
:1022E000CCD2304BA3E11666699C0E5A1287599ADC
:1022F000A561940C8A94E339BE0C43B4A55998E6C1
:10230000C830E4481A0158572A0F42072BCE9130A3
:1023100009A3AC58CD226550B4348F86CB9C67514D
:1023200031CA5AA2248CD21CCEA1E1A043F9F001FB
:102330005858310F42072BCECBD170888A71940C3C
:1023400043328C51160D87A8186551320C5914C6AA
:1023500051320CD990A4C994A4516B6918C22C4D68
:1023600000585E260F42073BA7E4C8F0A064456909
:10237000B8C4593E1CF42C1D3EA679560D4BCA70AC
:10238000D1733C4786870458622E0F42072FCD91A8
:102390003087B26108B334CCD264588621CC722C19
:1023A0001B06AD8E65C3A0EDC890253D265D732448
:1023B00007931C8E00586B2D0F42072BCEE33C1A5F
:1023C0006E719E0D43342869980D4398A561360CB3
:1023D000619686D930844B1A2DC34149B31C4AF308
:1023E0000A005875280F42073FA7E4C8F01065E5BA
:1023F000E1AD291BDE92304F86640893B0940CD176
:1024000020A539920CB7381FBE135879300F4207F8
:102410003347A2614886388C872189A3CAB00C4310
:1024200012655125CA862189E230CA862189E2AC2B
:102430000EE5D070D0A11CCF870F58832D0F420717
:102440002BCD9138CF8621AC658396C4D17088722C
:102450003C1B86304BC36C18C22C0D976188C62874
:102460002D65715654870058852CEFC10767189267
:10247000416A8D86214AB2A8160E43328C71940CA3
:102480004396A4713E24B521CEC11C1A0E3A94E3A2
:10249000F9F001588A2AEFC107334D872D47B24121
:1024A0001A0629499330C98621518A69920C978A64
:1024B00098A5798EE7D070D0A11CCF870F589230A5
:1024C0000F42072BCECBD9704AB3304EB241194ED2
:1024D000599444B5244BA24C95B26450A22CC99295
:1024E00068A92543960C4A318FD324AE0058932611
:1024F0000F4207378B878738CB91E19CC7C3398F51
:10250000873B9243C3B73C0D4BD230447A8EE7D021
:10251000709000589C2F0F42071FC9B2414BC22C2C
:102520001986A8182761922551A2346551B2494BEA
:1025300053A245955029E6480EE6D070D0A11CCF95
:10254000870F589E2A0E42072B4BB3300B73381A55
:102550004EB56C18924EA5A9AD140DA71CCE8621C0
:102560005BD2641B86284CF361C8D304589F2AEFC2
:10257000C1072BCEE3418BF36C386551382CD11059
:102580006643D6366475AC94A45994D416A5658A6E
:1025900014AD258F864158A829EF41076B3888492B
:1025A0005409A3A4140E071DCAA1E1A043F9F0A980
:1025B00016656116E5480E0D071DCAF17CF8005836
:1025C000A9330F42072B0BD3304B93614973248DF2
:1025D000866438484994458352CB915A344449968D
:1025E0004649166649364DD13284599A257192254D
:1025F000795658AE2A0F42071F8A876418A45A9E3C
:1026000064C3A65593CA3044B5A66CD094AC251CBF
:10261000B438ABE6D070D0A11CCF870F58B32B0FC6
:1026200042072FCEB36108E33CCCD268F894A5D919
:102630003084591A66C3106669980D43B8A4C93826
:102640000C519CE5509A1758BE2D0F42075747066C
:102650006D982AC52C8A866D0B13491A3645A94DEB
:10266000492909A3A44DA9687194E639341C74283A
:10267000C7F3E10358C12BEFC1071F8A0731CD9281
:102680006188B228CB062D09C3E1328895281986C6
:102690002C0AE3218972308786830EE5783E7C58C8
:1026A000C72E0F42072BCE93E120E57834DCA23C05
:1026B000199641C9A2244BB268B8E578360C6196E8
:1026C00086CB30445B9A85C390D387830058D3323E
:1026D000EF41076B7888922CD392414BA2242B2692
:1026E000833248391426831626593119A4244BB253
:1026F00028C99248C9923CCE864B8EE4C8F0005857
:10270000D52E0F42072BCEA3E110E578384C831469
:10271000168731C7A3E110D591281B86308974C470
:102720009425A3B2659292434A244E220058D8259C
:10273000EF41076F3867E5E19C95873B795006319B
:10274000E971500631E97150061DCAA1E1A043F9B3
:10275000F00158DE2A0F42072BCD91384F86839423
:10276000E3D17019A624CAA2E1562A56AA591A46DC
:10277000596D4B4A63168662ACD4741958DF2D0F1D
:102780004207B33C4C831665E93028838E47C33437
:102790004861140FD32085513C4C831446619269E3
:1027A000839E43C34187F2E10358E42B0F42072B7A
:1027B000CEA3E196E3D9320D51D2982D632D8D86AB
:1027C0005B98A5D170D36ACB7050D228C9112D5710
:1027D0004A39240A58E9340F42072B1A6E719E0CAD
:1027E0000729094B999248435287924119B2288987
:1027F0006AD154AB0D59322851B63425076588C2C9
:102800002C0A8725CAA3480158EB1EEFC1073FC712
:10281000733CC7733CC7F3E17B8EE7788EE7788E15
:10282000E7780E0D070958EC20EFC1071FCCC14116
:102830001C763CC7733CC7F3E17B8EE7788EE77864
:102840008EE7D070900058EF2C0F4207378CA330E2
:102850008EC2380AE3288C87308786431A86C318CD
:1028600047611C857114C6519866C93044590E855C
:10287000390458F9230F42073FC7736478C8911C85
:102880001BEED4E141C95169B8E4D4E19CC7C33D12
:10289000CDA12C1D3E58FA25EFC1073FC7736478C0
:1028A000C8911C1BEED4E141C98A62561BB221CCEF
:1028B000A170C8863CCBB1EAF00158FD270F420752
:1028C0003F4786871CC9A1E1A0D386EF78341C72EC
:1028D0002C1FBE9386871C0D076518A22C2A0EA2FA
:1028E00006590F210F42076778C8737038E7F170F7
:1028F000CEE3E19CC7C33D87876B92D6EAE00E6DBD
:1029000077685915210C46073707733007736C1821
:10291000C438CBA33CAA26619623752CC7722C879A
:10292000F41D025916240E42072FCDD33CCDD37887
:1029300090E22C124B4916469552D69215EB4898C8
:10294000A771350F732404591A210C4607370773F2
:102950006C18C2341BF3288794580AB761ADA9914B
:1029600094E5481DD2E71D02591C290F42073BA7D9
:10297000E4C3C72CC7EA5038A859186A49942551AE
:102980009644955A9C95C3244F73244CF22C5313B0
:10299000595920330F42072FCEE37890E2301A8640
:1029A00024AA66529CA543122561944C43122559D2
:1029B000254A22291A92521255D21C097328D29301
:1029C00044C722005922280F4207330D878F693CE4
:1029D0001CC4288BC2E1A013870725CCC56148D24F
:1029E0003855C21C8B7254C7766807015925300FC1
:1029F00042071F4B872D8D9268902A51160D4B5B15
:102A00009484A5244B8745C9E3E129CB44294BA4F1
:102A10004A9654B32809B36A8E642A005927220FB4
:102A200042073FC7733CC7733C1FBEE7780E273988
:102A30009AE46096637528CDAB3914E9A000592952
:102A400022EF41076B38E8508EE7788EE7C3F71C1A
:102A50004E7234C9C12CC7EA509A577328D241012B
:102A6000592A220F42073FC7733CC7733C1FBEE77A
:102A7000780E27399AE46096637528C9F2AC1A96E5
:102A80007450592B220F42073FC7733CC7736838F5
:102A9000E8508EE7783E7C4E7230CBB13A94E6D562
:102AA0001C8A7450592E230F42073FC7733CC786B8
:102AB0007356CECA59392B67B5E17392A3490E6696
:102AC0003994C6BAA48302592F250F42073FC77312
:102AD0006478C8931CCC72288D75494DF51C1A0E6C
:102AE0003A92E6489AC7F5B412EA21005931240F08
:102AF00042073FC7EA581DAB63C321AC23698EE789
:102B0000C3F71C4E7234C9C12C87D2BCA8430A003B
:102B10005937240F42073FC7F3E17B0E0D071D0A0B
:102B200073280C87835887C21C1ADE9330CE22B5D7
:102B3000AC4B3A28593E260F42073FC7733C4786A5
:102B4000871CC9B1E6AC9C5593A892556A7992A3AB
:102B5000490E663994C6BAA483025944260F420727
:102B60003BC773687888B31C6AD63249192E5A73EA
:102B7000561ECE59392B0F971C497324CDA16101E4
:102B80005947260F42073FC7736838E8481DCC7283
:102B9000280D87EF608EC7C31487511C46F130E5BE
:102BA000788E26391C025948250F42073BC77368A7
:102BB0007888B31C4A635D928621D2B90D0F399291
:102BC00063CD59D81A65499AE708005949270F4239
:102BD000073FC7736478C8911C1A0E3A9223C3D773
:102BE0002C879AB54C928621D2733C8786830EE55A
:102BF000780E594E250F42073BC773687888B31C7F
:102C00006AD632491A8648CFF11C191E72A61C1AC0
:102C10000E3A94E3F9F001594F290F42073FC77369
:102C20006478C8911C1A0E3A9223C3D72C87D258C5
:102C30001914494DB5E18EE570A243A2AA231100F3
:102C40005951290F420733C773701892412D65837C
:102C500016A5A56818922C0D936AA4E5503E7C4EEB
:102C60007230CBA134D6251D145954250F42073B91
:102C7000C773687888B31C6AD632491A8648CFC1B0
:102C8000A88EA4E9F090D691348FF3B81E0259575C
:102C9000260F42073FC7736478C8931CCC7268182C
:102CA000542595B46152737CD8A11C1ABEE6707984
:102CB00038E478045960290F420733CDA12C1DBE9A
:102CC00066F9701093300AE5311AA43087C2E1A08A
:102CD0004339323CE4490E6639A26A3B34596228D2
:102CE0000F42073BC773687888B31C4A63299494E2
:102CF000614812390B87CF3A380CEA9C49C3A0C708
:102D0000F930E8710659672D0F42073B8773703819
:102D100088B1122683528C9252980C4312664A1440
:102D200046499484499E4339323CE4498E99754919
:102D30000705596A2A0F42073B87868738CCB54872
:102D40005AC24C1B0EA19827C3210D736838A46189
:102D50000E0D07310E878F690E652200596E290FFF
:102D600042073B87868738CC656989526D38845A1B
:102D70008E24C321AAE5D87010737838888DC3419A
:102D80006C1C0E12005973240F42073BC7733CC7DB
:102D900073388786AF618EA43992E6698E8839A62A
:102DA000E4B00E4ABA1CEA500459742A0F42072FA5
:102DB000C7733C1B86B06598C22C2A66512D8C6A5D
:102DC0006194256114266992E671254CC22CCAA231
:102DD00038CD0B59762B0E42072F8773381A86B0E1
:102DE000960C53316A8C2A695419A2C624CAC22887
:102DF00089D2AC1A25519A64B29A25711A01597870
:102E0000290F42072FC7B36108E33C0E87218BB31C
:102E10007256CE864B98C5519827618EA47912C6FA
:102E20005935CCC21C0A01597931EFC1072FCEE3C5
:102E30003CCEB3281C9628D1A22452B22849A42CF7
:102E40001A92288B92A827254BA24A9A4559944456
:102E5000B5244B62311A8600597D280F42072FC7CF
:102E6000C361CCA13047A2612D857114C651320CCB
:102E700052318DD23849F3B892D6C2A62487530076
:102E800059822A0E42072F87733887D3E1298BB2E4
:102E9000288BB2288BB2284BC2288B6A2D59B15689
:102EA000C94A5934286194E930005984240F4207F3
:102EB0003BA7E4C3B71CCFF1E19023399E23C3D7CE
:102EC0003047D27C88725407255DD6742C01598A0C
:102ED00027EFC1072F47D27808B3218FC3618CA396
:102EE000308EC2381A0E51318DD23849F3B892D68D
:102EF000C29661480059922B0F42072FCD91388F0F
:102F0000F36C7850E2A812479538AA0C8354899341
:102F1000A80E25518ED5A1A40E653A12E6708E0139
:102F20005993270F42072FCEE33CCEA3E1631C85C4
:102F30007114C651320C59548C6AC5248CD24A9AE9
:102F4000A4B54A166BB92C59962B0F42072F47D2BE
:102F50007808B3218FC3618CA3308E9261908A71FF
:102F600014A65198A44998C469922659A72C8AD3CB
:102F7000BC0059992C0F42072FCEE33CCEC3A4349A
:102F80004C499445952CAA44595489E2488B5AA33C
:102F90002C49933447C2240EB3B0AE833A00599DF6
:102FA0002C0F4207378CA3308EC2380AE32819064B
:102FB00069C8CA5939AB0C5B53318BB2288CC22417
:102FC0008CD2300B93AC4B98A80159A5250F420722
:102FD0001F19A661C8E1346CCDCA752CC77364F89B
:102FE0001AE6489A0F518EEAA0A4CB9A8E25005972
:102FF000A82C0F42072FCD91388FF36C78D0F22890
:10300000CBA32C8FB2418BB25231AB8459986695C9
:103010002C8CB2284CE228C991300359AE310F42B2
:10302000072FC7B36108B334CCD26458D22C4A8678
:10303000218B921CAAD4A3A416B5446112257396C1
:10304000E44994844926856A36A8390459B92A0F77
:1030500042072FCEE33CCEB3614886318EC2380A98
:10306000E3683844B531CA92629225D52CAA25511D
:10307000372D13EB780859BB270F42073FC77364FE
:1030800078C8911C1A0E3A1446C3F7301C0E3A92B7
:1030900023C3C734DF7270C7B47147220059C62CEE
:1030A0000F42072FC7C361EC254A86A99245C52C5C
:1030B0002A66D170882A69D49255A2C62CCD92680E
:1030C00018942C4FC24A0E670059CB2B0F42072F82
:1030D000CEE33CCED374D8A2302A6651320C526B68
:1030E00054C7A26CD8922CEC966461944561920FFF
:1030F0003B14260059D02CEFC1072FC7B361CDC2B6
:10310000340BA361094BC9304649584AC252126672
:1031100051348C4914A6595889C2AC1246E1700842
:1031200059D12E0F42072FCEE33CCEE37058864193
:103130002AC6511847611C25C310B56649948659A3
:103140009A25511A65499A84C930E4489A0059D39E
:1031500028EFC1072FCEE33C8BF22C0A876518B20B
:103160002889E2488BA3308EC2348A86214BD23C18
:10317000AEA4B5B03A1C59D4240F42071F9A871D3C
:10318000CEF17CF89AD4A1662D93C458CE91E16318
:103190009A6F39B863DAB823110059DA300F420751
:1031A0002B8DD2525A4AB3248A86494AA25AA44540
:1031B00059144691294B4A4914494D621487519A32
:1031C00044599444B5480DA3341E59DC250F4207D9
:1031D00033CDA12C1E1E72248786830EE5C3E71C07
:1031E000CEA1E1639AC7F996833BA68D3B120159A4
:1031F000E52CEFC1072FCD913447D22CCC062519F1
:10320000B6288CB2248D864354CBA37A148959D224
:10321000A4867392A54916A562360C59E82D0F4273
:10322000072BCEE33C1A6E713A28C3904561944552
:10323000C930645112A559320C5231CBD4A458294B
:1032400026599246B56A3D1759EC2DEFC1072FC795
:10325000B361D09AB3DAB064699424831625B55269
:10326000522B25B5A825AB44C92066D524CAC22C4B
:10327000C98AC9300859FB2D0E42072F87B361C890
:10328000AA59291A8624EA12751986A81275892A5C
:1032900051A529899248CB4C4994265992CAC3908A
:1032A000A70159FF280F420727CE9134C7A2610812
:1032B000A3388BB2289AF334893363A2AB39347CB8
:1032C0004CF32D07774C1B7724025A012C0F420731
:1032D0001F4B7234CAC1787888F2388F8753D694DE
:1032E0003565C39014A34A31C9A2344AB22809B340
:1032F000A42DA94D5A1A5A0326EFC1072FCEE33C3D
:103300001B86300E87318EC2381A0E511D8CC23486
:103310004AE3241A8630AEA4B5B03A1C5A18300FCE
:1033200042072FCD9138CF8621CCD26458D22C4A77
:1033300086218B92348B92348B9261883A2751ADDF
:103340004B96446156A92561A2E639005A1B2D0F00
:1033500042072BC7D3414CB330CDA24149062D4A79
:1033600072A89243956150B2308B8A59A60C872C73
:10337000CD932C49A35AB59E0B5A1C380F42072BEC
:10338000C7936119A22C4AA25A944483542925C98F
:10339000A09492A8A22551A5944495481A86244A3F
:1033A0004A95A816254A94454929A92561D25B5317
:1033B000065A1F2F0E42072B87C3610B6B61659066
:1033C00086A98E45C9302851122751124BD1302879
:1033D000A538CAE2481A06254AE2244AC244AD008A
:1033E0005A20310F42072BC7B361D0EA581D1994F8
:1033F00064D0A224872A39541906254B5AA3A4293C
:103400009392D62889D2A4298CA42C0AA3244A33C7
:10341000315A252D0F42072F8F43458DA6242C2589
:10342000C93055A3E110758D5AB2A825AA29629218
:103430004C6A18A54996748BA4448C425D0D5A2998
:10344000310F42072FCCA13087C241CDC26818C2CC
:10345000344A86218B92A81625512D4AA24EC3903C
:10346000256112A7499A6451984525398BE2745A0F
:103470003628EF4107671892412B65D920655DC258
:10348000414CB3A5340C519627691D1A3EA6F996F6
:10349000833BA68D3B12015A41230F42073FC7864B
:1034A00073561BBE350F772CC78673561EEE508E93
:1034B0000C1FD37CCBC1211FC2095A462A0F4207D9
:1034C0002B2F0D87A85609B3344A86418C92309928
:1034D000B2288C423589AE39347C4CF32D07774CB9
:1034E0001B7724025A49330F42072BCECBD970CA1F
:1034F000F26148D2A81D89A26548A2244A222D89DA
:1035000092288912A5142951A46461946449948570
:10351000512D52C3288D075A5A320F42072B47B6F6
:103520006C90B372363C28591A25A54A94884929CB
:103530008995281A8624CAD228C9D22C1C864C4BBD
:10354000A3D6A8340C499C26005A662E0F42072B9E
:10355000C7C361C872AC3A2C838E44A56188EA6007
:10356000940C9728C932294E936C18B230AA69512D
:103570004F4AD425CAA1105A6A290F420733CD9168
:10358000341D96614DE54D09934E89D416A63952E6
:103590004B878738CC913047A61CDD4169DD23007D
:1035A0005A7F320F42072FC7A3E116674DE1B0449F
:1035B000431625511C29C310D5C1281986A8354B9F
:1035C000A26108B3344BA26188B2244DE22CC991A8
:1035D00030025A92300F42072BCCD2304BC32C8D85
:1035E00086CB206569120D6A126569120D6214C6D8
:1035F000D17090923047C23D4BAA49295AB2961CCD
:1036000049015A9A310E42072F87B361C84AB55211
:10361000340CC93044951C899264902AB5A8524B49
:10362000A2CA20255192B50C521225599249991AD5
:103630000D6A565AB32CEFC1072B8FEBE130646152
:103640009A0CD23044AD516918A2D6248B86212A17
:10365000E6721E265196B425A5A49688D910015A63
:10366000BD2E0F42072BC7C36190C2280E872119B8
:10367000A46A140D43D4356ACCA26150A21C8AA45A
:10368000A45B94744AFA29C9752CC9E1085AC1315E
:103690000F42072BCECBD970CAF26107A36818A2DC
:1036A000621C6549964489A494D2444BC228C9320D
:1036B00049C9D4244AA22C0AA344A9E550085AC2F5
:1036C000310F42072F4CF22C4AC42C2A6651655800
:1036D00094448B92A81625512D4A86218BC2348A98
:1036E00086214BB26A254DD25A25CBB31C51055ABF
:1036F000C9300F42072B8F73240D87410AF341AA6B
:10370000464A94468934442DB592144689962AC96E
:103710003068AD4954C9A2244BA234CAE2280D5ADC
:10372000CC310F42072FCCD24A9CE3D1F02D49A3D4
:103730006418B2284B6AD170886A49A9340C5912AE
:103740002671A888499434655212895992A3490672
:103750005AE1350F42072BCECBD9704AB36810938C
:10376000304A864B946495284906A5946499541967
:1037700094A6244BA22CC992484A06A594E44994E5
:10378000A4891A27005AE9310F42072BECD3208570
:10379000B56CC8B221A90C53A54F499F9264509AA9
:1037A000B24A944453924549294CA224CA92AC127D
:1037B0002559A51C65015B0C320F42072F57B32119
:1037C0004F73241A3E656194244B164949D4B6467A
:1037D000391645C39025511A66C9922551D29425B0
:1037E000C9524CD21C0915005B302F0F42076B5099
:1037F00006314BB2705006314BB2705006314BB2AD
:1038000070500635C992344BB23C87868F69BEE54D
:10381000E08E69E38E44005B382C0F42072B8FB398
:10382000E194E551751994418DFA96D4A264B84497
:103830005DA27AD2320C5918D5B46188FA6918920F
:10384000384D005B501FEF410767788773388773E7
:103850005487F3E17B8EE7788EE7788EE76892C332
:1038600039025B54260F42071F8A872907A31CAB26
:1038700043610E8539944439A4E5632A853914E6F9
:1038800050D89F9274D072105B5525EF41076B386A
:10389000E4719EE6483A8439142683564E4A71965E
:1038A00043F9F03DC7733C47931CCE11005B57238F
:1038B0000F42073BA7E4C8F0A0E4A88E86C3A0C3CC
:1038C000399CC3F9F03DC7733CC77334C9E11C018F
:1038D0005B58280F420737C77368F898E3391C0D07
:1038E000439AA7729AA4A5643864698EA43992E6B3
:1038F000489A23599223610C5B5C290F42071F4AA7
:10390000872DC7EA509643E13064C53451B2542B39
:103910008A59A4A4499C26713D4DE230AB64695696
:103920000F5B5D250F42073BC7D37018941CCA720A
:103930002C4A87EF399C63C33DCDD33C190E4A9E78
:10394000E3399AE4700E5B5F25CFC1076F187438B6
:1039500047E5E17B8EE76892C339361CC4288BC2E9
:10396000288BC2288BC2288BA2E1035B63260F42FF
:10397000071F9A871DCEF11C191EE2A40E356B9904
:10398000240D43A443391C0FDF733C47931CCE1115
:10399000005B64330F42071F8D067548932189A38E
:1039A000244AB3244AB3244A93A6544AA2344BA2CD
:1039B0006C4BB2304BB2304BA4304B4A5914299D5A
:1039C000BA4439065B69280F42071F0B873547D277
:1039D0003C196E719E86591285A1348C7AA6C45901
:1039E000510B2331CDE34A96845A4D0E5B6B2A0F5F
:1039F00042071F558665D0913047C22CACA5D9200F
:103A000027612E6699361C92382BE76152CDA2624F
:103A100094558A495C055B702E0F42072FCDA1306B
:103A20001D0625C7E36119B430AA0D531D4AA26CC7
:103A300058A43C8BE25089A74419B64A9855A22451
:103A40004AB5280F5B752E0F42072B87066919B2FE
:103A50004A96299D22A529A9DC914E83D2354A1A7E
:103A6000B3A4315B0E83524E93388CE2300A93AC90
:103A70001A025B782A0F420733A9235A3466491683
:103A8000AE639664E1148D599265C38392A3CA70A4
:103A9000CAA11CCE87EF399AE4708E005B7A2DEFB5
:103AA0004107E3320C719823C9708BB2362511930C
:103AB00030979444D341251A6E719E0D4398258DFD
:103AC00059D29464495B182A005B7D2B0F4207335F
:103AD0000D874F499A0ECA3044599465839684E9FC
:103AE0003028839866C930448398B30C830EA7C3EB
:103AF000F71CD6015B7F290F42072B4CA36C906A01
:103B0000713448CB90E55016255334AC833C277D67
:103B1000512A4B3B711874381DBEE7B00E5B8322EF
:103B2000EFC1073BA7E4C8F0A0E4A88ED6F172AAC3
:103B3000473BB4A3399E23698EA439120F17005B4B
:103B40008525EFC1073BA7E4C8F0A0E4A88EE66096
:103B50008E0DEBA0E3393E0CCA30E4789CC7799C0B
:103B600023C390005B87230F42073BA7E4C8F0A064
:103B7000E4A88E66C34187723CC7F3E17B8EE77889
:103B80008EE76892C339025B88250F42073BA7E4A2
:103B9000C8F0A0E4A88E643996E3E9F01DCAF11CD0
:103BA000497328CCA130C77334C9E1185B89260F4B
:103BB00042073BA7E4D0F096635198E6488EE7C8E9
:103BC000F035CC913417734CCA511D8D74440D7768
:103BD00024025B8B240F42073BA7E4C8F0A0E4A8B3
:103BE0009CE6488EE7C8F090EF605287DAB36A58D7
:103BF00052533DC773005B8C250F42073BA7E4C8B7
:103C0000F0A0E4A88E86C39DF3F010673956C7EA8A
:103C10005098A56116A659A40F09005B8F260F4284
:103C2000073BA7E4C8F0A0E4A81AE739343CC4393C
:103C30001EE5581D8B72AC0E65D52CCDB2E11E472A
:103C4000005B97230F42073BA7E4788E0C0F4A8E48
:103C5000EA6838DC390F0F399263CD59D81A6549B3
:103C60009AE708005B98260F42073BA7E4C8F0A03C
:103C7000E4A88E86C3398FF37838E7788E0F8734BF
:103C800047D21C4987439A2311005B99200F4207B2
:103C90003BA7E4C8F0A0E4A89CE6480E0D07B17F5E
:103CA0001C0E62FF381CC41C8A005B9A260F420758
:103CB0003BA7E4C8F0A0E4A88EE6C4E1A043399E87
:103CC00063752C1BD62CC7EA5012E548361C7402CB
:103CD0005B9B2E0F42073BA7E4C8F0A0E4A89443E7
:103CE000E1900C6A9464619664619664952869CA4F
:103CF000A43A12A5619666611AC5C392C3005B9C83
:103D000020EFC1073BA7E4C8F0A0E4A88E86C33922
:103D10008FF37838E7711E0FE73CCEB3E1035BA267
:103D2000230F42073BA7E4C8F0A0E4A89623E9309C
:103D3000C82D5A0EEED07687B6E19CC7793C9CF32D
:103D40000C5BA31FEFC1073BA7E4C8F0A0E4A88E5B
:103D500066C341270FE73C1ECE793C9CF39C387C20
:103D60005BA422EFC1073BA7E4C8F0A0E4A88E66DD
:103D7000C341CFE1341FEE581DCBA1E1A043399ED2
:103D80000F1F5BA6290F42073BA7E4C8F0A0E4A8D9
:103D90008E66C341AC43610E0D873447D21C497314
:103DA000241D0E699843610E0D2F005BAE260F4255
:103DB000073BA7E4C8F0A0E4A88E86C3398FF37848
:103DC000B843399C83C341CCA13087C2E120E6507F
:103DD000045BB0240F42073BA7E4C8F0A084B99C61
:103DE00066C341A7A73994A5C3F71CCF91E121472A
:103DF000723CC773005BB3240F42073BA7E4C8F0D3
:103E0000A0E4A89C66C34187726CB863F9F03DC713
:103E100086731EE7F170CE33005BB4250F42073B7B
:103E2000A7E4C8F0A0E4A8345CC23C1ECE793CDC18
:103E3000911C1A3EA6F996833BA6AD3A12015BB5DA
:103E4000240F42073BA7E4C8F0A0E4A89455D2A8E9
:103E50000EE6D870CEE3E19CC7C3398FF3384DE24C
:103E600022005BB6290F42073BA7E4C8F0A0E4A8F4
:103E70008E46C3439EA34A986D520E2575449237D1
:103E800025879448D5C2414B7238075BB9260F424B
:103E9000073BA7E4C8F0A0E4A896466156CD922C53
:103EA000CF72288D7549192E5A1EE7711E0FE73CF7
:103EB000035BBF290F42073BA7E4C8F0A0E4A89624
:103EC00023E97008D35CCC936818A2D6525A1A869C
:103ED000344A4B696918D2288D005BC22B0F420708
:103EE0003BA7E4C8F0A0E4A89623E9900C6A98A543
:103EF00061960C8392E56012A74998144BB5A64AC7
:103F0000988459580D5BC4270F42073BA7E4C8F0BB
:103F1000A084B91A67C3418F722C4C87EF603C4C68
:103F20007118C561140F538E26391C025BC5250F0D
:103F300042073BA7E4C8F0A0E4A8345C7224C7861B
:103F40007356CECAC3392B67E5E18E643994E635E2
:103F5000005BC6260F42073BA7E4C8F0A0E4A89A7E
:103F6000456994E449D6946849B866D330E4580E5C
:103F700085FD7138E878045BC72B0F42073BA7E447
:103F8000C8F0A0E4A80ED5066D47733C1D96414DC0
:103F9000E234C9923809F3244B6A51318BF2281C60
:103FA00006055BCC230F42073BA7E4C8F0A0E4A8BA
:103FB00032BC5387731E0F77F270101B8783D8387B
:103FC0001CC41C8A005BD02D0F42073BA7E4C8F03D
:103FD000A0E4A858CAA2308E9261C8863087C21C5D
:103FE0001A0EC9A0C951458D922809232D52B2B08D
:103FF00023005BD2250F42073BA7E4C8F0A064452D
:1040000069B8C4593E1CF42C1D3EA679A4A5B54838
:10401000CF549DA25352005BD3290F42073BA7E424
:10402000C8F0A0E4A8345CC2AC3C9CB3F270C77288
:10403000683888BD4461320C4918854998231900B5
:104040005BDE260F42073F4786072547C5AC361C77
:10405000F42C4786731E0FE73C1EEE500E0D0F71B9
:104060009623AAB643035BDF2A0F42073F47860722
:104070002547A5B0382483982559A596A4499A27A1
:104080008322E6D8900C772CC75AC35A25CD7304E7
:104090005BE1270F42073F478607254795E190C41C
:1040A000393A9CF37838E7F170CEB3E1631A2B8389
:1040B000228951264A2A005BE22D0F42073F47869C
:1040C000072547C53C8BA2618BF22CCA066DC8E35D
:1040D0006898736C508641AAC45169D8A22CCA8AC8
:1040E0005A984C035BE52A0F42073F47860725474E
:1040F00095211AB6288BD2244CC22829E58A8EA88D
:10410000DA268E5AAEE9A0A66E3AB6433B065BE6C7
:10411000240F42073F4786072547A5E11266B5E110
:104120005316A6C321CEE3E19CC7C3398F877B9A80
:10413000D7005BE8290F42073F478607252B4AC374
:1041400025CEF2E1A067E9F031CDB36A320C49A483
:10415000A66254CFAA5112E6488E005BE9240F42B2
:10416000073F4786072547F5611B76AC3D2A0E1FA2
:10417000A3B22E29C3456B1ECE597938E719005BCF
:10418000EB280F42073F4786072547D5389C8638DE
:104190008F876488F378B8E7F070D0722CEA2D6AC4
:1041A000C9A29628C722005BEC260F42073BA7E472
:1041B000C8F0A04469A60CAFF5E19CC7C3398F874E
:1041C000731E0F77244BA24C8C92211F045BF53297
:1041D0000F42073F1F3E6461651892412BE5486D11
:1041E000508641CDB1411A86244E93411A86244E01
:1041F00093411A86244E9341CA9262126683005BF1
:10420000F6260F42073F478607254E954119D6A847
:104210003C28C35A1D96520E0DE370CEE3E19CC7B5
:10422000C33DCD6B005BF8230F42071FCAF11CCFC3
:10423000F174F80EE5788EE7489A43610E85399E51
:10424000E3399EA3490EC7005BFA230F42073FC71D
:10425000733C8786830EE5783E7CC7723C1D1ED278
:104260003A14E65098E3399AE4700A5C012A0F4246
:1042700007338FF338CF86218CC361CCA3611073D1
:10428000308AD3244E936C18C2388FF37808A32158
:104290004EB21CCA005C042E0F4207334F73241C1D
:1042A000D4304BC3411986284BC3410DB334CCA243
:1042B000D2306449AE25719296D2304BB328C99260
:1042C0003CCD005C072F0F420737CBA36CD0A24830
:1042D0002B25511246AD4394E45016E589160D7313
:1042E0001825C32095C3A81646599495A3B092A744
:1042F00019005C08270F42073F4786871CC9A1E1C8
:1043000020360E07B17138E8509A0CDFB16CF81006
:10431000A63914E650258753005C09300F42071F69
:10432000CE8621CCD2304BC36C189241CAB1CA2080
:10433000667994E5486D18945A394B1AA34A944506
:1043400049544BB2244CE212005C0A280F42073356
:10435000CDA12C1DBE66F9701093300AE5311AA468
:104360003087C2E1A0A3E1F031CDA130872A399C8A
:10437000025C0B26EF41076B38E4783CDCF17438C3
:10438000E4E4411AD4308B86211974301C3EA639DE
:1043900014E650258753005C0D2C0F42072F89D35C
:1043A00024CE92C650512BD9F020E6789845D524DA
:1043B0004CB2618892380F0735CEE321CC863409A0
:1043C0007324035C0E2C0F42072BCCE2643864612B
:1043D0008E0E433444696918D2282D0D431AA5A5C1
:1043E0006108931CCC86438E85C3C7348732115C29
:1043F0000F230F42073FC7733CC7733CC79AB330C4
:10440000CDD22C4CB3304ED258AEE7788E26399CA4
:1044100023005C11240D46073B477334879AA32C75
:10442000CCC2AC9A8459A2663912E5600EE6600EE1
:10443000E6988EEC18005C16240F42073FC77330D5
:10444000AA235116676177B63419BEE77092A34963
:104450000E663994DA91410713005C1A210B4A0762
:10446000B758C99AEAE9F00EE9903448521649590A
:1044700024659134483AA4273A92005C24270F42DD
:104480000737CCA13447D21CC9A1E16B9483510EEC
:10449000463918E5581DAB43619A85699456F26117
:1044A000C8095C312F0F42072BCE9134C98621AA4F
:1044B00083510EC683320C4A5609B34A9855C241FD
:1044C0004BE2300A93522DAA44B5A6A4164E598E3B
:1044D000005C3922CF41076B38E4489A2369367C67
:1044E000AD23693A1C7224CD911CCEF11CCEE11C87
:1044F000CE61005C3A27EF41076F38A43992E64855
:104500009A23698EA4C3210D7328CCA13087D21CB5
:1045100049F3728E843916E5A8005C3C27EF410709
:104520006F38883914E6509843E17010733CCAC163
:104530002815A34C8E861C89F228CBA32C4FD2E1E0
:104540004E5C3E28EF41076B78CBB13A960D6F3940
:104550009E0E6932E4509843E1A026430E8539143B
:104560000E5B32C8491AEBC3105C3F28EE41076B63
:1045700038683994E550361CB4344FF334AB2C4AC8
:1045800098256B9654A34A9845B528AB4495308F2F
:10459000015C4027EE41076B38683994E550361CC2
:1045A000B41CCEE1E129C7A268981AA3C628C9861F
:1045B00029C9411D4A7234025C412DEE41076B3816
:1045C000683994E550361CB41C4EC23809E324CC3B
:1045D000A26448A22C09933009C528CC92A89269FC
:1045E000499485E2105C4529EF41076B38883914FE
:1045F000E650381CC43447D21C191EA23447D21CC2
:104600004986639267519E4579940DE73C025C466A
:104610002BEE41076B78CAB128C7A2E12987D33CAA
:10462000C9C2284906A9928551928551320C4A94F3
:10463000E44829474AC34147035C4824EE41076BDD
:1046400038683994E550361CB4344FB296AC256BBB
:10465000196E692E568A9562280D071D0E5C4B2730
:10466000EF41076B78CBB13A960D6F399E0C872CD2
:10467000CCA12C4CA36110D32C4C7324190E519C4B
:10468000C795E1215C4D28EF41076B78CBB13A9695
:104690000D6F399EE3C343548CA330CAA22129264F
:1046A00059A22AA534CC2A599849F2105C4E24EF1D
:1046B00041076B78CBB13A960D6F698E44AD595274
:1046C0004E7364780BF72C29478D51D612867B0CDC
:1046D0005C4F24EE41076B38683994E550361CB4C2
:1046E000280DB36A32DC5AB3EAF094156B61166692
:1046F000613DCD005C5127ED41076B384839548747
:10470000A2E120A571D4562926C329C9A36438255E
:1047100079120D9728D7D2248C13005C55250F42AF
:10472000076B78CBB13A960D6FCD5979786BCECABD
:10473000C35B94E551D6142659250B33350A730112
:104740005C5C29EF41076B78CBB13A960D6F2D6118
:104750005429263D66C3A9A59848495189926254B7
:10476000D94A79160D839843005C602CEF41076BA2
:1047700078CBB16C784B7324CDC26818D24A3C3CDC
:1047800044698E64C310466A9628C3908569940E66
:10479000438EA411005C622B0F42076B78CBB16C87
:1047A000784B7324198E49561C1EA2242B26C33124
:1047B0006A8D86210D7324195EB2344B077D5D002E
:1047C0005C642D0E42076B78CAB16878CAC2A63401
:1047D000190E51D2944449A44495E110E570340C6B
:1047E0005A1447D93048599C84C32057005C65311E
:1047F0000F42076B78CBB16C780B73288986419296
:10480000722C1C862C4AD22C8986219BD22C89861C
:10481000214BB23C8A8621AAD4A22CDC936D5C6C1D
:104820002E0E42076B78CAB16878EA9825D5A83170
:10483000196E49944459321CA2C62819062552A261
:104840004A6D1892729468C3A0E468025C6F1DEF11
:10485000C1073FC7733C1FBEE750D8FF381C742800
:10486000C7E33CCEE31C1986005C711DEBC907371A
:10487000C7722CC7D230144331144331144331145E
:1048800043311CDEB1005C7925EEC5072BCDD33C4E
:10489000CC91701894F624D191A661698E926A9693
:1048A000142BB53499622989DB87215C94240F424B
:1048B0000737CBA134AF26C390445A18A9618EA400
:1048C0007998A4728EE6780E85FD7138E878045CDC
:1048D000A124ED4507E3830E4A69A48591565386CA
:1048E0008B9AAAA9D42435494DD230443AA8438999
:1048F0008E25005CA9220E42073F47C25A580B6B17
:10490000C341E7343CA4399CA3C351CF923C91F2FC
:1049100074B8E609005CB8220F42073F87C21E87C1
:10492000834E1DDE723C198E698EA439323C446977
:104930001EE7713DC763005CD9270E46072BEEDBEF
:1049400030248D956225190E4A394ACA5152192EC2
:10495000E52899B248CAA21CCEC1244733005CE8BE
:104960002D0E46072B4F43458CA6240BA3A4532D95
:1049700049868352AA25A54AA74A27454A922192E9
:1049800092A92655DAA5244D42B9005CEA2C0E46C0
:10499000072B87D3242D852D9D2A8D955A9225A5E9
:1049A0002C4A5A974419A4A49445C99445522D877A
:1049B000B21C1A74288B005CED280D46072B4EB3F1
:1049C000A831898A498F59521906A55569552AC3B4
:1049D000A0B42AADCAE194A4711A67491C26005CF0
:1049E000F02B0E46072BCDD33C1CB6308B92DE92BB
:1049F00062A5A4484932454B69909262A53448C9E2
:104A0000184AC3218772388743005CF6230C4A0793
:104A100033C77268B8E5D970CBB3E19683C341C997
:104A2000C1E120C65A6938443952C722005CFB2DC7
:104A30000F42072BCEE33CCDC26AD2321C923AA47D
:104A4000D44A4929C9924EA1521BA4A4A445C91213
:104A5000259994E67092635A2E0B5CFD240E46074E
:104A60002BEED370488A9562A5A9D2A9D2A952513A
:104A70005A9462654B32294B72AC8EA4711E5D074D
:104A8000240F42073F87C21E87838EE4941C191EA1
:104A9000941C95864B4E1B1E7224C75AC35A25CDB3
:104AA00073045D0E2F0E46072BEE360C599A64499F
:104AB000298B92D6A4321C9472945486244A9A92DA
:104AC00028694AA2E49044521225399C83498E6693
:104AD000005D14270E4207BF5A191EC228C7EAC834
:104AE00070D0C25C8C93E19044618E8439321CC2D8
:104AF0003A12E6C870D0720C5D1621EFC1073F87ED
:104B0000C21E87834E1DDED21C4986639A23C35B77
:104B10008EA77934DCE2D2F0005D17250D46073B05
:104B20000F4B616938E8F8F020A5915653868B9AAF
:104B30004A4D5293D4240D43A443898E25005D2908
:104B4000310E42073F47C25A581B0E3A6D90062954
:104B50008BB2288BB2689006298BB2288BB26890F2
:104B600006298BB2288BB2244A4A89988409005DB1
:104B70004C2A0F42073F87C21E87838EC65939CB06
:104B80008687248CB2244AB2623A886916A65925CF
:104B90001CB424CCA22C87D2005D842D0E46073B8A
:104BA00047C25A581B0E6A8E0C97210DD36148D20A
:104BB000A8323C245197281A86244AC3281A8624EE
:104BC0004AB36A1446005DBA2B0E4207BF5A191E3B
:104BD000B21C8E86414AC2344B86258AC4341A964A
:104BE0006109E36458A3304AB261CBF130CAA13005
:104BF000015DBC2D0F42072B4CF22C8AB492949588
:104C0000B2A44589944E52D2A7A46549943E257D0D
:104C10004A2AC3CB8E49B51C0B7324AE27005DBD59
:104C20002C0F42073F87C21E87830E8749148AC90B
:104C30002025519227A5E4B0E5A932255912275124
:104C4000654AD2A42D4A9225AB165DCB320F42079E
:104C50003F47D2D2F010E6E8A00C4394E5D1200DF6
:104C6000530E4683320C51966383320C5A294B9271
:104C700069989230892A4352518638045DCD320FAB
:104C800042073F47D2D2F0908AE99A23D93024C311
:104C900012D5A6618892A64A140D83328C511665EE
:104CA00089922861326461942651166DEA005DD2C2
:104CB000280F42072B4CA36C906A713448CB90E5C7
:104CC0005016255334AC833C277D512A4B7B0E85EF
:104CD000FD7138E878045DDD230E42072F87B2B0FE
:104CE00016D6C25A580B6B612DAC85B5B016D6C21C
:104CF000521A466998E4A08E065DDE290E42072FFF
:104D000087B2B016D6C25A58694AA2A494444953ED
:104D1000122552580B6B612D2CA5619486490EEA21
:104D200068005DE126CFC1072B8C8A5954CCA27A4A
:104D30005447A2D29044E5A8356ACDA2621615B3B5
:104D4000A898C3490E66C3215DE2230F420733AB27
:104D500066D5AC9ED5B3E270101B8783D8381C741F
:104D6000281FBE2675A859CB2435155DE51A8F413D
:104D7000086778C8911CCFF11CCFF11CCFF11CCF74
:104D8000F11CCF870F5DE620EFC1073BC7733C479F
:104D900086AF399EE3399CE3C335CCA13047D23C82
:104DA000AEE7C8F0105DE727EF41077BF89623696F
:104DB0008E843914E6509663D930843914E650381D
:104DC000C4C98E453998E33998E470065DE820CC73
:104DD000C907E341C9C11CCCC1E110E54894235186
:104DE0008E44C321CAC11CCCC11C1C1E5DEB22AF6A
:104DF000C1076778C8911CCFB1E6AC9C5593A81247
:104E0000265125ABD49230117324C7F3E1035DEE34
:104E1000260F420733CDA12C1E1E7224C77368389B
:104E2000E8488EE7C8F035877338190631CDE37A44
:104E30000E0D07055DF11ECCC907E321077330078E
:104E4000733007A3E110E5600EE6608EE9988E25C9
:104E5000C3415DF220CCC907E32107733007A31CCF
:104E60008972241A0E510EE6600EE6988EE95832C9
:104E70001C045DF322CCC907E321CA912847A21C78
:104E8000897224CA916838443998833998633AA65C
:104E900063C970105DF41FCDC907E3410A4B612956
:104EA0002C85A5B0341CA41CAAA3399A833AA883E4
:104EB000C9F0005DF7280F420737CBB1FA70D0B3C5
:104EC0001CAB0E5FB31C4AF3E19AA44924A59138A8
:104ED0000C3992E6481EE7F93048005DFE1F0B4A88
:104EE0000737C7722C1D1E4331144331144331144C
:104EF00043314AC42CCEB11C4B015E02220D460741
:104F0000378773EAF010E7688EE6C3410A4B6129E0
:104F10002C85A5304AA230CB911C8D015E03270F52
:104F200042073BC7733C4786AF391CE5581D1A0E34
:104F30005A9285512D4CB330CDC2348B9234AB6331
:104F4000399E035E06280E46072B87B341CD6A8340
:104F50009255DA2A6D958A9425BD25BD256D95B6A5
:104F6000CA9245B55263D43A2539045E0C270F42E4
:104F7000074FD6251DD441495E421DC991E16B946E
:104F8000637568388449D69495B24A398B7230C7B4
:104F900063005E15280D46072B4EE3B43828C3A0E6
:104FA000B42AAD4AABD2AA54864169555A95258D8B
:104FB000B234CAD2281B86284B035E16250E46073C
:104FC0002BEE71102BC56129568A9562A5320C49CA
:104FD000D7A46B922C6956CDAA59360C5935015E6F
:104FE0001A22EF41076FB8E3F930E8783CDCA9C337
:104FF0008392C6721A0EE7AC9C95B3A49C4539986F
:10500000035E1B1F0B4A073787F2E19447C3298FC2
:1050100086738EA5C3632886629488599C63290091
:105020005E1D240F42073BA7E4D070D0E9690E65EE
:10503000F1F0A0A4B19C86C3392B67E52C296751F8
:105040000EE6780E5E252D0D46072B0EF36C10B381
:10505000625619062D89A2618922358AD4281A96AA
:1050600028D29228D29248D192284906312BE6685C
:10507000065E2B2E0E46072B47B3E141AC85B5B03B
:10508000960C43322851258D2A69541994A89225EB
:1050900051254B22A59644493488B5308743005E9C
:1050A0002D260F42073FA7E4C8F01065E5AC3CBCD5
:1050B0003567E56C90D31C4986639235654D59522E
:1050C000CA4A3918035E332D0E46072B87C3610B7E
:1050D000E3411AA4A41427A5414A4A71920C07A5DA
:1050E0006BD254E99444C992A559584BB29A1A65A7
:1050F00039005E362C0F42072FC99238C99270785A
:1051000008932C49A32C89926C90869C323C44696C
:10511000713867E5AC9C25E52CCAC11CCF015E380F
:10512000270F42073FC7DAA3EAF0A0E4A8360C51E4
:105130005A47D21C19861CCCB1E19C95B372969447
:10514000B3280773005E3D2D0E42072B87B3619095
:10515000B278589221519A959621519A953A949401
:1051600086A5294C9A862599C22C1CB6B0160E5BD2
:1051700058015E40280E46072BEE3C1CC24AB15235
:105180001986A46BD2320C49D7A4651892AE497225
:1051900018B21C0EB3304BB3280F5E452F0E4607D6
:1051A0002B87B36190727090062929655152CAA26B
:1051B000A43448491D4A2AC39074AA74AA2487219A
:1051C0002BD54AB56C18B26A025E4C2B0E46072BE3
:1051D00087B361C8AAC9A00C43D235691986A4B1A6
:1051E000D254694A4A49B1920C07654BD24A1A46D1
:1051F0006DA5D6015E55260F4207378B878738CBC2
:1052000091E19CC7C3398F873B9243C3B7D6E12056
:10521000295945AB94B3280773005E5F350F4207E9
:105220002BCCD252926543120D73A434255952925D
:10523000B224195ECA5952199248694A22A52969AD
:105240003924B55225CAA24A940D4922E559005E77
:10525000622E0E46072BAE0D431666D1A02559923D
:105260000C07A50E259561483A555A8621E95469DF
:1052700019862419E36C18B2B8349C72105E632C42
:105280000E4607236A4D6AE13044C354892A8B5283
:1052900052122989DA4A2D519EC939321CB4B016EE
:1052A000D6C228C9C22C8772005E6B2B0E46072F10
:1052B000CF066518B23C1A86244A2BD9A0962AD16B
:1052C000701093341F863CCD8721C77264386861A3
:1052D0002DCC24005E7320EF41076778C8911CCF66
:1052E000B1F628CBA33A980FDF733CC7733CC77362
:1052F0003CC773005E74250F42072FC7737C386864
:10530000698EA4799C43C3210D7328CCA1301EBEA5
:1053100023399EE3399EE331005E78220F42073F36
:10532000C7736838E8508EE7C3C73487B27C38E863
:10533000508EE7C3F71CCFF11CCF015E792C0F42D2
:10534000072FCEE33C4DB261889238CCB24149A3DD
:105350004C19946410D32C4C0731CF862119862C1C
:105360008FF3388FF338045E7B270E420733877341
:10537000341B862C876A7112C6C390A7799823596B
:105380000EB527613C0C7212C63996E468045E7C47
:10539000280E42072FCDD3B86B960C4392D5863199
:1053A0000B6BD5AC584AB230C9A270189234C9926E
:1053B00034CE92388D005E7D270D46073B4773A89B
:1053C00039AA25599229BD0CCBA0484D5293D2CB76
:1053D000B00C8A9664899AAAE9F0A0A3015E7E2D9A
:1053E0000F4207AF358CD22CA94543940C69568DDA
:1053F00092A83428C92026A562561BBE853914669A
:10540000611226516396E48959145E872BEFC10718
:105410003FA7E4C8F010E57814C6511847619445D9
:10542000611246931A857114C6519825591265491F
:10543000A665623A045E8A270F42073FA7E4C8F0D8
:1054400010E5789A23698E24C3214B7324DCB3A41E
:105450009C25E5A831CA5AC270CFF1185E8F250F7E
:1054600042073FA7E4C8F010E578360C618EA4959A
:10547000B89E0C07290EA3382BD7E33C8D931C8EC6
:10548000015E952B0F42073FA7E4C8F010E5783E78
:1054900064D1A047591E657994E5D170888A71144A
:1054A000C6511A2559122635291B6B015E972A0F02
:1054B00042073FA7E4C8F010A53992E6489A23E9CD
:1054C000B0A53992E648340C621487519C95B372AA
:1054D000140E831E47005E9A290F42073FA7E4C8B7
:1054E000F010E5789A23C9704CB330CDC2E1214A5F
:1054F000B330CDC264B8A5491C6661A68A3A245E61
:105500009C2B0F42073FA7E4C8F010E57896865918
:105510001A46711845C3102572A8445918655118C8
:10552000655156CECA5158C9D30C5EA6240F420706
:105530003FA7E4C8F01065E5AC3CBC3567E56C906E
:10554000733C1906354AC35A9AAEA1A6EE035EA76C
:1055500023EFC1073FA7E4C8F010A53912B546AD47
:10556000516BD2A3B6557324198E691EE771657805
:10557000085EAB270F42073FA7E4C8F010A53932F9
:10558000BCA539920CC7242B26C331C98AC9704CDB
:10559000F3647889EB391E035EAD2C0F42073FA7F9
:1055A000E4C8F010E578B24E5932A4515A4A2B871C
:1055B00021CAC2340BD3A4320C499663998E64D1AC
:1055C000306839085EB624EFC1073FA7E4C8F01081
:1055D000E57856CECAC35B7356CECAD920E770941D
:1055E00044B5A84B944515005EB72A0F42073FA764
:1055F000E4C8F010A539920CC7340B878728CDC2B8
:10560000643826598E4491D6D2562A4659A925D4B3
:1056100073005EB82C0F42071FC991E1214A732421
:10562000198E69160E0F519A85C9704C7324198E04
:1056300049564C865B94350DA7AC398B24005EC16E
:10564000330F42073FA7E4C8F010E578328859923B
:105650008559922551960C4A9425591265C9A04442
:1056600059922551960C4A5447A2AE49564AC25AFD
:10567000045EC22E0F42073FA7E4C8F010E57896FB
:1056800063A5411B96AC292B4983162D59A5A2551C
:105690002AC39444B5488BB2248D063DCA12005EDD
:1056A000C4350F42073FA7E4C8F010E57832244321
:1056B0009844491426511285C9204A499443499473
:1056C0000C5A32245925CC2AB5248B6A6194484956
:1056D000942935015EC82E0F42073FA7E4C8F01099
:1056E000E578321CB23447A26110A3388C86418C15
:1056F000E2301A0631CBB16818B42849B374D0A28D
:10570000211D5EC92D0F42073FA7E4C8F01065694F
:10571000584B93E12085511C0DB730AA0D0F51183D
:10572000D5A2E19649629644499648A5390A015E98
:10573000CA320F42073FA7E4C8F010653916E65099
:10574000322883946449162583126549961493413F
:1057500089B2A4564AA25A94F4939444AD610E853A
:10576000005ED3350F42071FC991E121CA726C1840
:105770009221CBA32C1994284BB2A4980C4A318FB8
:10578000B26450A22C8C6AD9B044C990255998852E
:105790005992E55018025ED62E0F42071FC991E1BB
:1057A00021CAF16448062D89DAA2244BB22452A200
:1057B0002C4CE44814B750CAA438D1E2542B6D5A8B
:1057C000BC433B025EDA310F42073FA7E4C8F0104A
:1057D0006571360C5A73960CCA20E5586550A22C98
:1057E000C9A2244B0629C9922C8CB2248DC23189BE
:1057F000D624CD23005EDF340F42073FA7E4C8F074
:10580000106539960CCA903565C9A0445992254354
:10581000960C4A9425591265C9A00C59536558A293
:105820006294256994D4932C025EE0350F42071FE1
:10583000C98707254CB3246A8B922809A3A4342472
:10584000C9304895342925C9D294F429E99425C949
:105850001265491A65499634256194D4A12C5EE2FB
:10586000300F42073FA7E4C8F010C5793224D53085
:10587000AA2545318AC34559A430A92683A625E126
:10588000102643126569246649A99A8409005EE3DB
:10589000270F42073FA7E4C8F01065E5643866E5C6
:1058A000E12DCD916438265931198E49D634DCC2A8
:1058B0002CACE625005EEC2F0F42071FC991E121B9
:1058C0008AF378D0E23C1A0E512D8C2AC318654D0C
:1058D000D1B0459562140D5A29A945D13024599467
:1058E0003446C3015EF3390F42071FC98707258776
:1058F000C261C8C2244A86214986B01225C39024B9
:1059000043D2A7A4CBB00C4312E6D0B00C4312256F
:10591000595419C2288992A624199468015EF62A5E
:105920000F42071FCDD12119A42147D23CCEB32865
:105930000EA3211AA23A12D591A81A356BC310E60C
:1059400070A263E170C8095EF7280F42071FCDD12E
:105950002119A42147D23CCEE3E23044439A236983
:105960008EA4A53496865B0E273A160E879C005EA1
:10597000FA2C0F42071FCAF1745086210EA3341966
:105980000E591A85D93064439843C930C4611C85C7
:10599000B9321CD33CD1E27038E4045F0421EF41FA
:1059A000076778C8911CCFA1E1A043399E0FDFA9FA
:1059B00075240D878F691ED7D31C09015F0A2B0F31
:1059C0004207332D3527B541198624CAA24A9425AA
:1059D0008B5253122D8C5AB250C9C43447D270F82E
:1059E00098E6713DCD91105F0F280F42071FAA83E3
:1059F000598ED5B174F80EE5783E483914E65098C2
:105A000043698EA45938645132E44994633A1E5F65
:105A1000131FEC4507E34107733007A3E110E5606E
:105A20008EE5E0F00EE6600EE6608ED4B1085F15FC
:105A3000230C46071F1C06310EE3300E93614C7297
:105A400028C9211D1B06310EE3300EE3304BD23046
:105A50000E5F17250D460733CB912C47B27078CDDA
:105A6000A2348BA2E120D5D2284B87C7AC312B269C
:105A7000A5342A8779085F18280E46071F0A0731C0
:105A800047C21C0973240C072DCDD33C8DE341CABA
:105A9000E2284C93341D0E61122775A80E025F1B7D
:105AA000300F42071F0B073547D21C89EA48549133
:105AB000862852A234918A4B548D4A431429695442
:105AC00089A35A18D5C2284E8AC310E528005F1F43
:105AD000240D46072FCDC33C0B87F7300FA3E120E1
:105AE0008579980FAF6A98A4599425511626628E2D
:105AF000C6005F26290F42071F4A073547D21C49B7
:105B000086637908E35A35CCC2611CD21C0973281C
:105B10002B47696518A4244BB31C055F27300F423F
:105B2000071F8D0675489321C993529E94C221295F
:105B3000859528AC4461250A87A41627B53849A461
:105B400038694A25A59494BAE418005F3128ED45D8
:105B500007E332AC711A0F43320C711AA7C3322C0F
:105B6000599445B52854252553B6444BE328099349
:105B7000308E005F352BEF410763D08635CBB16C9B
:105B800090B37CC8062DCEB3E190A4493C44AD51FE
:105B9000258EB23C0AE328C9A22453A330075F37FD
:105BA0002C0F42071F0B073187B272945686CB9099
:105BB00066498EA4E17009B3CA9064C56438A639F9
:105BC0009246692DA90C872807035F482FEF4107EC
:105BD0006350866408932889C2244AA2301992210E
:105BE0001972301D86288D5A87211AA2D66818D2BC
:105BF0003A920CC7B412D743005F4C2EEF410763B3
:105C0000488663D49A64C5E1439255426551C2A463
:105C100047655186242B26CA22263D26CA222659AC
:105C2000A59425A52C8E005F4E290F42072BAC456D
:105C3000C3120DF290655B298E86E52027715259BB
:105C4000DA69C321C7D3E190E6F870D0F11CDC001B
:105C50005F5D2A0F420733C787218FF361C8F17454
:105C6000F810D5A24A6D8886218CA26D1892B6A430
:105C7000A91215D370F898E671085F6226EF410704
:105C80006718C4521C4669298CA3AC291F0E5A18E8
:105C9000A5A5308EB2A63CCAE2AC9A85B5341201F5
:105CA0005F642BEF41076B58B330CDC296284BA3EE
:105CB00024CAA24A1C8569321CA2B0968651168558
:105CC0007114A6511A6695AC1A89005F65240E42BC
:105CD000073BC7736438C8610E0D3914A6C3539EC1
:105CE00086733296D550AB8C592E866BB423005FE9
:105CF000692A0F42073F4787301A7224CD3A55A3CD
:105D000024CAA21C4CF36818B4588D13ADA51C35D9
:105D100046591C85698E6422005F6A300F4207373E
:105D2000C78730CEB36190C2284BD268AA0D519874
:105D3000655B9823693244B5244AB3240AB3A81694
:105D400025B52893C2618872145F6C2D0F42072F0E
:105D50004CB330CDC26ED1A00C491CA6919846B769
:105D600028A928B5244AA22CAAA45912A559D82D8D
:105D70000DA3384C42005F6D2B0F420733C77324CD
:105D8000198E691E178721CA723C1986344AC32CA2
:105D9000CDC26188B21C8FB2384C862C1AE4301701
:105DA000015F702B0F42072FA7E448340C6956ADF2
:105DB000A4D970C9723C1986344AC36C18B2308DAC
:105DC000B26418E2304792E116D743115F712CEFAD
:105DD00041076718D2282D0D4398A559380C511644
:105DE000E6D070D072381B862C4CA32C198638CC88
:105DF00091A831CA4AB128025F792A0F420733C7F6
:105E0000A341CEAA611646B53C49B72407A561C88F
:105E1000922C8C6AE5308AC3244F73244CF2485389
:105E200077015F7C2F0F420733CD91348F6BC325F1
:105E30004AB26292456194C5D2304849948449542B
:105E4000C9D2A835AAC451962759122751964AA9F2
:105E5000005F802A0F420733CBB1304772381A4EA9
:105E6000C51C0A7324CDD53849864B94E6489A233D
:105E7000698EA43992E6C8F09683005F812C0F42A8
:105E80000733C773381A4E791AA53992E659146B3D
:105E9000519A64D19044599467519E457916E559B9
:105EA0009427C321CB41005F85290F4207B30E859C
:105EB0003992E6D93048C51C0A7324190E911E2662
:105EC000791625C321CBE3288CB372564E93B808BC
:105ED0005F882E0F420733C7936148A334CCD22C7E
:105EE0004A86214ED2521A4AC39025512D89BA466C
:105EF000991C657914C65192A591AA4539025F8A09
:105F0000330E4207338773341A06298B932889C3CB
:105F10002419922C4AA224929228694AA244AA44A3
:105F20004916254392457116C559340C5A146739E0
:105F3000065F8B2B0F4207B30E8539120D431847AE
:105F400059341CC4521A0D43A8C6495A8A8621AD39
:105F500023698E24C331CD913447D2145F8C2D0F29
:105F6000420733CD913047C22CAC855132E8489876
:105F70002361164AC3202561250A73281BD6484C85
:105F800093A89CEA99A426B2005F90290F42072F9C
:105F9000CD91344F93B456AA56924191E2584E9304
:105FA00068B8C5791625691615A3AC25CC8A499E13
:105FB000C6005F912A0F420733C793611073388C74
:105FC000BA4465A91C356A514B0E46D13088698E9A
:105FD000A43992E6489A23C970C872105F922C0FB8
:105FE000420733CD9134CF8621CBD328CD91348F46
:105FF00086939C26711865519E454398457994D4A3
:10600000A3484FC241D331005F972C0F420733C7DB
:10601000936148A334CC86218B92344E8621CD6186
:106020006918A424CFA2643864791C857156CEE324
:1060300034898B005F98300F4207338BF22C8AC370
:10604000288D866848A22CCAB3280EA3543A25612D
:106050009445611487519C0CD19085511C46711850
:10606000C56194015F9E2B0F4207332B67D5300B20
:10607000D3AC54694DB2962C8CE43489C3288BF28E
:106080002C1AC22CCAA3A41E457A120E9A8E015F46
:10609000AA360F42072F1EC26498A330CDC25232D7
:1060A0001CB2248CA364182229499352926651325F
:1060B0000C5994A459940C43964469964469A60DCE
:1060C0004316A609005FAE310F4207AF98264D6117
:1060D0009494B24A5B940CCA90C551962325655896
:1060E000BA23B56888922C6AC9A24A318AA4306A58
:1060F000C99238C9E42C5FB7300F42072FCD9134D5
:106100004F868392A751321C932889B2A81245D298
:1061100070A9E3C97090E2BC9445499445953089D3
:106120009228AC0E12005FB9330F42072F0AE3AC7E
:106130001A0D4AD81625513268C3206571529286CD
:1061400028696AC9A2214AB2A8258B862C8C6A616B
:10615000D492452D59942859005FBD310F42072F25
:106160000A63A594264D613428610E0DDA3064A5CA
:10617000308A942C8992CA10D55AC2A8521C06257E
:10618000CD2A61D2A3542B2969005FC323CFC10755
:106190003BA7E4941CCFC11C8FC328CFA23C8B72B9
:1061A000A49623B53412D31C497368D8005FC52860
:1061B000EF410737A7843956C7A21C49E3248CC294
:1061C00024CC2A5918352751926B6A14C6B19C46C3
:1061D000C310E630005FCC25CFC1076B38E4788E62
:1061E000A7C321CDF11CAB63E170D0911CCC9AB256
:1061F000302A47491447E23064005FCD23CFC107FE
:106200006B38E8485A4A4B6918C5F5B412EA399810
:106210008359531646E52889E2481C860C5FD7252A
:10622000EDC5073B4773344C868738477334CB86BC
:10623000834E4BC22C89C228892A439246521A8522
:10624000C3065FD822EFC1073BA7E4C3B71CCFF159
:106250001CCFF1E190B3E560D6948551394AA2385C
:10626000128721035FD9280F42072FCECB799CE3F9
:10627000CA7069CA93304FC2380A7328CCA13087DC
:10628000C21C0A7328CCA17018B21C045FE021EF75
:10629000C1073FC773683888FDE37010DBA11CCFCE
:1062A000C1AC290BA372944471240E43065FEB2CFE
:1062B0000F42072FCD913447D21C89862115A32C7C
:1062C000A9455992465992462DC3214B73244CF24D
:1062D00030C9B372568ED24A2E5FF12E0F42072F6D
:1062E000CD913447D21C89864154A22C4A6A5196DA
:1062F000A4719296C2240F933C4CF22CCAB3282B63
:10630000652DE990E918005FF527EFC1073FC773D6
:1063100038C9C12C87922CD632494DC561C8E11CC1
:10632000CEE11CCCC2A81655A238128721035FFB10
:10633000280F42072F47D27CCC863CCB312947BA65
:1063400023B561506A4D59392B67E5AC9C95A33054
:106350008EC2384933005FFD27EFC10733C773781A
:1063600038A4516316D54A599C55B3B056C9D31CAD
:10637000CBC12C8C6A51258A23711832005FFF280B
:10638000EFC10737CBA134AF26C390445A18A96197
:106390008EA47998A4728EE660D6948551394AA26B
:1063A0003812872103600E27EFC10733C7737C388B
:1063B00084490E4639960D438EE4788E0F839E9362
:1063C00072300BA35A5489E2481C860C601229EFE4
:1063D000C1072FC77370189261AB845116656112A3
:1063E00026714B98485A22EA2C399885512DAA4497
:1063F00071240E430660142B0F42072FC7733C1AFB
:106400006E71AE568A69924569924561944543988A
:10641000457916E5599467519E4579321CB21C04A2
:106420006015250E42072FEE9A67C3904969D23551
:10643000A9A5492D95B261C8AA5935AB66D5AC9AC4
:1064400065C390550360162F0F42072FCD91344737
:10645000D21C89869B9627A5244DB2284DB261484F
:10646000A2482A26A5621615B3A898454A98454918
:106470001AE77108601D21CFC1076B38887D1C0E9B
:10648000621F8783984339948359531646E52889B8
:10649000E2481C860C602023EFC1073B877338CD90
:1064A000ABC341C7D3E19CC7793CDCB11CCCC2A8CB
:1064B0001655A238128721036025270F420733C7DC
:1064C00087218FBB0C871CCFF17438E4788E87C38B
:1064D00041477228C9D228C94A521E85C3A001600B
:1064E00027290F42072FCEE33C8BF22CCAA56188E7
:1064F00092A63489B23489C328CEB36108E33CCE76
:10650000E33CCEA3E1968300602828EFC1072FC7A4
:10651000C3411C94AC9864519225AD4954CFC26ECE
:10652000F1A0E8E41CCCC2A81655A23812872103BA
:10653000602A2B0F42072FC7936150A3B456D692FF
:1065400034A9C54998A449A449D19669698E24C340
:1065500031CD913447D21C19DE7210602F2C0F42BE
:10656000072FCD913447D21C497344190629A9C578
:10657000491A276929190E599A23610E853994956C
:10658000A3B4321CA3380160432A0F42072FCD91D8
:106590003447D21C5186414A6A7192C649321CA4C2
:1065A0003CCEE3643864791C857156CECA691217F3
:1065B00001604D2D0F42072FCD91340BA35A282592
:1065C0005196F498A471920C07298CE2308AC32862
:1065D0000EA3388C6A4D595316A55B924300605048
:1065E00028CFC107675006392B67E54C8AB3A4BC96
:1065F00064D190855192C5634ECBC12C8C6A5125D4
:106600008A237118320060522C0F42072FC7A3E172
:1066100096E3392E0D4394B44649964649360C49C3
:1066200094A5619686D93084591AE6788E47C32D91
:106630000701605529EFC1072FC7737018A2412BBE
:106640006551D6A664D5300B936CD04A59A293738A
:10665000300BA35A5489E2481C860C60622C0F420E
:10666000072FCD913447D21C89869B9627A56212AD
:1066700046619295A42C296595C62889E2284BD2BB
:10668000244CD25AD82D0E60643C0F42072FCD9176
:106690003447C21CCA724C19062949942889922889
:1066A0008992288992282955A2248C922809A3240A
:1066B0004AC2288992304AA2248C92280993E190F8
:1066C000E5200060652AEF4107E320C5515A4AD30F
:1066D0002107A32C8FB27C486AA5A418558A513291
:1066E0008583924559539E4579B8E7100060682E1E
:1066F0000F42072FC7A36148A3B494A6CA306449C8
:10670000A26649946649340C51B7306A8D3239CA51
:10671000F2288CA3244B23558B7204606926CFC1C9
:10672000076B3888FD320C49D82DC9C2288BC2248A
:106730004DC2E1A043399885512DAA4471240E43DE
:1067400006606B2F0E42072B87A3E1548FEA9192CC
:106750000C8A92E84A942B5132284A94644954C9CD
:1067600092A89225516550A27A548FAA49544E009E
:10677000606C2C0F42072F47D27808B3218F73B576
:10678000521906A59C267118C579360C6196865952
:106790001A666998A561360C61962600606D280F0F
:1067A000420737CBB1FA70D0B31CAB0E5FB31C4AB3
:1067B000F3284CB33412B3488B92288E1AB3A89C9A
:1067C000E4700E01606F23EFC1073F87737038E7F5
:1067D000F170CEE3E19CC7C339CFB11CCCC2A8167F
:1067E00055A23812872103607F26EFC1076B38E47A
:1067F00088A4833A321CC4C6E120360E07B13BA2FE
:1068000043399885512DAA4471240E430660842A89
:106810000E42072FAE45B53089B23029AA61521910
:1068200086A49626B554CA8621AB66D52C1B86ACA9
:106830009A55B396AC980060852D0F42072F8FC3F1
:10684000280EB3340B53258E92CAB0B48559928565
:10685000512D4CB3610DA3388CE2308AB3521685AA
:106860005196C403608925EFC1071F19C461C7DAB7
:10687000A33A980F1FA37A560D4B3AA8E760164625
:10688000B5A812C591380C1900608D2B0F42072F47
:10689000C7B36108B334CC862194D228A90C4394A1
:1068A000E468928351360C619CC77934DCE23CCEBB
:1068B000E33C0E0160942E0F4207AF8ED5B16C18E9
:1068C00042258792CAB0255998255912B545499A4B
:1068D0000C87AC9846AD5196A4D13088399256E2D7
:1068E0002200609F2E0F42072FC7A3E196E6489A29
:1068F00023D2304449298C92B09444C321CAF11C5C
:10690000CF8621CCD2304BC32C0DB36108B33401F8
:1069100060A02BEFC1072FCD91348FB261916A51E6
:106920001225A530CA92340AE38A988652A6E33922
:106930009885512DAA4471240E430660A3260F4268
:10694000073FC7867356CECAC31DCBA1E120F6719F
:1069500038E8500EE75092A5519295A43C0A874121
:106960000360A8300F420733CAC128C7B261C8A468
:10697000384A6A51494ACA5912A5512D4CB26296F9
:10698000E44898A339946469946425298FC261D03E
:106990000060B228EFC10737CBB1F2A00D72966349
:1069A000F5211BF22CC7CA8336C8598EE6601646FD
:1069B000B5A812C591380C190060B627ED450763DC
:1069C000D086AD366CC3561BB6618CD5544B52A5E0
:1069D0001829B52499B22411874C077528D1B10420
:1069E00060B8280F42072B1FB3218FF368B8896363
:1069F000524A6A4916B5245AB664C39AC7F568B8AC
:106A0000C5799C87499EC60060BC310F42072FCDD7
:106A1000913447D2614B734419062949E428898689
:106A2000414AA23889A26110A35A98E648321CB2A2
:106A30003447D21C4973244D0160C52D1042072FE5
:106A4000CE913847A2E11857B261C812354E92E193
:106A500029C9E16C18D22CAD0D439AA5B56148B394
:106A6000B45649B3500260CB300F42072FCD913856
:106A70008F865B94674B1A25ED486D1992522592CB
:106A80005AA22C524A5912454A1646499895B35271
:106A900016855196C40360D12A0F42071F4A7234EB
:106AA0008A86EF503E487956CA062DC9E128DC9205
:106AB000CAA8C9729E4349564CB2246A8DE2610449
:106AC00060D5320F42072FC7B36108B334CC86219B
:106AD00094D228A90C4394847912C651360C5AD406
:106AE000922559946461542B65A562164649988590
:106AF000110060DC2F0F42072FCCD2304BC32C8DFE
:106B0000869BD652CA2AC97048EA60940D4398A55C
:106B1000619686D93084591A6669980D4398A509FB
:106B20000060DF2C0F42072F4CF2308AC31CCA864C
:106B30004193B23049B630A90C4394644D59391B86
:106B400086302B67E5AC9C0D8356C7EA0060E027D2
:106B50000F42073FC7736478C8911C1A0E62E37036
:106B6000101B87830EA5C9F03D8E92AC986449D462
:106B70001AC5C30860E126CFC107677888B37CC80F
:106B8000863087C21C0A876CC8B374F8CE928359CA
:106B900018D5A24A1447E230640060E62F0F42077E
:106BA0002FCD91388F865B94834A962689962651FD
:106BB0003628A52C8C6A79940C639484A5242C2502
:106BC00061250A2BD1306A610260F0310F42072F34
:106BD000CD913447A2E116E690340C519268695287
:106BE0001906A50E46D93084591A66C310666998ED
:106BF0000D4398A5615609B3300260F12F0F42078B
:106C00002F8C6AA562D49A45452DAAB4C549982708
:106C1000D17088EA599464491655A22CCA9A2A510F
:106C20001625599245C32DCA0360F329EFC10733D6
:106C3000C7B341CE6AC392C5D9A06AD5691093B6CD
:106C40005256CE061DCAC12C8C6A51258A23711852
:106C5000320060F62C0F42072FCED31CC98621CC00
:106C6000D2501A8628698D926C18A22407A368B89E
:106C7000C5799C67C310C6799C47C32D070160F98D
:106C800027EFC107334D8787B48EE5C8F03187877A
:106C90006B1267529C0F838EE5601646B5A812C52D
:106CA00091380C190060FA2E0F42072FC7B3610804
:106CB000B334CC862194D228A90C4394C46992455C
:106CC00061940D831665799C67C310C6799C47C390
:106CD0002D070161012C0F4207734B873447D228DF
:106CE000CD92281986A4552A275A12464994649DA4
:106CF000A3B492D7A1242B265912B546F1300261D4
:106D0000082B0F42073F87931C332B8322E9A034C3
:106D1000A861161507A99845C5412A666918893AD8
:106D20009423511646E5481C86286109310F420715
:106D30002FCD9130C9B37294A6CBA028ED58120D77
:106D400059944495A696623424C5A8528C2AC568E5
:106D5000488A512D8C2AC528912200610F270F42A5
:106D6000073F8786839CE650960EDF89C3398F875D
:106D7000731E0F772887922C8D92AC24E551380C26
:106D80001A00611A2A0F42076F3867E5E19C958760
:106D90003B9643C341EC250A936148C2284CC21C70
:106DA000C9B11C89B2302A47E2304401611B2D0F62
:106DB00042071F1AB461C8A12C8CB3281C1E94343E
:106DC0009692A812266112668312E7F830C8491815
:106DD00067519CEAD8A4EE0B00611F2F0F42071FDA
:106DE0004B7234CA8687288F934189B23CCA92413C
:106DF000292659242659548906A57BB6A7798E449D
:106E0000591895237118A20061272E0F42072BCE27
:106E1000D31C89865B94D594AC52190E4929AB9446
:106E20008A4969B8A5391226D53091B2D2A0455900
:106E3000182561491E046148290F420733CDA12C52
:106E40001DBEC5795CCAA26CC886B8298BB261190F
:106E5000F638477228C98A499644AD513C8C006186
:106E60004B300F42072FCC91A8A40DCB8E86D1308A
:106E70000D529843C3126961B20E4B1885491865CB
:106E8000D2A0E75092A5519295A43C0A8741036194
:106E90004C2D0F42072BECD37088C2240AE53049F1
:106EA00086972C476A39521B062DC7B3A89845C54B
:106EB0002C2A46599444B52889923013614E300FDC
:106EC00042072BCEE33C1A6E712E0D4394B4464913
:106ED000360C5192A551920D4398A561360C6196DE
:106EE00086C97090C22CCDD230CA130061552A0FCA
:106EF0004207378B878738CB91E19CC7C3398F878F
:106F00003B9243C3B7284CB334921229D2A2244AED
:106F100093A61CC921006158300F42072BCD913038
:106F20004BB36108B33055A2244A2A83322C71A88E
:106F3000A4499864C644CBA4504A2353166A61A45A
:106F4000A9E19EEC0800615A310F42072BCBB17AC0
:106F5000946543960C4A2C6561920C4A9874199674
:106F60006450A2A44F59322851D694258312654DFE
:106F700059296BCA5AC20461622F0F42072B1B8624
:106F8000304BC36C1842298D92CA3044498E26D1A9
:106F9000702955A22CAA445934DC723C1B86B09649
:106FA000A673664C74016163300F42072FC7B3614B
:106FB00008B3A8180D37A94B6518A22447936C187D
:106FC00092284BC36C18C22C0DB36108B334CC8625
:106FD00021ACA5599A0061672D0F42072FCF86215A
:106FE00019862C0F076D10F36C189261C8F2743873
:106FF000E8783A1C723C1C0E3A9423511646E54838
:107000001C86286168330F42072BC7A32119A4B639
:1070100030AA85CA909492444A4A49542925D1906D
:107020000C4B9496924C8C4A629428C548E9548B38
:107030009228CEA43406616B29EFC107AF35CCC2CC
:10704000346BE99A6435A99C44D1A044ED48774457
:107050001B86AC0E6661548B2A511C89C39001615A
:107060006E320F42073FC787214772687888C2385F
:107070004A8641C9C21C8A86418CB2288C86418CC2
:10708000B2288C86414CF32889B22889C2481E3424
:107090000061702CEFC1076B183B0ECB30E55098A8
:1070A0000C4914E649960C4BAD1C554A4998487555
:1070B0002C07B330AA4595288EC461C80061762B91
:1070C0000F42071FC991E121CACAC35B5336BCE511
:1070D000F8F010A5A5A494D4B441AAE558340C5AEC
:1070E00094A4593A68D1900E6177310F42072BCEA4
:1070F000CBD170888AB1920C435211A3A4341C9452
:10710000288C9252320C5914C6519268518B922598
:1071100051254C6A913189AB006182290F42076782
:1071200078C8737038E7F170CEC3E14149632989AB
:107130002A611226613628710E0F4725CDA1411D07
:10714000D441618A300F4207AF39196E619626C368
:107150004111F3241B8630928A49320C611615B313
:107160006108B3A89845890EE5489485513912877E
:10717000210A618B2EEFC107332D3527B5411986C2
:10718000248B4A4A5459A224531229C9A25A18B529
:1071900064A192E9399885512DAA4471240E4306C1
:1071A000618E2D0F4207AF1AD6D21C8F869B925547
:1071B0002A4A9FA229296599140DB71CCF8621CC94
:1071C000D2301B86304BC36C18C22C4D0061902C02
:1071D0000F42072BCEB3A858A946C34D4B6A49535B
:1071E0004B94556A69946469982D83D416263D960C
:1071F00006294BC3280E933C0261912EEFC107274D
:107200001C06AD9443C930C4499423D130845994A9
:107210006EC3A0E55829E996433994835918D5A23D
:107220004A1447E2306400619A310F42072FC7A326
:107230002119B2A812655125CA94211992762CC938
:1072400086214AB2A81265C3106651311B8630CE22
:10725000A3E116E7711E870061A42E0F42072FCE0F
:10726000B36108E33CCC5265B83465956C18A22430
:107270004B93281B86304BC36C18C22C0DB361088E
:107280006B699686511E61A8310F420767107328FB
:107290000C87411AA42CCAB24129652DE1A02561B1
:1072A0003665C390255918657992E6399464C524EA
:1072B0004BA2D6281E460061AB310E42072B87A396
:1072C0002119A296A8342443A44449A42483322833
:1072D000515189B24C899241898A5197A8ADD412F3
:1072E000B5A4513589CA090061B22A0F42073F4748
:1072F000868728AD0D071DCAB1E18EE5C3F71C1ABC
:107300000E629445E170D0A11C89B2302A47E23068
:10731000440161B6310F42072FCCA13447A261105E
:10732000A5304B4AC524190E491D8CA26110A33803
:107330008C86418CE2301A0631CD91A662524C32D5
:107340006D500261BE330F42072B476A3912958692
:1073500043544D9564C992444D9A92A553529192CB
:10736000289992A89A48B5304AD228ABD4A22CC901
:1073700092A83684390A61C22F0F42072BCCD268FB
:107380003844619666C310AA95643824E534C986EA
:10739000214AB2A8980D439845C56C18C2388F860B
:1073A0005B9C27C34161C7310F42075747066D9861
:1073B0002AC52C8A866D0B13491A3645A94D4929D1
:1073C00009A3A44DA9687194C6399464699464258D
:1073D000298FC261D00061C8370F42072BCBB16C37
:1073E0001AA2B6244AA23089944189944449A4251A
:1073F0004AAA4934289D92CA105512298B06AD9489
:10740000D44A4965882AB552D69269090061C92FC4
:107410000F42073FA7E4C8F0106551318A86214A20
:107420004CA9120D5BD41A45C316B546D13044EDB4
:1074300061944549D4225593281C260061CA2C0F1B
:1074400042072BCD913087A2E1166535A55FB44A7E
:1074500069B894A2292925DDA23C8BF364384869D8
:107460001287599AA561A20B61E6300F42072BC71C
:10747000A3E116E7C97090C650A9288994C46992FF
:10748000298994E478321CA4388F865B5489B2A889
:1074900012655125CAA2580161F2310F42072BAB88
:1074A0004649639654066D18B26A1245CA1055EAE9
:1074B00049980C4A310BD364508A5994550635CFFC
:1074C00091280BA372240E431461F6320F42072B4E
:1074D000ECD3204D6116455A54A90CCBA0444993D6
:1074E000122595418906252A6643944D5D2A4394C9
:1074F00044491E664916665131CA0261F72C0F4293
:10750000072BCD91384F868394E3CA70A9484994DC
:1075100094864B2D6A09936A968651D69A146B69A4
:107520002656949A14CA0061F8320F42076B50A78E
:107530002C19D2418BB328CB066510B3301DB4286B
:10754000AB0C43320C591E26B5A4A99248491D8B99
:10755000D2280BA372240E431461FC350F42072B73
:107560001A92218B2A51160DC9904595285386648D
:10757000482A521225A5211992621426D970CACA26
:10758000D1704B6A71360C5A73369CB21C0161FE85
:10759000330F42072F1A06310BD36C58A5304B2AF4
:1075A000C39664E1521906A98EA4C970C8A2244AE0
:1075B000C2E81825511246C72851122D1992216C84
:1075C0000162002CEFC1072B4CA36C906A71344808
:1075D000CB90E55016255334AC833C277D512A4B84
:1075E0007B0E6661548B2A511C89C3900162082767
:1075F0000F42073BCBB13087C21CCAF164F80EA71B
:107600003992E6489863510E26399CA34A188A5944
:10761000B22B392C620A2A0F42071F897230CBB174
:107620001C191EA23447D21C49C32CCECA5118477C
:1076300061AEE65914275112674951DD7424620C7A
:10764000270F42071F4A7234CAC17C7888E23CCEB9
:10765000E3AC9C658394D593304FC21C89EA529267
:107660004749399C0B620D290F42071F4A7234CAE1
:10767000C17C7888E23CCEE32C53B34A9895C2246F
:107680008CC224CC91A82E25799494C3B900620EA3
:10769000290F42071FAA83598EA5C3772887C21CCA
:1076A0000AB334CCA26148B2B412A7499A47592C04
:1076B00095A3A41CCA72006210280F42071F4A72C9
:1076C00034CAC17C7888E23CCEE32C1BA4AC29EB05
:1076D000126695300BA34A4D4AB252520EE702622F
:1076E000112B0F420737CBA1290987308AC3280EF7
:1076F000D3E1631D0AB33489B2548B52A3926661FD
:10770000250AB34A9424AA96630162122C0F4207F9
:107710001FAA83598EA5C3772847A23A12D5C2A8BB
:10772000160D4392855196A45196A45118D532A9AD
:107730001655CAA12C076216280F42071FAA8359A3
:107740008EA5C37728C7F341CA9AB2A6AC4B386856
:10775000490E47E92425431825511ACA7200621AB6
:107760002C0F42071F4B7234CAC1787888B272B6A8
:10777000C459296BCA8653962761560993A654AA01
:10778000444998254D49948D511A622A2F0F42077A
:1077900033CD9134C98621AA16876F491867A56829
:1077A000189428298551364C49188549386C6994B4
:1077B00046D130244D7126A505622E2C0F42071F9D
:1077C0000C972D09B352D22D95B444E932C46A14F2
:1077D000D9A22D6A9393480B9354CAB22D53522DBC
:1077E000A989D9A0166230350F42071FCC8664885C
:1077F00092521295A424AA0DC910253A3464C3905C
:107800004549548B9261C8A224AA25D13064499A73
:1078100047C34909D3A45813B3346232330F420724
:10782000334DE221AA96A26188D2A86589A4211CC1
:10783000A26A36B523516590922C476AC9A0854942
:10784000564A92414A122D89326918D20062333168
:107850000F42071F0B972D09B352D22D8A6C61D2AC
:1078600036E8431C8551340C51454A936CD8922C10
:107870008AC3619392288C92641844258D036234E4
:107880002E0F4207334D87214AE2344A86EF583A99
:107890000C511A751A86A89F86214AC2AC920D43D4
:1078A000966661341C92A62CCA94540D6236260D3D
:1078B00042071FCCA1411B74244787439623598E4E
:1078C0006439920D872C47B21CCDC11CCDC11CCC94
:1078D0005100623F280E42073BC7736478CAB12843
:1078E000C7A2E129CC91341F9EB21CCA72281B8604
:1078F000288BA32C4EB23409F30862402A0F4207AA
:107900003BCDB7E73447D21C19941CC9926188B2A9
:10791000240BB3240B07250BD32C4CB36A98A56119
:1079200094D6E3086241260E42073BC7736478CAC7
:10793000B128C7A2E129877338190E51127589BA87
:107940000C8724EA12356951632E6247290E4207DB
:107950003BC7736478CAB128C7A2E12987737858F6
:1079600006294CA324EA254B4A5D6A49262659126A
:10797000A70900624B230F42071FCCC1411C763C74
:10798000C7736838E8508EE7783E7CCFF11CCFF1A2
:107990001C4D72384700624D240F42071FC9F11C6D
:1079A000CFF178F8AEA3498E263918E56094637557
:1079B00028CC91348F7334C9E11C62522A0F4207DC
:1079C0002FC7E33C8BF22C0A8725CAB328CFA23CF1
:1079D00029E55259AB29511847611CA595384BEA46
:1079E000599243016253230F42072FC7733C1A6E0B
:1079F00071388C799CC77912E66A2C874A9CC779C2
:107A00009CC7691226711562542B0E42072F87738B
:107A1000381A86B0960C53358CD230899328193297
:107A20002D8CC470C9D2AC9A55B3284E4A59924590
:107A3000690462582C0F42072F47D27808A32147C8
:107A4000D274D87224CD9134476AC3A60CB99A2A4D
:107A5000698EA4619686591A26E541CA5100625B77
:107A6000260F42072FC7733C1B86300E8721CBE3BE
:107A70003CCEA32C1F633954E23CCEE33C4E9368CA
:107A800038E5280062612F0F42072FCEE33CCEB3CA
:107A9000281C962811B34809B3440A93218942A9A6
:107AA0004D8B9444C9A224CDA2AC296B4E8AC3103D
:107AB000E528006263290E42072F8773381B86ACC6
:107AC0003A0C499A55B36A965433298DB474C9D285
:107AD000AC9A55B36C18925A1AE52000626D280FC3
:107AE00042072FC7B36108D32C4CB364D88A6916F8
:107AF000A6599824C3106A61265694B0FF29498676
:107B00004394A300626E2F0F42072F8FC3280EA34A
:107B100038CCA26109D32C0DA3384C9261C9B4A210
:107B200098454A98A5619666619A855912654918E3
:107B3000A51900626F2C0F42072FCEE33CCEB3286D
:107B40001C9628CFA23C8B863029E552598B4225C2
:107B50008BF22CCAB328CFA23449864394A3006287
:107B6000732F0F42072F47D27CCC863CCB8725C78B
:107B7000B26108B3240B93B6504AB24C8B9248C9F9
:107B8000A224CDCA5939CA922C896AA56A006276A4
:107B9000270F42072FCEE33CCEE3705886218CF3AB
:107BA000384FC25C194E72A8A4499C267198A561F1
:107BB00056C9D2AC1E62792A0F42072F8FB3725674
:107BC000CE4AC3906451D612668B9AD462294BB5C3
:107BD0009A9295B3525629659954A985538E02629B
:107BE0007C2E0F42072BC7B3E194E5581D1994640E
:107BF00010B3240BB3240B93B6504AB2684B1AB39C
:107C0000244AB3248D5AA356A5382C7510627E29B8
:107C10000E42072F8CD2300B6B61759892218B86A8
:107C20003CCC9152166A35318A94544EB362126537
:107C30002D4DA9946301627F270F42076F18743896
:107C40008773388D86A8120F831ED5B372322869C8
:107C5000D85B340C5112D77334C9E11C0162802700
:107C60000F42072FCEE33CCEA3E1631EE7719E24B3
:107C7000C3106A6126669192466925AEA749986449
:107C80005A18C9026284290F42072FCEE33CCEC3A3
:107C9000A4344C491456B2A6AC52CA952CCAE42856
:107CA00051E224CD91348FAB49A8673A0062892C08
:107CB0000F42072FCD913447D21C8986211AC42840
:107CC0002DA54916A562142AC34B9A2361928749B0
:107CD0009E95B36212A561940B628A2D0F42072F05
:107CE000C7B36108B3A898459561898A5954CCA255
:107CF00062920C4328A599962B598ED5B172564E97
:107D00008AC310E528006291310E42072F87C31CF9
:107D100089A4218BB26818B4288BB2288BB2284B67
:107D2000B42853B22892B268899244C9222909A37F
:107D30002C2E26719A67006292260F42072FC7B336
:107D400061CD91B4920D635E8E865B1266991A6561
:107D500072A8C4799CC7799C266112570162932F3F
:107D60000F42072F47D27CCC06394B6AC3D29C25E1
:107D7000E52C29279DA5A4AA2551A4644994664908
:107D80009466491646B528898A511D0262952B0FC3
:107D900042072FC7C3410DB334CCA261CAD22CD540
:107DA000A21C4C926108B530132B4A1AA595B89EB7
:107DB0002661126661A60A6296270F42072F8FB3CB
:107DC0007218C561940D6B9C95C3284EA2B29CEAB3
:107DD000C3120D731EE7711E26799A23190062974C
:107DE0002B0F42072FCCA13447D21C89864119762C
:107DF00034C7B3414E6AB194A55A4DC9CA59296BCB
:107E0000CAA2304A4AE95487006298290F42072FD4
:107E100047D27CCC863CCB8725C7EA58360C5A52D1
:107E20008BA52CD56A4A56CECA59390A2B51984689
:107E3000690662A8260F42072FC7B36108E33C0E0C
:107E400087252A56A2B0524DC25C194E72A8C47939
:107E50009CC7799C26713D0462AB2E0F42072F8F81
:107E6000F3388FB3E141C9A2AC25CCCA49320CA189
:107E70009464999664899245499A45499A95A32CA8
:107E8000C992A856AA0662AC2D0F42072FCEE33C3A
:107E9000CD91308B86250DA3E19663951C958621A7
:107EA000D3D244C9D2304BC32C0DB3344AB261C8CB
:107EB000C2340162B1310F42072FCCA13087B261C9
:107EC00008B3341994384C924109B34A286549A63D
:107ED0005512251B94304BC32C4AD2AC949593E297
:107EE0003044390A62B5300F42072F47D27808A3D1
:107EF000418FB27018B23CCAF228CBA3E1A664B19C
:107F000014664A14C6511865519A645192254D520F
:107F10002465611462B9270F42072FCEE33CCEA33C
:107F2000E1631EE7719E24C3108AAB98949430A934
:107F30006651318B8A515629D7430062BC270E42C5
:107F4000072F87B361C84AB552340C4954CB8621F8
:107F50002BD592524D6AD2864B16D5E21E9338CD60
:107F6000330062BD240E42072FEEB7611986AC5470
:107F70002BD592524D6AD2864B16D54AB552AD5486
:107F8000A90D4314A60162BF2F0F42072FC7A3619B
:107F900010A3388CE26418E2301A0631CAF244CBDE
:107FA00095E12465A112657914C651186551922591
:107FB0004DAA94E50162C2300F42072F8CE2308A4D
:107FC000C3288E864119A64A584AC26818C44489F3
:107FD00062A5944AC34109A35A18D56A4AD6122504
:107FE000519846690662C4250F42072FCD9138CFBC
:107FF000F168F898C7799C27612E0D4326874A9C23
:10800000C7799CC769120DA71C0562C62C0F4207D1
:108010002F47D27CCC863CCB8725C7EA58360C5AF2
:10802000528BA52CD5224DC93235AB8459298BC230
:108030004A14A6519A0162C72E0F42072FC7B36197
:10804000CDC2344BA26858A224CDC2340BD36438BD
:10805000644A1A4A491629516B9496865B8E644984
:108060009AA4790862C82D0F42072FCD913447D2C8
:108070001C4987B71C4973A49623622E0D83A24422
:108080007118C5611487511C46719444C3A095139F
:108090000062C92A0F42072FCD91388FF31C1C9420
:1080A000E196E3491E4A69A6A58912666998A56109
:1080B0009686519C8749321CA21C0562CB320F4226
:1080C000072B0BD32C4CB330CDA241199430C9A24D
:1080D00041A955A2244B9A924C4A4AC99694B28A15
:1080E00052AB6449D41AB52AC561A9830062CC2772
:1080F0000F42072FCEE33C8B8A952819A6A41AE7D6
:10810000D930844998ABB11C2AD1708BF3388FD306
:1081100024AE870062CD250E42072FEE9A67C34337
:108120009266D5AC9A25D54C1A86484B972CCDAA89
:108130005935AB26B56188C23462CE2A0F42072F6B
:10814000CD913447C2240F937058B2386A4DC2485B
:108150008B736518421D89943CCECA6192A7711237
:10816000D7430062D02A0E42072F87B361C8AA59AD
:1081700075189234CB86214BF324CB956190D46C47
:1081800049B3622DAC5593529664511A0162D22BB9
:108190000F42072FC7B361D0EA587D58722C1B8657
:1081A000304BC3A41A4A69A6A589920D4398E55895
:1081B0001DAB23B56190721462D3260F42072FC7FF
:1081C000733C1A6E71388C799A23698E9486511299
:1081D00033290913A514F69F9270D8D2300162D4C6
:1081E0002E0F42072F4DE2344A4B697550865B983B
:1081F00043499443DAB0694996285992855994A421
:108200005994A4511847599225B5463562D6300F76
:1082100042072FCCA13087C261C8EAC390E55994C8
:10822000675122269525549628D3A28A92454A98CA
:1082300045499A455973521C8628470162D82C0E2D
:1082400042072FCC913047B21CCA8697384BF22C8C
:108250001BA24C6AD2A268C9A25A364459A99643B5
:10826000590E25E524CB910862D92A0F42072FCE5B
:10827000E33C8B8A59541996A89845C52419865011
:108280008D323954E23CCA9AB2A6AC29AB948653DB
:108290000E0662DB280E42072F87A361D0C25A1850
:1082A0000E431466D5AC258BD270C7B4E192A559A4
:1082B00035AB66D5A4360C51980662DC290F42070F
:1082C000374787645886388FF370588621CBE33C54
:1082D0001CC6381C862CCF86418BEB719EE64898D5
:1082E00043210062EC2C0F42072F47D27808B321BC
:1082F0008FC361CCA3E116E74998ABB1360C8992E4
:10830000A5619686591A66699464C390856902626C
:10831000ED2A0F42072F4ED2380AE3288CC34119A9
:108320006E719E84B9B2C45A142A59392B67E56C10
:108330004AB2644C9A6229070362EF2F0F42072F5B
:10834000C7B361087324CDB361CC4A8B948589127D
:10835000265152952AA1165594286B89923CCD91AD
:108360001C4D92E110E5280062F12C0F42072FCC42
:10837000D2304BC32C0DB3685886410BB334CCD2EA
:1083800024CA52AD280D0725C7C32C0DDBD228897E
:10839000F2A88E0462F3270F42073FC7DAA3F270F8
:1083A000D0911C1A1ED27A38A4C318A9A9360C3A47
:1083B0009843C341877234C9E11C0162F4290F421A
:1083C000072FCEE33C4DE2308B86250DA33CCB86B8
:1083D000214CC25C8DE550C986218CF3388FD324A3
:1083E0001A4E390A62F72E0F42072FCD91340BB384
:1083F0004109D3281AB6248E865B9A23A51C92863F
:108400004192AA4A2987C261CCA130872A7112E61B
:10841000480662FC2B0F4207AF1AF696E6E0B00C56
:108420008316666998A54994A55A511A0E4A98A5CB
:10843000619666619A855912A56114470062FD2C08
:108440000F42072FCEE33C1B86308B2AC31215B395
:108450006108B3A898948AD2306472A8C45198ABCA
:10846000B1948552D2A44A391862FE2E0F42072FCA
:10847000CEE33C4DE2308B86250DA33CCB86214CD0
:10848000725447B56148942C0DB334CCD2304BA311
:10849000241B862C4C130062FF260F42073F471512
:1084A0001D51B56518929D389CF378B8C3F930E436
:1084B000680E0D071DCA91E1214772580763012A12
:1084C0000F42072FCEE33CCEB3614886318FF3686D
:1084D000B8E548AA87D2705072240DB3B494E64828
:1084E00096C4499823190063072E0F4207AF8E5593
:1084F000C32C5AB37558E2AC9C85C39025392A0D1C
:1085000043A6A58992A561360C619686591A25D98C
:108510003064619A0063092B0F42072FCD91388F89
:10852000F3687850F22CC98A698E28C349CC222579
:10853000CCD22C4C4325AEA74998845998A9090060
:10854000630E2C0F42072BCEE33C1A6E69120E59B4
:10855000354BC344191429C795E1B2E6489843D96D
:1085600030843914E650254EC21C090163112F0FC7
:1085700042072F8CE2308AC3288E92281A86444AFA
:10858000C2921A46719248AA524A32252A2D611483
:1085900087519C95B2A6A41446CD0363162B0F42B7
:1085A000072FCD91388F865B940F4394A5591A46B7
:1085B000799644832AA772A8A43912E6501667E573
:1085C000A4380C518E0263282B0F42072BCED31CEC
:1085D00009B3344BA321196E619A8539940D43A8D0
:1085E00064E99C27C3418AF33489C3AC92A559A49A
:1085F0000B632A360F42072FC7934119B2A81265A1
:1086000051251A9628292683528C2AAA122535A983
:10861000122DC39044595489B2A8A26451A59864FC
:108620004998F49A645106632B280F42072BCEE336
:108630003C8B8A59541AA2C628E996645B14E76AEF
:108640003A0DB7388FF3388FD324190E4A0E0363CF
:108650002F320F42072FC7A36110A31C8C7264181E
:1086600092418D7230CAC164382ACD52524A942840
:10867000698D92288E92284EA2AC524AA22CC9C46F
:1086800000633D300F42072FCCA13087B2618DD2FD
:108690006858E36818C4A8162652162A519649C38A
:1086A000A028619287499E4559539694C221AA43B6
:1086B00000633E260F42072FCEE33CCEA3E1631EAC
:1086C000E759544C4A45A94D4A5A96384F93384D6C
:1086D000E230AB6469560F63422A0F42072FC7A3EB
:1086E000E196E6489A0ECB3084FD321C321DD5410E
:1086F000251B86304BC32C0DB3344AB261C8C2343B
:108700000163452A0E42072B87A361D072240C9582
:108710006C10E36838D54A89565286A7AC542B456D
:10872000C3A956AA654A94256D710263462A0E4272
:10873000072B87A3E1542BD5B261C84AD170AA9503
:1087400012498B94E810259D22298B6AA55AA9AE5F
:1087500044C325CB0363492E0F42072FC7B36108DB
:10876000B334CCD26458D2301B8630CE933097CA03
:108770005A34244A16E5599447493D8AD4A43848C6
:10878000498E01634C340E42072BC7A268D0A25A0F
:10879000A99624C39025A568504A5998444931891F
:1087A000944149862C4A4A599494B22829D54AB50D
:1087B0004C29253D660900634D2A0F42072FC7B398
:1087C0006108B334CC8621199634CC8621CCF124AF
:1087D00047A561C8E45089F368B8C5799C26713D06
:1087E00004634E2B0E42072FAE45B53089B230A937
:1087F0000C639C0D4356CD926A260D43A4A54B965F
:1088000066D93064D5AC9AD42A515801634F2C0FE5
:1088100042072FC7B36108B334CCD264588621CC49
:10882000D2304BC3241986508DE550C986218CF374
:10883000388FD3241A4E390A63502D0E42072F87E2
:10884000B361CCC25A980CCB30E670340C5A226714
:108850004A1C49C32189E22C8AB36818B4284E4ABD
:1088600061126569026355300F42072F8DD25A9805
:108870000C872C4D872D47A26110A35A984859A800
:108880000C8326D51225AA85D13088512D8C6A51AA
:1088900012556AD5086367290F42072FCEE33C1AA9
:1088A0006E71382CC310A639120DB724CA52A94DC7
:1088B000CAB2251CD4388F865B9C26713D04637632
:1088C0002A0F42072F8FD3218D861C49D341CC918B
:1088D000643846AD4A54548697A8356A4D86639AE3
:1088E00023699C24C32D47016377300F42072BCEA9
:1088F000E33C1A0E519C0ECA3084711446C3214ABF
:10890000C2289486219AF32CCAB368D04A79945429
:1089100093281A8624CA31006380340F42072B47FC
:10892000D2521A6D69140E97308B6A4D43944649A2
:10893000962AB56C4AB2344AA2248C922809A32400
:108940004AC2244AB2A429C9A2244C036382310F2B
:1089500042072FCD91388F865B9423C390E55196C3
:1089600047D9A04559AE64B1940C8B1225612909F1
:108970004B495889C228290D5B9285090063832ED3
:108980000F42072FC7B3610873280C8765D8C36CE3
:1089900018C21C8F869B9295E450C98621CCA26296
:1089A0001615B34889922C4AC23C046384320F42A4
:1089B000072BCEE33C4DE230CB86280D136550A447
:1089C0001C8F869B1225513255A22C1A6E5125CA36
:1089D000A24A9445952829A54994C5110063873476
:1089E0000F42072BC7A32119B234CC2A51920C5243
:1089F000584BA2248B2A519684B90E4E4332646997
:108A0000126595521646499825519644955A146612
:108A10000263882B0F42072F1FA3410F9B6AC9B027
:108A200094D2AC9C0C872CC9914C47A56188942C9E
:108A30004CB37298E4699C648A1AA90363892A0F6B
:108A400042072FCEE33C1EB4381C966108B3344C69
:108A5000926108A534D3862151B2A818E7D1708B52
:108A6000F3384DE27A08638C250D46072BAB46C5DB
:108A7000E125C7A46148C2341E861C1BB26147F3BE
:108A8000E1A0C7C3439C63490EE600638F310F42E8
:108A9000072FCCA13087C261C8CAC3A0A4593844EB
:108AA0005925CC922CCC94614822355CB2A49455C3
:108AB0004A593648598E25F524CBA1086390290FD1
:108AC00042072FCD913447D2416C1996308D7230C8
:108AD000CE9364DAA438D2E2259BB67256CECA4948
:108AE0006D18A4300E63922F0F42072F8CE2308A4C
:108AF000C3284E8668B8457118C561142BD3264625
:108B00009912467118C5C9100D5918C5611426610E
:108B1000949632006396310F42072FCCA1344792CE
:108B2000E19095C26189F2281BC2A8162692142AE8
:108B3000A52493942852A2D62893A32C8F2A61129D
:108B4000255998A90263982C0E42072B87A3E1545C
:108B50008FEA83329C8A6994445DA292528A862865
:108B60001986A8984649D4256A894A4A6918923ACA
:108B70001463992D0F42072F1EC264D091A8166668
:108B800051120D3B1A0D439A64512A46A132BCA4DE
:108B9000515A4AA361484B6939C9923C8D01639B84
:108BA000300F42072FCCD2304BA34149C32C1AA619
:108BB0002C0DB33419163189934CAB44621629D16C
:108BC000A0A4619686591A2E59126D61130063A0F4
:108BD0002C0F42072FCD91388F865B0E0E3B9A0DDE
:108BE0004398A561520DA561C8E450C9A224CDA245
:108BF0006294B58459524CE22A0063A2290F4207BD
:108C00002BC7A3E116E55954899241CAD22C0DE332
:108C10003C097365B8CC793A8749358B8A89962D9A
:108C2000713D0563A32B0E4207AB1E0D4312255960
:108C3000180D87244AC3281A8630EA1255B41C8CB2
:108C4000872107736438E8483E3CE4392A0363A56A
:108C50002D0F42072FCCA13447A26110737058C268
:108C6000348CE2643864698E88B932BC84599A8540
:108C70006918C5A99A649218C9090063A72A0F4206
:108C8000072FCD91388FF3687850F22C892A61161E
:108C9000A64A9CE9A0920D4318E7711EE7719A2439
:108CA000C321CA510063A82C0F42072F4CF2308A0F
:108CB000C31CCA8607258B232D4E926108B3B2943C
:108CC000A5DA30244A56CECA59391B06A596436107
:108CD0000E63A92E0F42072FCD91308792E190B5F8
:108CE0000D43544DB24C8B86214DA4AA1215A5619B
:108CF0008894A8356A8D86212D26D530CA07016350
:108D0000AA2F0F42072FCCD2304BC32C8D8607AD34
:108D10001A6669321C321DD5862151B234CCD2304C
:108D20001B86304BC32C8D926C18B2304D0063C043
:108D30002C0F42072FCEE33C1A6E71382CC31066FD
:108D40005131531231A92CA1D4A60D43A2C4793AB2
:108D50008749358B5AA2AC94870063C92B0F420711
:108D60002BC7C361C8E228CCB541194E711255A377
:108D7000244BA22C95326D8FB3E114AF9562A952AA
:108D8000D22A39120263CD2D0F42072BCEE33C1AB3
:108D90006E713A28C310A639120DB724CA52298D14
:108DA000A66450A438CF86218CF3340993300B335A
:108DB000350263CF2F0F42072FCCD2304BA3E116E1
:108DC00066D13065698E67C31026A5A2D4A6451565
:108DD000251B86308B8A5954CCA2966C18B2304D24
:108DE0000063D02F0F42072FC7B36108B334CCD232
:108DF00064588621CCD2304BC32419865047A5E154
:108E0000A0C47916E559348459942651528EB26122
:108E100063D22B0F42072B87C27CC8A2418FD3415C
:108E2000CC93E120C5791225B92225A7AC296B5A2C
:108E3000922DCA9AB24A693865790263D62F0F42D9
:108E4000072FC7B361CDC2340BA36119D61C4F865F
:108E5000439614536918B53052B261CDC2348B06B3
:108E60002D19A42CC9913087220063DA2E0F4207F6
:108E70002FC7B361CDC2341BA66109D36C58931CB4
:108E8000558693962BD9308451A5984495308B8A7A
:108E9000512D4AC2A458CB0063DB2E0F42072FCCC2
:108EA000A13087B2618DD26858E368B84579A6448D
:108EB00049144949962C51D69C27C3214B9338CC51
:108EC0002A599A457A0063E12C0F42072BC7B361F8
:108ED000D0CA5939199461D0EA58360C5A52CAA5E9
:108EE000248BB661D09AB2E62819862C0A2BD54A73
:108EF000341C63E32D0F42072BCEA3AC296BCA2A87
:108F00004332DC723C190E529C8BF134DCA24A9441
:108F10004595288B2A511655A2A454896AB102633B
:108F2000E9300F4207AF392B65D952CC3269589AD4
:108F3000B24CAA95922DC972441A864C4B13254BFC
:108F4000C36C18C22C0DB3344AB261C8C234016379
:108F5000EA320F42072BCDC2700AA3B1D320554A83
:108F6000619494A22149B4244AA25012A36D0BA388
:108F7000A45B946449964459928551A518B526611D
:108F80000063ED300E42072F87A36108A3348C865F
:108F9000211986348C8621CC72281A066D2B49B58E
:108FA000254A4A591467D1B064399494932C4722C6
:108FB0000063EE2B0F42072FC7A3E11665CDE1B08A
:108FC0000C8316E7D9308449A9280D43A6451525F9
:108FD0001B8630CEA3E116A7495C0F0163F42E0F68
:108FE00042072B1FB268D0B3282B464934E86836B5
:108FF0000C5A9A23B51C5186873087C261CC922CBB
:10900000CCA2248DC24A4DD14255640D2C0E42078C
:109010002F87B361CCC25A980CCB30E670340C5A0F
:109020002267CA304852BC44C3A04571160D83164E
:10903000465992855939640F2F0F42072F4ED23867
:109040000AA3E11687C3320C611615B36108935267
:10905000511A864C8B2A4A8EA4D1700BB3B4942536
:109060006914E6880464102B0F42072BCD91388FCA
:10907000865B1A0F52581BD6584E22315386871CD6
:109080008CA2E116654DC32DCA2AA5E194E509001D
:1090900064132C0F4207AF9886591A4671340CCAD4
:1090A000B0E54836AC7524190E9996235AAE64C3C0
:1090B0001046599E84B95A8986538E0264142C0F27
:1090C00042072BC7B361082B5158CB062D89EBA162
:1090D000A2265334A9E9360C611615B3A8980D439E
:1090E0001867496938E5600264162E0F42072FCDD4
:1090F000913087B26108A3A66189E45047221DCB55
:10910000862154B2580E9568B8C5791615B3A825AE
:109110001B862CC712006417310F42072FCED31CB9
:10912000C98621CCD264588621CCD2301B8630A986
:1091300063D230485AAE64C3A0A56116B564D1307D
:1091400024ED4996431100641C2E0F42072F4CF268
:109150002C4AC42C2A665165589444CCA262161538
:109160009364184235D6862151C22CADC4F534091A
:1091700093300B3355641E320F42072FCD91388F39
:10918000865B0E0ECB3084591A66C3102639AA0CA2
:1091900027295FA26450B228C9922C4A06258BF277
:1091A000A4942651162700642A340F42072BCECBF5
:1091B000D170888AE1B00C43168551160D872811AD
:1091C000A34C49862199C2384A86218B92348B92CE
:1091D000344BA234691A8628C9D204642C390F4250
:1091E000072BCCA12C1BB26848A22CAA44C99028FA
:1091F000A52C4A94288B22314A061D51A26448A608
:109200004A94454A298B1225CAA2962CAA4549D4CC
:109210001295942C642D2E0F42072BCCD2304BA3E9
:10922000E11666D920E6691287599A5443251994A4
:1092300041C7733C1B86304BC32C8D926C18B230E7
:109240008D006436300F42072FCEE33C4DE2508A4A
:1092500086252A46C32DA986D93084529A69C3909F
:1092600028598E65C3104649584AC228290D5B1AF1
:109270002600643D2C0F42072FCCD2304BA3E116C1
:1092800066D13025D54A1C6669522A2A59491B865F
:109290004489F330A9665131CA2AC524AE02645408
:1092A0002B0F42072FCD91388F865B1C0E5B9446A7
:1092B000C91065A562222551A60DA28E444A9C477D
:1092C000C32DCEE33489EB21006458300E42072BC6
:1092D000CDE3D2700AB368D092341A4EB552A20CC4
:1092E0004AA464D91025831255B224AA644954199A
:1092F00094A8AE4469528B1300645F2E0F42072F6F
:10930000CEB36108B3A8180D5FA262360C619C272A
:10931000C93084529B360C8992E64834DCC22CCD8D
:10932000963049D76C530064672C0F42072FCEA3A9
:10933000AC69B88551364C599A0D83166971528BB8
:10934000A56190B49A9295B361D09AB362920D835D
:1093500014E60064692A0F42071FC991E121AAA6F9
:10936000C332689136264A37258DEA6334E8711E88
:109370000D8318E7C97050F2384DD23C06646F3047
:109380000F4207334D872D47B2411A0629499330C2
:10939000C98621518A69920C978A982559360C39C9
:1093A0009A43C34187726478C8911CD601647330B4
:1093B0000F42072FC7A3E116E560140DCA304459C8
:1093C00018D5C2281AC4440795E424252D4B94745B
:1093D0008B926E51728B72288986538E0264782A22
:1093E0000F4207AF392B27C331AB0D3B1A0D431A80
:1093F000A5956150953494862152D21C49866325E7
:10940000CF8A499486512E6479260F4207378B877D
:109410008738CB91E19CC7C3398F873B9243C3B751
:109420003449A3218BD4541BEE580EEB00647B2FE0
:109430000F42072FCD91304BB36108B3301A9428F7
:1094400089B268B82559124B5AA868D190843A124B
:1094500069712A85D196C66212EAD10E64822D0FF7
:1094600042072BC7A3E116654DC365D89A865B9862
:109470004349320CA152CBD6393326BA940D4398C6
:10948000A551920D4316A611006485330F42072B98
:10949000C793E12025399AD492689092284C924142
:1094A00099922C6AC9C26C695C7A4C92410993AC5E
:1094B0009864519225519674EA1215036487300F0F
:1094C00042072BEC53520AB3291BA46C88A241A972
:1094D0004549226589D24DE9655ADAA264A9454910
:1094E000298C925218257DCAA45A240664882D0F0F
:1094F00042072BCDC22CE99425CA16D5A2414ADADF
:109500003AE578920C27A9384459DB30687156CE79
:10951000AA6152CC92284C230064902C0F4207AFD2
:1095200054AC54A3E116E5C3100D6A98A5E1A0263A
:10953000392A0D43A6674A56CE86414B93388CC2D2
:1095400024D2D25C036492360F42072B4BB2304BCD
:10955000B2301AA4304BA26C504A43140D4A2D8FDE
:10956000B264586A4A9654A641A94559528B0629B5
:109570008CB2288CB2A45326D5223164932B0F428F
:10958000072FCEE33C1B86300E0765B815D36488E1
:1095900046290C352D52126DD0723C1A6E6114871B
:1095A000519864A55A3A6495350F4207AB1D89AAB4
:1095B00051D3960C4B362451351AA2342A0D51340E
:1095C0004449A64495646AC99261A9E5482D4AB206
:1095D000244BB2244A1239AA670900649A300F4218
:1095E000072BCCD2304BB270896A51920D4A344C61
:1095F00095D6529AF4A845493426595356AA463965
:1096000014664929A9454994649528649E2E0F4201
:10961000072FCEB361086B69251B9661D0723C1B86
:1096200086302915A561C8B4A8A264C310C67936CE
:109630000C619C26D170CA510064A32F0F42072FE2
:10964000C7A32119B2A8126551251A962119B21C77
:109650004F926108A5366D1812258B8AD930847116
:109660001E0DB7384DE27A0864A4320F42072B4B27
:10967000C34E831466613624513444C9B0D4622980
:109680008B8628C994A8924C439464514B160D596B
:1096900018D5C2A8A5A912D5923164A5340F4207E6
:1096A0002B8FB26C29A651972C4986280D133D8B20
:1096B000866489D2A4A80CDA20E560342443968617
:1096C000599A14D3284BA2244AB230CA120064A972
:1096D0002D0F42072BCEE33C1A6E69120E492DC99D
:1096E000AA6134DC926A1249C3106D69980D43185F
:1096F000E759548CB24A539245710C64AB2C0F421B
:1097000007AF8ED5B16818C444691A94AE51D29A85
:109710000C47A5A394342951D23ABCE57894B446B9
:109720009552524B6A390A64AC2E0F42072F5EA342
:109730002147D2218D8674D886341AB2301EC224B5
:10974000473593324D4A366DC9B466D3964C5B9219
:10975000255112850664AD300F42072B1EC268D01A
:10976000B3A858A90DCA30686152CDA262A24BD2EB
:1097700030445B54CCA262360C611615B3A8251B8D
:10978000862C4C230064AE340F42072BC7B361080C
:10979000B334CC86211A9434CC8621CCF164384879
:1097A0004A144F433264514B160D51924591524B1E
:1097B000062D4AD22889E2240B64B02F0F42072BD2
:1097C000C7A32119B2A81265D1900CC930C6512582
:1097D000CAB2694B7254AB4DC32DCCD2304B93E11E
:1097E000208559254BB37A0264B22D0F42072F4DC5
:1097F000E2A8126595C634C90665B885599A6449C8
:10980000AC0C273954B26108E33C1A6E69128759CF
:10981000254BB3480F64BB330F42072B47D228AD0B
:1098200045839623D9A00D431467252D0993CA308B
:109830004452986DD1A015D32C1986280BD32CCC6B
:109840009228190625CA310064BC350F42072B4700
:109850006A391295864354CD862459D2284DB228B0
:10986000596A51521195644A86284DA45A1825699F
:1098700094556A5196648912654396C30064BE3854
:109880000F42072FC7A36810B3240BB36449862D7A
:1098900029A649315186218B9234532A4B24252DF8
:1098A0004B94244B1625691625599245491825EDE8
:1098B00050920D430064BF2B0F42072FCEE33C4D67
:1098C000E2308B86250DA36450B21C4F72545A3679
:1098D0002D6951B2A4315BC65A1A66952C69EB000A
:1098E00064C1320F42072BCECBD17088F2241A9478
:1098F0002CCA4AC35492C26448A2504B865B548C13
:1099000022294C866498C2240AB3A825CA86250A4F
:10991000530064C22A0F42072BC7A3E116E7C9F020
:10992000212C654A22C679922889A883D3708BB2EC
:10993000A6AC69B84559A59495B2E10264C4310F4B
:1099400042072FCD917410D31C89860F519845C3BF
:109950009046B5304A8651E9282583A444496B9442
:109960000C6A94E549320C51526B89340564C53256
:109970001042072FCE91683864393A2CC3206671A3
:1099800098254312664994844965484229CEB461BA
:1099900050949C120E6B580D872D098BD270086461
:1099A000C72B0F42072FC7A3E11655A22C1A3EE67C
:1099B000D9308449982BC349CC22254DE26C18C27A
:1099C000384F864316A7495C0F0164CA2E0F420721
:1099D000331DA261886A492DCA06298C92DA900C3F
:1099E00097A89B360C89A463F930E4680E0D071D17
:1099F000CA91E1214772580764CB2D0F42072BCE45
:109A0000B3A858A946C383922351922359360C61B7
:109A10009686D230443B1E0DB7286B1A6E515629DC
:109A20000DA72C4F0064CD330F42072B1B86304B04
:109A3000C32C0DB36188061D8D8664C8A24A942587
:109A4000521265CA900CC99C27C3410A13398B92E4
:109A500034CAA2CA9829790A64CE2F0F4207AB18DC
:109A60000E831447D9B00C8B96A459920D49584ACD
:109A7000B2241B924453C37C1872348786830EE54C
:109A8000C8F0902339AC0364D22F0F42072BCED3FA
:109A9000240EB3348B4AC33228529AC459544C7A98
:109AA0009486219AF368B845C52C4AA25A940C4A68
:109AB000539A4459AC0064D4300F42072FCCA170A4
:109AC00050B3308D862FB530936AD93068491D93D5
:109AD0009241D372254B0631CBB1CA2046B52889B5
:109AE000A2418BB20A0064DA330F42072FCD917482
:109AF00010D31C89860F519845D19046431626DA1B
:109B0000102A39260D0725AA23D1128551454D1259
:109B10004B94D492A812291A0064E0310F42072B0B
:109B2000CD91388F865B98654398445932248918C3
:109B300025DDA2A4295A9444DAF12C0DB36108B3AF
:109B400034CC86214AB2342B470064E6300F4207FA
:109B50002BCD91388F8643544786258BB26C19B232
:109B6000A81265498F4A2DDB92258CF22C4986215B
:109B700089E23C8B5AA2AC14AB0064EC340F420770
:109B8000AB0E46493268919C0C499414B3298D0759
:109B90002D4A934C19A224594A499A45499A0CCB0B
:109BA000564AD228698D2A5A528B8624CD0164EFF9
:109BB000320F42072FCD91388F865B940F43320CC2
:109BC000619644692225B1340C99A4264A360C6169
:109BD0009686D93084591A66C3102561165613002B
:109BE00064F02E0F42072FCD91388F865B9465C3AA
:109BF0009074CC9228C9A26CC9725C1A864C4B5ADC
:109C00009468B8E578360C619C266112570164F1BE
:109C1000310E42072B87A32119A296A83424C32111
:109C20004AA2D2900C516394288312294A940C5171
:109C30003495B6A9347589BA444A144D49160B6453
:109C4000F2380F4207AB9667493625C390248394B8
:109C50006449940C43524AFA94688AB62C95214977
:109C60009352320C4929AC44C93024A52CC9B428DC
:109C70008B2AD524CBB10864F4330F42072BCECB0B
:109C8000D17088DAA26119862CAA85D17088123128
:109C900056926148A624AA45C930645112D5A264DF
:109CA00018B2288792A856AA260064FA350F4207F0
:109CB0002BC7A3E11655A22CAA44C9900CB7E6A85D
:109CC0001265D1908C723624833444499623C9A0FE
:109CD0004459922563322899524BB2248AA42164B4
:109CE000FB350F42072B6C1AA4304A4A61320CDA5A
:109CF00090B40C51344C59982559342835A597699E
:109D0000506AC5244B86298CB2288C942869949279
:109D10002893B40064FE350F42072B1A6E698E64D7
:109D2000C31066693444C3106669980C0729C9D208
:109D300048698AA6244BB2241B922CCCA16C18C271
:109D40002809A3241DC268080765002C0F42072BB1
:109D50004BB2B069502A839443D994444B53A59491
:109D60002559347C4C6365502435D5863B9623C3F6
:109D7000438EE4B00E6506310F42072FCCD26848FF
:109D8000862CCCD268488643D231CADA86214CC2AE
:109D90005C1A864C8B2A4A360C611615B36108E3AF
:109DA000348986531E02650F340F4207AF398CE2A7
:109DB0006848862CCF06254A862C53B36450864CBF
:109DC0004EA5211996A8124743326451258E866408
:109DD000C8A24A984495A89648036514320E4207D3
:109DE0002B1A92216A894A4332442DD1704886A8A1
:109DF00056AA0C4A946825251994214A3A550625F5
:109E0000AA74AA0C4A549A9428E9AD2465182C0F18
:109E100042072BCEA3E196E3D9320D4AC76C196BEA
:109E200069321C32AD360DB7304B93E120855112AB
:109E3000665A25514A592A0A6519320F42072F1BC3
:109E4000E4288C93E118C5C9A00C83186551182D1E
:109E5000AB9295B4E19044619C0CC7A81646C32010
:109E6000864A9864499444913608651C2F0F42072E
:109E70002FCA9A865B18C5D9F0906871920C83D668
:109E80002C0D83A4D5946C18B43A160DB728C9923A
:109E90002C5216A554896AD122651D320F42072F14
:109EA0001A06310BD36C58B3301A9661CDC22D19F6
:109EB00006550F95E1254AA2248C8E511225617416
:109EC0008C1225512A4332646998006522350F426D
:109ED00007AB122561342483944449144643321C51
:109EE000124D8C12A52989924C4A9261D0A438D97E
:109EF00086412B67D93068E52C1B06A5580BE30477
:109F000065232B0F42072BAC45C3120DF290655B06
:109F1000298E86E52027715259DAB17C1872348770
:109F200086830EE5C8F0902339AC036524360F42D2
:109F300007AB9289519225593248699444C3654AC6
:109F4000C22C52C264500629E9711892D2960D5261
:109F50003228C5AC120E97304AA261A92569928AAF
:109F600000652A330F42072B4B2A5A943529152DA9
:109F7000CA2A43A254B428CF92E12025D524928640
:109F800021DAD2301B86304BC36C18C234099330AF
:109F90006A131700652B340F42072F1A92218B2A60
:109FA00051160DC990459568588664C8C224CF865D
:109FB0004153A45849862151B228CF8641CBF16C38
:109FC00018C25A255DA3211B652C350F42072B1A99
:109FD000A2344AB2218A86A4181593E13248952802
:109FE0002945433248498E4AC3106D69980D4398FC
:109FF000A561360C619A844918B5890B00652F2438
:10A000000F42073FC7733C4786871CC9F11CCFA18D
:10A01000E110E7D51CCA7230C9E11C557444D576ED
:10A020006865362B0E46072FCC91308DC234CAE2BC
:10A03000281B06A918556A51AD542B256292296137
:10A040009245691E2671568DD230C9036539280F95
:10A0500042071FCAF1749872301A863409F324CC6F
:10A06000952C1BA4AC9CD593304FC22C4C133109BA
:10A07000D5AC5A2F653B2A0F42071FCAF11C4F87E8
:10A0800021C9A17018B2621A25591A666998A59556
:10A09000384DE2210B873409E32C87D2BC00653EA2
:10A0A0002E0F42072BCE9134C7D3614872241D86F0
:10A0B000282C0E4A1646B530AA855196A45196A46E
:10A0C000519866953029655116A57901653F2E0F87
:10A0D00042071FCBF17018A41C4907B1968659544A
:10A0E000CCA26829B526599426591487511C464399
:10A0F0009444431AE5589823710065452B0F420795
:10A100002FCD913447D21C09E3614886212BA651FB
:10A1100092A561960D52D625CC2A6116A659251C0A
:10A12000A4AC25CD0B65482A0F42072FCE9134C72A
:10A13000C36190061DCA4A59298CB22456A22C0A22
:10A1400093340993B825AD55B2306A0F73240E6568
:10A150004F320F42072747D21C4987210A736850A4
:10A1600086298BC2288B92A816559A92E1520BB37E
:10A17000246ACC2A61360C529223513589C2348A22
:10A180000365512B0F42072FCD915A8E4475248CB5
:10A1900087211986AC988659D492554A595A49C78D
:10A1A000244C8AA59638CC2A599AD50365562D0F8A
:10A1B000420733CD913447D27418A241AC658394E1
:10A1C000A561960C97288C9374C892340AE3284CA6
:10A1D000B34A98946AA530890B65572C0F42071F24
:10A1E0008A072DCEA23C8B8621199430AB8459A6C8
:10A1F00064D920654D599770D0921CAE84491AD508
:10A200005AD224CD036558310F420733CD91344FD4
:10A21000C238CB06254DB22419A42C0DB3344BA261
:10A220006818A2244E933029A6499485514B9485F1
:10A23000519864612D0E6559310F420733CD913429
:10A240001D963A124583984459320C4A96865934E1
:10A250002CA52C0A932C4A93281BB27088F33489BE
:10A26000C3284CB2B01607655D2D0E46072FCEA24F
:10A270005A98445998D4F27478C992A84BD4255965
:10A28000A28A924849D4256A2BB54469944459520C
:10A290004BC2240D655E330E46072F0DA3D624AAAC
:10A2A00026B5410BB36418922C49932C4995284943
:10A2B00096288992A6244ADA2A6D95254AA2344A1C
:10A2C000A22CA92561920665622E0F42071F4B87BB
:10A2D0002DC7EA50383C245953D694658352CA5A44
:10A2E000C2414BC22C4CB3304D86288986284BB2D4
:10A2F00030CAF2240D65632F0F4207AB1847613A4D
:10A300006C71140E52AD320C4A9663A5612915B3D7
:10A31000241BB6240B8BC3D89664619664511265D6
:10A320005116A50165662E0F42072FCE91341C06EB
:10A3300029C7076598B2288CB26898B21C4AA268EF
:10A34000D8923C4CE2FA9065839AC461142659581D
:10A350008B03656C330F42072B2B67C5E11267D95E
:10A36000A0E459340C4916A54996C44A140D4A94E0
:10A37000649528C92A593828599825519243953807
:10A3800089B2384A036572320F42072F2F67C3A084
:10A39000E5F8900C63C7611976AC320C4A96C44953
:10A3A0009624431225511225511225439295A32438
:10A3B0000A935A9226690065742A0F420733CD9199
:10A3C000341C2E83588B864189FA340C511226C5D1
:10A3D000524B9485994E1A1E7224C7B261CDF2E198
:10A3E000036575330E46072BCED37018A234CB0607
:10A3F00029C92AC39064499A6449142951320C51DD
:10A400001275899225ABB4559A922859A2244A9381
:10A410002C09D7006577330F420733C972242A0EFF
:10A42000971C49076518922C6AC9A26148B2A8A472
:10A4300044D130444916B5A479369CD23C09072D45
:10A44000C9C2284B42250D6578300F4207330E876D
:10A45000210BA35A365CD2A83428C3906469291A08
:10A4600086A89F86214AD2388986414BC328C9A62F
:10A470002C89B5CA10AD016582300F420733CD91EA
:10A48000344FC238CB06254DB22419A42CC7EA504C
:10A490001245CB9464495392256DE1B2A55925CC60
:10A4A0002A59D22DC9AA016583300F4207276A4E67
:10A4B0006A83320C49944595284B16A5A6245A1850
:10A4C000B5646992E994E15B98238312696132472C
:10A4D000C5500B937950006587230F42073BA7E4D3
:10A4E000783E7CCBE3BC9A23690E653998E4700E04
:10A4F000273998E5501AEB920E0A658C2F0F420708
:10A500001F4C73A4982D510E46C390E6C9708CC39E
:10A51000288BD2248BE22851E22889D2A4294DDA53
:10A520009252922C89B8CA7900659126CFC1073B17
:10A530004706291AA4B06598C2340BA35A3428B52B
:10A54000304B92410A7B5C6AD196649DE27018653B
:10A5500099280F4207338FB3A6242A26A56222D753
:10A560004AC31055C5289DC3A43A2595418BF228AE
:10A57000CBE33CCEE33C02659C2E0F4207338FC3F6
:10A58000284DC224CC2A591A46C92095D3244E936B
:10A590006C18C2311CC2A41A26519845C528CBC3D9
:10A5A000244F732402659F2E0F42072B4BC32C2A86
:10A5B0000D83948459251CD4308B8A839684592525
:10A5C000CCD2E1A00C598E55CA99966639960D6B7E
:10A5D0008E470065A12B0F42072FCEE33C4DB261A1
:10A5E00048B2344BA3418D922C2A0E5A126649165A
:10A5F0000E52391F0ECA10E7711EE7719E0165A445
:10A60000240F42071FCCC1411D742CC7733CC78760
:10A61000B73447D21C497324CD91348FF3B89EE6EA
:10A62000480A65A5250F42071FCCC1411D742CC7E0
:10A63000733CC787B73447D21CC97624D5D3248D41
:10A64000A330AEA739920265A7260F420737CBA1E8
:10A6500034179334AAE5880E4ABAACC9CB36E85809
:10A660008EE7F87048C31C0A7324CDE31865AC2C40
:10A670000F42072F47D27C0C0F439243613E48792B
:10A68000521A8664908A49A93848E530CA862189D9
:10A69000E2308AB372568EC20C65AF2F0F42072B81
:10A6A000CBB172340CC91066519E45F920E559347E
:10A6B0004C59541CA4621615B3A8340C4A94675123
:10A6C000982559558BE2300265B02E0F42072FA70F
:10A6D000E448340CC990837916E5482D1D066518A9
:10A6E0004B711865C3904471188549A91655A25A33
:10A6F000639255B3300265B72D0E4607AFAA84D1D9
:10A70000922C6D51B46449A9963C6895CA7069CA87
:10A71000A2A4314A2A4B4FD1D253A57269CBA4646B
:10A72000B8250065B9220F42073BA7E4783E7CCDEF
:10A73000F11CCFF161C8913447D21C49F3388FEB3B
:10A740006925CD530065BD360F42072BCDA130875B
:10A75000C261C8A37018B2388CE2304AB42149965D
:10A760002C1A92288B92A816259192454994942AE6
:10A77000519664499C340D8396630065C1250F4250
:10A78000073BA7E4D07090D31CCAE2E141097339BA
:10A79000CD86839EE3393E0C799CC7D524CD4300FA
:10A7A00065C52A0F42072BCDA13087C261C8F3616E
:10A7B00048B574484BE91055A3FE9245B530AA85BB
:10A7C0005131CAA224AA9444AD0C65CB300F420784
:10A7D0002BCDA13087C261C8F361C8B17018B23CFB
:10A7E000CA8630CAA24A1C55E2A8326451258E2A74
:10A7F0006996246AD2346C498E0065CF300F4207C7
:10A800002BCDA13087C261C8F361487224CD917409
:10A81000D8862889A3248AA3308E8643548CA32CFF
:10A8200009B34A9894B2288B520165D7310F420779
:10A830002BCCB13A960D839C23C39485E130646997
:10A84000160ED12046B5308A0631AA85512D8C8648
:10A85000439255C2A494455994260065E22DEE45D5
:10A860000763508621C9C25A180E4A1466491466F5
:10A87000C9F010D691304AB5962C4AA2244BA22496
:10A880008AD62852C335470065E510E94D07E32114
:10A89000F73E1C74DF87831E65E61BCFC1076F3848
:10A8A000E7711EE7711E0FE73CCEE33CCEE3E1CE3D
:10A8B00075F80065E8210B4A0723C7E2251B875876
:10A8C000877428190E393A9CF2288F86531EE5D1D9
:10A8D00070CA130065E91EEF41076F38E7711E0F5C
:10A8E000E73CCEE3E18EE5783E7CCFF11CCFF11C56
:10A8F000CF0165EC280E42073387737838643994AA
:10A90000E55065D89228CCB4300B872DAC85B57056
:10A91000D8C25A0EE75892A3110065ED2D0F4207D9
:10A920002BC7D3414CB330CDA261CAC2281AC4A8E8
:10A930001646B530AA85512D8CA2418C6A495447E0
:10A940006A39521C0E390165F1200F42076F38E752
:10A95000711E0FE73CCEE3E14E1E0E3A94E3F9F090
:10A960003DC7733CC7730065FA27CEC50773B80CA3
:10A97000611A856914A651980E611A25C3A0446115
:10A980001A856914A6439846610EE7C870106602DE
:10A99000270D460767384839140D072987A2E1A01B
:10A9A000D374641C863894433994A47008A344CEAD
:10A9B0007224475300660624EC4907E321CA912814
:10A9C00047A2E110E5489423D170C8F1B471582230
:10A9D00025DDD25052C2211C04660C1F0B4A0767AA
:10A9E00038E5511E0DA73CCAA3E18E0EEF900E0D67
:10A9F0000F39A443C3430E05660E26ED45077F3885
:10AA000048A116855A146AD17090422D0AB528D4EF
:10AA1000A2E120855A14C6699C1693304E00660F39
:10AA2000220D4A077F8886214EE3341E5EE23449B8
:10AA3000B35DD1316538E6611E0EC73CCCC3E1067B
:10AA40006613270D46076F18D4388DD36150E33451
:10AA50004E8741CEC11C1C0E4A16656294855198E2
:10AA600015A32C4AE2300266141F0F420737CBB100
:10AA7000FA70D0B31CAB0EDFB90EE73CCEE3E19C1D
:10AA8000C7793C9CF30C661F20CDC5076B38E6E107
:10AA900070CCC3E18EE4489623C3210AE334478691
:10AAA0003B92A3F1F01066202A0E46071FCAE17000
:10AAB00048C3281A8624EA127519A296A84BD425F1
:10AAC0004A864394864398645198E4581D49E33C70
:10AAD00066252B0F42073FC7736478C8911C1A0E76
:10AAE0003A9223C3C734AF26C39044521A89698E61
:10AAF0000C438EA43992E6C830840066272C0E469B
:10AB0000071FCAE17048C3281A86244AC3280DA328
:10AB1000341C92E110855B9425A55A52EA65885A47
:10AB2000A224AB43391C026628290E46073B87F353
:10AB300021CAA3683825E5282947523C6483548BF1
:10AB4000A32C8EB238CA8665C8E228CBE11C8E01E0
:10AB5000662D26ED450777780BA52C94B250AA4AAE
:10AB6000B56450D224D291281A06A92A55072995EE
:10AB7000AAF130C46900662F240F42076F38E771CD
:10AB80001E0FE73CCEE3E14E1CBEE7581DCB8635D9
:10AB9000CBA124CA912CC9D3E1006642290E4607F5
:10ABA0001FCAE170106BC9302459580B6BC3E728DA
:10ABB0008BA32C196E719445593468512DCEC12444
:10ABC000473300664321EF41076F38E7F170CEE36A
:10ABD000E18EE5587B5407F3E16B96637528ACA5CD
:10ABE00061A20F02664920EF4107677848E34E599A
:10ABF000940DCBB0C73969F84E1CCE793C9CF378E4
:10AC000038E71900664C300D46071FC9D170C8D20D
:10AC100028194E492C25B19424433228A5444A4A88
:10AC20008994941229292552920CC9A0C45212A7C2
:10AC300061925600665A330E46073F87E3211AA6F3
:10AC40004A1A456A1625C3A044499425431265490A
:10AC50009444591225C3A04459124659120E514D1D
:10AC60006A4BC321CC2100665D270F42073F8786D0
:10AC7000830E85D1F03D0C87830EE5C8F0901387D5
:10AC8000839843E1701073281C0E3A6DF8006664D7
:10AC90002EEE4507777808D3284CA3681892280B26
:10ACA00093280B9321190E518E45391645C39044B4
:10ACB000D56488D224AAE6C390A7090066662E0E42
:10ACC00046073B87F3211A86244A72245286A9310B
:10ACD0006A89A221AA44D1F0548C2A51972C8986E2
:10ACE00064189428CFB1244743006668260F4207B2
:10ACF0006F38E7F170CEE3E14E1EDE723C198E39FB
:10AD00003E3C44491456B2288C42354A4229D30568
:10AD1000666E240F420733CDA12C1E1EE22C8FB28B
:10AD2000284DB2241BBE1387731EE7F170CEE33C9F
:10AD30001ECE7906666F220F42076F38E7F170CE9C
:10AD4000E3E18EE5C377E270CEE33C1EEE580E855C
:10AD5000B54A9AE7080066702A0F42073BC7536559
:10AD600088A22D6A8D06258D5AA3D27048A42E4B39
:10AD7000545212A9A444FD3444FD1D89EA482D0211
:10AD80006674310E46071FCAE170488643948651A7
:10AD9000340C49948651323CE458140D43125593B7
:10ADA000281A8624AA2643340C4954CDB3240F23F1
:10ADB0000066762B0D46076F18E2344EE36188D3A8
:10ADC000388D8721270DCB3084492826E13024C3D4
:10ADD0001026A19884C3900C43988401667A260EAD
:10ADE00042072B87076950A2300B6BC325AB64A5C4
:10ADF0002C1A949C325CF3344F876B9EE6E970CD3D
:10AE00002300667E2F0E46071FC9F17048864394C3
:10AE100063518E45D13024513519A23489AA491481
:10AE20000D4312A5619425A5216A8992AC9EE46820
:10AE30000A668739EF41077748866448A2308992CD
:10AE4000284CA2240A932819922189921C1A921C38
:10AE5000AA0CC9904449182551124649940C4969D5
:10AE600048D22C4AC224CFCA511A6688230F4207FF
:10AE70006F38E7F170CEC3E1214A6BC34187726C32
:10AE80003867E5E19C95873B960FDF730066912656
:10AE90000F42076F38E7F170CEE3E10EE5E03024B2
:10AEA000399485C3671D1C0675CEA461D0E37C1858
:10AEB000F4380366962C0E46071F1AD2411D9228BD
:10AEC0004BA296A88E45C93028431647591C0D4FF2
:10AED000F5281AA621A9459528C9C33C537455667F
:10AEE000972A0E46073FC7D321190625CAB1A818CD
:10AEF000D5A22C1ABE6351344C8D5163541AA6212D
:10AF00000AA3C61C1976248C0066A22E0E46072BB7
:10AF100087B361CCC268508629698C92CA300D3AD9
:10AF20009424C341694F2AC3900C53D253252BD587
:10AF3000A25A312966350066AB2D0E46072F47927F
:10AF4000614886344C872149A3CAF090445DA268C9
:10AF50001892280DA368189228CD8AC3354F876BA5
:10AF60009E0E370066AE290F4207378B878738CB96
:10AF700091E19CC7C3398F873B9243C3B73C4D8651
:10AF80002189A43412872147D21C19861066B42463
:10AF90000F42076F38E7F170CEE3E19EA6C3435A34
:10AFA0001C3EA6B1964952939AD4A1F6A49666691E
:10AFB0000466C62F0F42076B7888723CD4B4645A7B
:10AFC000B3301D866490A24D4C5A944CAA44B530BF
:10AFD0008D86418CE22C1B06AD1C85C3A0C71100D9
:10AFE00066C92E0E46071FCAE17088862189D230B5
:10AFF0004A8643548C86645AA26254D2A2681BA625
:10B000001C1B92E11065518E45399445693A66D909
:10B0100033EE4507777848A22492922889A46438B1
:10B0200044699444D13024439A4495E110A5619435
:10B030000D4B1489C99024C31265618E0C3B1226F6
:10B040000066DD2B0F42077B1872248D866818A2DC
:10B05000D6A8340C51AD29192E43D6343C4459534B
:10B060005F7A19C231CA923AD48EA90066E0390FCC
:10B0700042071FCA29E1900C072989B2A8920C4304
:10B0800012255116558607252C25C930245152AA60
:10B090004449320C4994942A43920C431225391E98
:10B0A000657194260066EC3B0F42077350069D3293
:10B0B000244332245112255112254AA29492288900
:10B0C00092284D8764384849948451325CA2244ABE
:10B0D000A2244A86CB90D422D3B246599465D30099
:10B0E00066F01A8D4508E3830EEAA00EEAE0709040
:10B0F00074500775500787EF600066F2220D46070F
:10B1000033CB912C47B21CC9C2E141AB6935ADA626
:10B11000D5866F35ADA6D5B4DAF01D0C66F3230FD6
:10B1200042073FC7733C878683D8C7E120F6713852
:10B13000E8589483490E87B99285A332E890006657
:10B14000F41FEF4107E3F71CCFA1E120F671388827
:10B150007D1C0E6A9683490EEBA0B4EE830066F860
:10B16000230F42073F8786438ED586EF593A1C72DC
:10B170002C8786830EE5C377E270CEE3E19CC7C3DC
:10B180000D66F9250F420737CBB1EAF035CB87833F
:10B19000186551381CC4288BC2E1A09387731E0F19
:10B1A000E73C1ECE790666FC22EF41076F38E7F1D7
:10B1B00070CEE3E14E1D1EA2AC6978C889C3214F51
:10B1C0007368D01155DBA10166FE200B4A072BAD39
:10B1D00065C363A8441529290DEFE870CAA33C1A7A
:10B1E0004E799447C3294F0066FF280F420733CD9D
:10B1F00091341D96612D0E43320C59922569966447
:10B20000D5741ACE799CC7C3398FF37838E7190003
:10B2100067002A0F42076F38E7F170CEE3E14E1C5A
:10B220003E65393628839825593828519A45499AD8
:10B230000C51384495B092E5882A6703270F4207DE
:10B240003F87931C332B8322E9A0341CC424AA8497
:10B2500051520A87834E1ECE793C9CF37838E71909
:10B26000006708210C4A076FB8E5599EE5599E0D05
:10B27000B73CCBB33C1B6E7996473912E5483DD1BC
:10B28000A1046709240F42073BC77364F89AE339A6
:10B290003C0C7A1CCB69320C621467E57C18F438DC
:10B2A0008FF330C9D310670B35EE41076B90062939
:10B2B0008BB2288BB2288BB2689006298BB2288B70
:10B2C000B2288BB2689006298BB2288BB2288BB239
:10B2D000244CC2244A4A8998840900670D30EF4102
:10B2E000076B5086AD12669530AB444936285998A5
:10B2F00025399225C35629658352CA2A8D59D29879
:10B30000255158698B92444BC2280D67142E0E426A
:10B310000727CCA12C1AA45A365CB2B01686831229
:10B3200055B224AA644954C992614806314AB26AA6
:10B33000562CA5619266895A0167172A0D46072B7C
:10B3400087C3E1206562948951360CD13046991843
:10B3500065C31065FA308599565394E296846A96CF
:10B36000A41500671B290F42072FA78483320C4ABC
:10B37000561EB4382B49833666D528C991301B1E1A
:10B380007224C7736838E8508EE7C307671D2F0F14
:10B39000420733C7D3E141C9C2344B8621CA923434
:10B3A0001A946188B2248DB26418A22C894A8398B9
:10B3B00066C321C9C27EAB84519A00671F340E4216
:10B3C000072BCBA12C1A946148B2288BB2288BB2E0
:10B3D000689006298BB2288BB26890B2288B062918
:10B3E0008BB2E192A55118654998A459A2560067FD
:10B3F00028210F42073FC7733CC7736478C8773072
:10B40000A963491D6ACFAA612DADC4F51CCFF11CFB
:10B41000672A210F42073FC7733C8786830EE57872
:10B420008EE7C3E71D4CEA507B560D4B6AAAE778BE
:10B430000E672B210F42073FC7733C1FBEE7788E74
:10B44000E7C8F090EF605287DAB36A5852533DC7AD
:10B450007300672C240F42073FC7733CC77364789F
:10B46000C87730A963491D6ACFAA612D1A86288939
:10B47000EB399EE339006731220F42073FC7EA5894
:10B480001D1B0E611D49733C1F3EEF605287DAB3EE
:10B490006A5852533DC77300673524EF410773184C
:10B4A0007224CD913447D23CAE23C39AE339323C67
:10B4B000E43B98D4A1662D93D454CF01673D2C0F63
:10B4C00042072FC7A3E196E6489A0E530E8539A28C
:10B4D000E5D06188927A94E45012E5509843610E69
:10B4E000853914C6499A67006746240F42072FC75B
:10B4F000B36108E33C0E87318F63395E864B639AF4
:10B50000144B711EE7711EE7711E87006749280FF3
:10B5100042073347D21C49F3B8360C598E8459A8D8
:10B5200023E11C26C534A955A230D47224CDE37A78
:10B530009A23990A674E240F42073FC7736478C85D
:10B540007730A943CD5A26A9A9380C399CC3F1F00C
:10B550003DC77334C9E11C01674F220F42073FC743
:10B56000736478C87730A943CD5A26A9A94E1CCE5A
:10B57000799CC7799CC7C339CF006750270F420712
:10B58000338FF3388FF36818926108F354565731AC
:10B59000A92561524BB2288C6ACD799CC76912D714
:10B5A000006751250F42072F8FF3388FF36C5886B1
:10B5B00041CB533D9DC3A42D4C4AB5288CE23CCED3
:10B5C000E33C4E93B8086756280F42072F8FF33895
:10B5D0008FF36C588641CB533D9DB230690B93522B
:10B5E0002D0AA3384DE27A9AC4999626B200675C78
:10B5F000240F42072FCEE33CCEE37018F338968633
:10B60000D35A29A649B114E7711EE7719E0C872C05
:10B610000701675F200F42073FC7F3E17B8EE7D04A
:10B620007010FBC7E120665B9ED4A1662D93D454B5
:10B63000CF016760240F42072FC7733C1B86300E73
:10B6400087318F63395E2BC5342996E23CCEE33CCB
:10B65000CEA3E1968300676D2C0F42072FCCA13457
:10B6600047D21C89864119763487B5419DB230692D
:10B670000B93B65256CE4A595316855116A55B9276
:10B680004300676F2B0F42072FC7733C1A6E713848
:10B690008C799A8FB91229619225519644B5244A22
:10B6A000B2629A23698EA43992E6489A026771239E
:10B6B0000F42073FC7F3E17B8EE7D070101B8783F3
:10B6C000D8381CC46CCB933AD4AC65929AEA390052
:10B6D000677E2A0F42072F8FC3280EA338CCA261A2
:10B6E000CAD22CAA69516DC92A6D71524BA3304B35
:10B6F000C3B6348C865B39CB4100677F2F0F42077E
:10B700002F47D27CCC863CCB8725C7B261C8B424F6
:10B71000CBA6248B926E51D29444B52849B372566D
:10B720008EB2248D6A6112A5016789260F42072F08
:10B73000C7733C1A6E71388C791CCBF15AA90C4333
:10B7400094C46114E7711EE7719E0C872C07016792
:10B7500090290F42072F47D27CCC863CCB8725C748
:10B76000EA90360CD29485495B98644D59392B6721
:10B77000E5288CA3304ED20C67952F0F42072FCDB2
:10B78000913447D21C8986411994280B932C0AD5F1
:10B790007C8C93529226611246619267519E455964
:10B7A000296B49874CC7006797260F42072FCEE3C6
:10B7B0003CCEE3705886418B63F53826A5A4968469
:10B7C00049A91615A3AC25CCE33CCEE310679A2B10
:10B7D0000F42072FCD913447D21C09E3611A86AC82
:10B7E000184A49166E2DA5AC524BB2284DE27A9AF2
:10B7F000C46196666918E501679C20EF41076F38C0
:10B8000067E5AC3C9CB372561ECE591DCB87AF4941
:10B810001D6AD632494DF51C679D260F42072FCE73
:10B82000E33CCEA3E1631EC7723C0D439494C2284F
:10B83000296551354A2B713D4DE24C4B135967AF89
:10B840002A0F42072FCEE33CCEE3705886418B632C
:10B85000395E2B95618892D624CAD2304BC32C0D09
:10B86000B334CC8621CCD20467B6290F420733C744
:10B8700073701892418D922CCC922CCC92AC942463
:10B880008314E6941CCF87AF491D6AD632494DF523
:10B890001C67B7360F42072BCBB13A564706251C1B
:10B8A000A26850A25A9444C9548912A594444A5398
:10B8B0001229599444B528896A5112B525515B3231
:10B8C0004449949422310667C42D0F42072FC7A321
:10B8D000E116E771388C79349CA4ACB464958A94F1
:10B8E0004449A945AA644916C9599467519E4569B6
:10B8F0009245710267CF250E42072FEE9A67C34328
:10B900009266D5484BA3294D5A8621E92A65695686
:10B91000CDAA5935CB8621AB0667D0270F42073316
:10B92000CD91341C3EA63992E6C830E4489A23698A
:10B930008E0C430EE6C3D7A40E356B99A4A67A0EDF
:10B9400067D12D0F42072FCCD2304BC32C0DB368DB
:10B950005886410BB350CCC2ADA594554A8354CC04
:10B96000D2304BC32C0DB3341CD4308B0067D2249F
:10B970000F42072BCDA130C7A3291BE634C78A9DF0
:10B98000E4410B733C1FBE2675A859CB2435D573F3
:10B990000067D3280F42072BCDA1304787318ED2C5
:10B9A00030CBA32CCAA2304AA4784AA21CCF87AFBE
:10B9B000491D6AD632494DF51C67D424EF41076F03
:10B9C000B843590E26F1F0104761A8D5B424877307
:10B9D0003C1FBE2675A859CB2435D5730067DE2BD6
:10B9E0000F42072FCCA13087C21C0A8787A48E6420
:10B9F000492ED5C7414A6A719296D21C49872DCDEE
:10BA0000913447D21C49530067E520EFC1073FC777
:10BA1000F3E16B5287DAB3EA7090943CD1F2783854
:10BA2000E7711E0F77E2F00167EC250F42073FC771
:10BA3000F3E17B8EE7D07010BB4495304A4AE17049
:10BA400010B32D4FEA50B396496AAAE70067EF2B6F
:10BA50000F42072FC7733C190E598E44C39C4643AF
:10BA6000144A8D4B544B12A996443D0D511AB5E61C
:10BA7000489A23699CA4790667F1240F42072FCDC9
:10BA80009138CFF168F898C7B11CAF95CA304449D6
:10BA9000B114E7711EE7711E0DB71C0467F3350F73
:10BAA00042072FC7C31C8AB4218B2AD1304849943E
:10BAB000459528922A51B444499454A4244A4A8969
:10BAC000124991922859542996E2308AB372146629
:10BAD0000067F4290F420733CBB1C6248BD2642907
:10BAE00027999E6461962C6132A4838EE4783E7C13
:10BAF0004DEA50B396496AAAE70067F52E0F420750
:10BB00002FC7B36108B3A4314B5A86A56396B469B5
:10BB100049DB325CFA29E9A72C69CC92C62C69CCA6
:10BB2000922CCC2A6116460067FF290F42072FCDC1
:10BB30009138CFF168F898C7B1360CD9D4A5A9A52A
:10BB4000A9126551318B8A59A4845994A4711E8716
:10BB5000006813290F42072FCEE33C4DE2308B865D
:10BB6000250DA33CD286215B2BC53489C3281B86B7
:10BB700030CEE33CCEA3E1968300681725EF410762
:10BB8000677888B31CAB0F0731CAA230CAA27038DD
:10BB9000E8508EE7C3D7A40E356B99A4A67A0E6839
:10BBA00021280F42072FCD91388FF36C78D0D130F8
:10BBB0000BB5345BF2A429AB8459544DE23489EBC4
:10BBC000691287591AA902682A2B0F42072FCEB390
:10BBD00028CFA23C1B866458A23CCA62395E864BC1
:10BBE000DB9894925231A96651318B8A51D69CC709
:10BBF00021006838260F42072FCECB791C0D1FF38A
:10BC0000348CC4DA346C49354C8A99146A6124A6A0
:10BC1000795C49432D8CE40068392E0F42072FC709
:10BC2000A36148A3B4944683320C699486521A2EB9
:10BC3000C3902589944549D43739CAF2288CA32466
:10BC40004B23558B7204683C2E0F42072FCCA1303A
:10BC500087C241CDC26850B438899258CDB7244DBF
:10BC6000DAB4248AA72419D62C4CB330CDC2341BA5
:10BC7000D62C8C00683D2F0F4207B30E8551360C31
:10BC8000499686591AA6C3772887C22C0DB3641823
:10BC9000942C549330119352528C92A825D1C24CBB
:10BCA000CCD2006842270F42072FCEE33C1B8630E0
:10BCB0000E87318F636938ED60524C9362291B8681
:10BCC00030CEE33CCEA3E19683006843300F4207B9
:10BCD0002F8CE2308AC3288E92281A86444AC29258
:10BCE0002846E9644B12254AA2A45492C2280EA306
:10BCF000382B654D59144659120F6845320F4207CB
:10BD00002FCD913447C261CCD26418D2DA30485A70
:10BD10000E4DC92025DDA2244BB224CA92C62C891F
:10BD2000D22C09B3A89845D9A02539046846290F13
:10BD300042072FC7B361D0EA587D5886416BD5AA18
:10BD4000533248495B98B495B272360C5A1DAB63B6
:10BD5000D9306839086848250F42073F4786872849
:10BD600007E31C1A3EA6F910E5E0900FE10EE5C3CB
:10BD7000D7A40E356B99A4A67A0E684C270F4207FC
:10BD80003FC7737C187224C786439A23E9704873AF
:10BD9000241D0E39940F5F933AD4AC65929AEA3918
:10BDA000006850340E42072F87A361D0A2388BE27F
:10BDB000615086248BE2488AA325199216254A9A57
:10BDC0009228912A519245C99064519C45711685DB
:10BDD0004916A509006851280F42076F187448CA10
:10BDE000511D9B72FA200D629445A95152241DC920
:10BDF00091E1214EEA50B396496AAAE70068532BB5
:10BE00000F42072FC7A3E196E339382CC3106669A8
:10BE1000A6A5D9340C51D21A25AD49940D4398A545
:10BE2000618EE77834DC721068542B0F42072FCEF6
:10BE3000E33CCEA3E1631EC7DA30643B98D4B1A4DF
:10BE4000320C4994A5619686591A6669980D4398F3
:10BE5000A5090068762C0E42072B87A361D07224B7
:10BE60000C956C10E36838D52A4B565186831265C1
:10BE7000991265A56838D54AB5522D2995130068E1
:10BE80008129EF41072B1BE630CAD2244AA2244A5B
:10BE9000A23E0D619666519246499483F9F035A908
:10BEA00043CD5A26A9A99E0368852E0F4207AF8E5F
:10BEB000D5B16C18C22847866558B3309C92285477
:10BEC0004A499624C321A98551AF5196A4D13088FF
:10BED000399256E222006886330F42072BCCA130FC
:10BEE0001BA2308B2AC3120D5A250BB3248B064597
:10BEF000DB2A91126591920C4BA4845954CC94285E
:10BF00000B93AC98466925CE0068972D0F42072FFA
:10BF1000C7A3E116E771382CC31066514D8B6AD365
:10BF2000304449534B5325CA8621CCA23C4CF234B1
:10BF300047C2448EC401689D2D0F4207B30E853958
:10BF4000120E632D543A26C55212296A32455A12EE
:10BF5000E649320C6112E6499454935231CA1A935D
:10BF60003C4D0168A22B0E42072FAE45B53089B279
:10BF700030A90C639C0D43A4A5D194262DC390D465
:10BF800052294BB36C18B26A56CD5AB2620268A7F6
:10BF90002C0F42072FC7A3E196E6489A0ECB3084B8
:10BFA0006D626D192EED58928351360C619686594B
:10BFB0001A6669980D4398A5090068A8290F4207D9
:10BFC0005B0C8738CFA26C189228D6A234918A5184
:10BFD0001266C5244FB21CCB87AF491D6AD63249C1
:10BFE0004DF51C68AD2D0F42072FCD913447C22C63
:10BFF000CDD26450865B8E4562164E491625891453
:10C0000026C541AA69695489EB6912675A9AC80220
:10C0100068AF2D0F4207AF9886591A4671360CC982
:10C020003046611C65DA30645335694A936C38A533
:10C030005A31C99A925A94456112E6710868B03033
:10C040000F42072F8FF324CCA32CCF0665B8E5A9A8
:10C050009654A7A42949862189922CE994258D59C3
:10C0600012A5514B1655942C09232D0D0368B32EA0
:10C070000F42072FCD91388F86414CD3612A6761DB
:10C08000280D83B62351D2639225B5284BCA595245
:10C090008E2A715489B2244BA24C1F68C4260F42C9
:10C0A000073BA7E4C8F010E6E970D0A130CD6AC321
:10C0B000B7E6E18EE5C8F0102775448AB431DC7329
:10C0C0000068C92D0F42072FCED31CC98621CCD2C0
:10C0D00064588621CCD24C1B866CAD14D3241A0E26
:10C0E00051AD296BCA925A9445619CC7210068CB17
:10C0F0002E0F4207AF9866611A0D839885D1B084E0
:10C1000069368C5A184E619654862DC9C2A816A657
:10C11000C970C8723C8CE22C4CA3380168CD2E0F3C
:10C1200042072FC7B36108B334CCD264588621CC00
:10C13000D24C4BB36918A2A48E256D91942DC52CB9
:10C1400053B3729694B24CAA150768D2270F4207D0
:10C150002FCEE33C1A6E71382CC310A6B9349CB6AE
:10C1600096A69628CBA47050E33C1A6E711EE77118
:10C170000868D52B0F42072FCD91388F865B940F1F
:10C18000438E66C390E9F00E26C970481A4B599445
:10C19000A459548CB296302B26799A0268D7280F6E
:10C1A00042073F4786871CC9A1E120665BAC24B2E9
:10C1B0009E6339323CE4480E0D07B1DB9627892E89
:10C1C00065D2980A68D82D0F42072FCEE3705886A3
:10C1D000218CF3381DA4414B4A492D2925B5A4943F
:10C1E000D4922959E3781C935252AA94222DCEE37B
:10C1F0001068DA3A0F42072FC7A32119B2A81265B7
:10C2000051251A062989B268488648AA44D11225C0
:10C210005152919228290DC920B544595489B2A888
:10C2200012655125CA924E9996440268DF2A0F4240
:10C23000072FCEE33C1A6E71382CC31066514D1B8C
:10C24000866CEA521986282996D2394CAA59544C40
:10C25000B4E63C0E0168E0230F42073FC7DAA3EAC9
:10C26000F0A0E4A8345CC23CCEE3E18EE5C3D7A4E1
:10C270000E356B99A4A67A0E68E72E0F42072F8D14
:10C28000D25A982643960DE13026691E45AA529A45
:10C29000A444698BB2A4960C5236E47114C6499A30
:10C2A0004759AAD4325168EE280F42073FC773643A
:10C2B0007888933AD4AC65929A8A698EA4E9B00CD6
:10C2C0006B2A6F4A98744AA4B630CD91340468F151
:10C2D0002B0F42072FCEE33C1B86300E87318F8613
:10C2E00093988553924549228549D320D5B434AAE1
:10C2F000C4F53489332D4D640168F2290F42072FAC
:10C30000CEE33C1A6E71382CC310C651260DA735EA
:10C31000AA5486214AD25234DCC2B6298DE5501285
:10C32000233968F52D0F42072FC7B36108B3A898CA
:10C330004595611986308B6A5A549B86214A8A69D1
:10C34000120D87289DC3A49A45C5286BCEE31068BB
:10C35000FA2D0F42072FCD91388F865B940F431E25
:10C3600066C3A885E114664965D892F628CBB16CFE
:10C3700018C22C0DB334CC8621CCD20469052F0F02
:10C3800042072BCEE33C1B062D4DC241CAD22C0DD9
:10C39000A3E190EC48A6244354C9A2962C2A6651E6
:10C3A000311BA23087C23C09732403690D2E0F4252
:10C3B000072FCEE33C1A6E71388C79360C9996664D
:10C3C000D33044496B9454862189B234CC8621CC35
:10C3D000D2304BC36438643908690E2B0F42072FE3
:10C3E0004CF2308AC328CE8607258B232D559261C7
:10C3F00090A62C4CDAC2A4329CB27256CECAD93066
:10C400006875AC0E6912330F42072BCCA13087C27E
:10C41000650BB32419A42CC9C22CC9A24129ED492A
:10C42000A44459D298254D89164649294CA2240A7C
:10C430006B49162559927569302F0F42072BC79308
:10C440006119A2FE6950A24A160D519245256D89C7
:10C450002A91324891123529515F16254A9628C9EA
:10C46000D2282DA5A50C693D300F42072BCCA17019
:10C4700018B334CC866D90D368384469BE2559A46E
:10C480004C4A94A489968451124696304DA22C8C25
:10C49000B22852CA5500693F2B0F42072FCEE33C0A
:10C4A0001A6E71382CC310A6B9349CB696D628895A
:10C4B000924191C22C0DB3341CD4304BC32C0D07C8
:10C4C00009694A2C0F42072FC7B361CDC2341BA69E
:10C4D0006109D36C187578192EDD91DA3024514B2F
:10C4E00031892A611615A35A58A966350069532F58
:10C4F0000F42072BC7A3E116E559142AC9B06CA552
:10C50000AC29199468E94951FA940C4A53D69425F8
:10C51000B52819942C6AC9921C91742C6954320F55
:10C5200042072BCCA1301AB268506A61962483323C
:10C5300025599825593428A52D2A29511229E53441
:10C5400089864314E7691287599AA561A20B695A33
:10C55000280F420733CD91341D9661AD6F6BD29396
:10C560009446396D78C89134CC722C1BD62C8792A6
:10C570002847B2E1A013695E330F42072FC7A361BA
:10C5800010A3244AC22889926418922809A361D072
:10C59000C41C19E324190E49531C85831A666916B5
:10C5A000A65998465992266906696D280F420737A1
:10C5B000CBA32C4A932CC9868F690E65F1F090238A
:10C5C00039341C74281FBE2675A859CB2435D57361
:10C5D0000069752F0F42072FC7A361107324CDB3D5
:10C5E00061CCA32599A4A4162DFDA2942A51524AE8
:10C5F000A268698BA52C4CF2344792E190E52000AB
:10C600006977300F4207AF392B65D952CC32695860
:10C610009AB24C2A6951328D7152198628C9D22496
:10C62000CAD2301B86304BC32C0DB36108B3340122
:10C630006982310F42072BC7A32119A4B630AA453E
:10C64000C3A518558A51A5B60CC9A058B3244A32BF
:10C6500029894A629428C548E9548B9228CEA4348B
:10C66000066986320F42072FCD9130C9B3729446C6
:10C67000C332285A0E4B43962D51524A122929256E
:10C68000D19034B514A34A311A9262540BA34A31A3
:10C690004AA4086994350F4207AF8E85D19045436F
:10C6A000126551251A062929464352932AE212257A
:10C6B000A52419942829859154896A5145C9A24411
:10C6C00029464A390AE33C03699C2F0F42072FCDC4
:10C6D00091388F8641CCC26898CAD17092F268C8EE
:10C6E0004A49314DA26150A23087C2410DB3340B8B
:10C6F000D32C4AD228CC0069A82F0F42072FCD9106
:10C70000388F865B9464C93024695847C46188A611
:10C71000244E12294ED24189D21C4973241DB634AD
:10C7200047D21C49530069AE2A0F4207338D934EFE
:10C7300025254AD2244BD22CC9B2E141C95139CD69
:10C74000911C191EF21D4CEA50B396496AAAE700E3
:10C7500069B42F0F42072FCD916819B4288CB228E5
:10C7600089A2619092288B924EA6DA1827C9704848
:10C770004A5926D59A865B9435654DC32DCA0369FF
:10C78000B7310F42072FCCA1308792E19025A56CDD
:10C7900018922C8E864153B478C9D224194E4994EC
:10C7A00085512D8F86418CB23CCAF268B84539025A
:10C7B00069CB2E0F42072FCCD2304BA3E11666D1A6
:10C7C000B00C43580BA5E1B4562AC310254D95284B
:10C7D0001B86308B8AD170AB865925CCC20869CDB7
:10C7E0002F0F42072FCEE33C4DE2508A86252A4682
:10C7F000C349A966D33044496B9464C39044598EAD
:10C8000065C3104649584AC24A348C2D0069D0325B
:10C810000F42072FCED31CC98621CCA2CAB044C573
:10C820006C18322DAA4D491625956188925A1A85A1
:10C83000891C2651984543984559296B49870069B9
:10C84000F3290F420737CBA36CD0A24A7148DA9183
:10C8500030C9066518A4B64EC524D3A17CF89AD475
:10C86000A1662D93D454CF0169FD330F42072F8C5D
:10C87000E2308A93E19085513628C320464994647A
:10C88000D230684B298992643825391865C39A8556
:10C890006936AC599866C39A8511006A012C0F421B
:10C8A000072FCEE33C1A6E71382CC310A6B9349C06
:10C8B000B696D628898A529248639686D932666996
:10C8C000980D4398A509006A022D0F42072B4CB31F
:10C8D00072940D524B96444394255336482D591269
:10C8E0000D4A960C593288793E7C4DEA50B39649F0
:10C8F0006AAAE7006A0A2F0F4207AB1685599245CC
:10C9000083140D529664999425DA94444B53A5945C
:10C9100025591825A51CCA87CF490E663994C6BA71
:10C92000A483026A132E0F42072FCEB36108B3A867
:10C93000180D5FA262360C991C4FC310254D2D9522
:10C940006148A23447A2E1166669B6C4E91C6D0AC3
:10C95000006A192D0F42072FC7A3E1962671360CE6
:10C96000C9B074CC92366D18B21D4C2AC31025750F
:10C97000A834DCE23C4CAA59548C925A35056A1E04
:10C98000300F42072FC7A3E116E560140DCA3044EB
:10C990005918D532291AB425879244B9949216A908
:10C9A000D22D4ABA45C92DCAC168B8E520006A1F10
:10C9B0002C0F42072FCEB361086B69251B94E196BB
:10C9C000C3DA3064531A25956188922C4DA26C18F5
:10C9D000C2388F865B9CC7791C026A212A0F4207E6
:10C9E000AF392B27C331AB0D3B1A0D4328A5E132DC
:10C9F0000C5992A859120D4354CD91643856F2AC9B
:10CA00001CA5955C6A23290F4207AF1AD6D268B8D5
:10CA1000C5E1B00C4318C7D2705A2BD530298D51BF
:10CA20009C951625AC54B3A89828B56A0A6A382D87
:10CA30000F42072F4DE2A8126595C634C90665B8A6
:10CA40008559A826E9325C1AD3241B86248AF36808
:10CA5000B8A5491C66699686891E6A39310F420756
:10CA60002B4CB330CD926188B2304D06291AA468A0
:10CA7000D0EA58B40C53A46849A72CE93468A5AC93
:10CA80004B98A553960C59924571046A472F0F4253
:10CA9000072F5EA32147D2218D8674D886341AB21F
:10CAA0006C1D3225C79250532AD3549BB6645AB397
:10CAB000694BA6354BA224CB44016A4B2F0F42078A
:10CAC0002F57B3214F73241A3E6569962C995489C8
:10CAD000A2714CEA5852198624CAD2304B96304B78
:10CAE0001AB36409B334CC42056A592E0F42072F9A
:10CAF000CE932189C24A354AA26898B2248CD2507A
:10CB0000490625DBA1A4320C5A12A5516B6918D233
:10CB100028AD9587B71C046A5F300F4207AF54CC2D
:10CB2000A26294748B966418A4C628E9242DC93493
:10CB300075498643526BCA2A615609A3244BB2A891
:10CB4000258BC2444BC22C6A612D0F42072FCCA10A
:10CB50007050B3308D862F599495B2E830484A16FC
:10CB60002761922525A55318A991254C9362A916F2
:10CB700029E522006A62340F42072B8FA3298E9287
:10CB800061902AD56149062D52A2344A926159EA30
:10CB90008825199452524B4A493268919495B24172
:10CBA0008BB2A6AC298B14006A6B2D0F42072FCCD9
:10CBB000D2304BA3E11666D1300D6A0E4BC369AD7E
:10CBC0005486214A9A2A51360C611615B361086BB6
:10CBD000699686511E6A80310F42072BCE93E12061
:10CBE000E578345C863D8B9241C9A2244BA265381E
:10CBF00029399664C31025591A66C3106669980DC1
:10CC00004398E3C970106A84340F42072B6C4BC3FE
:10CC10006890C2284BB2E1900C514DCAA241294DF7
:10CC20006112295196340D4AB730C9B2210AB3A80E
:10CC30001865492D4ABA255992056A942C0F420766
:10CC40002FCEB3A858A946C3873C0B0751CCC2AD21
:10CC5000A53468491DAA0D439845C56C18C22C2AF5
:10CC600066C3106669026AA22A0F42072FCEE33C10
:10CC70004DE2308B86250DA36450221DDEC1A472C7
:10CC80004AFA294B1AB365ACA561966649639415B7
:10CC90006AAC2D0F42072BCCD268B885591A0D9774
:10CCA00021C9B36C18C21C5E869392C54998644929
:10CCB0004969ACAC91D2588AA4482957016AB82F67
:10CCC0000F42072FCD91388F865B9465C39074CC4B
:10CCD000922889A46C897630A90C43946449A7688A
:10CCE000B8E578360C619C87499EA6006ABB340F74
:10CCF00042072F47D26850D228C9D268508643963F
:10CD0000A4D1B064529246CBA025ED58920D4312A7
:10CD10006549639634664963963426C321CB410046
:10CD20006AC3380F42072B1A0E51318E9261C8A286
:10CD300024AA0CCB3064511847C32159AA91A20CE4
:10CD400043524AD2A4940C431625691625C3904534
:10CD5000B5304AD22C1A0E016AE5350F42072FCDA5
:10CD600091388F865B544B066558C2A89649C969AD
:10CD700089A3245186244AA2A4A24495298CC224C2
:10CD80008C925298644B98245212EA11006AFB3636
:10CD90000F42072F1A92218B2A51160DC9904595E3
:10CDA00068588664C8A24A144943324493262589A8
:10CDB000944449B5940C872CCCD24C8A533D54D41E
:10CDC000484D006B04390F42072F1A92218B2A51CC
:10CDD000160DC990459568588664C8A2AC24258371
:10CDE000122D59A5A20C4A53D2225506258B926EBC
:10CDF00051322859144D5994748BB2486B0A330F31
:10CE000042072FCCD268B885591A0DC97090922864
:10CE10008B866488C424DEA230A90C83528BC2287E
:10CE20001A063129E5D93084599467C3A0D5016B1E
:10CE300020240F420733C7733CC7874398436116CA
:10CE4000B685698EE77092A3490E663994E6D51CC3
:10CE50008A74506B21290F42071FC9E31C497324B0
:10CE60001D76242D857112E5482D47D2744DE2348C
:10CE700089C32C0DB3344BC3284F73286B23290F60
:10CE800042073BCBA1295EE37898E2304AC36CD8D5
:10CE9000D2282DA5A5B4142661142661944559A75E
:10CEA0002C0A93B8006B322B0F42072F09F3288B03
:10CEB000C3288D2AC3D896446156AC6695414CB3BD
:10CEC00030CD2A615609B3A83848594B98237100D0
:10CED0006B3A2D0F42072B2B67C5E11267D13065E6
:10CEE00051180D4A9815D32C4C0731CDC234AB44A0
:10CEF000C3A518655198455914266112176B3D3129
:10CF00000F42072FCD91344FC23CCA06294CC22490
:10CF100019A22CCDA23C0E8721CBD3248B922C09B5
:10CF200013310993304B87248B862C8DC23C6B3E8A
:10CF30002D0F420733CD91341C062947C2616C196D
:10CF4000963047C361CCF16C18B43C4DB228C992FD
:10CF50002CAA44B528C92A59588B036B47310F4274
:10CF6000071F4B872D0DB3749886258CC26458C259
:10CF70002C47C261C89AB230AA85495392A55192F2
:10CF80000D4A94E45092A54994C5511A6B49310F4A
:10CF900042072BAB2761385CF2241BB6240B93614C
:10CFA000102BB56C38C5492D1C862C4EC22454B4A8
:10CFB000244B9A92A8126961921593280D6B4C34F8
:10CFC0000F42071F0B8741CAB1EA9044C312255193
:10CFD000980C493147B361D072280C87242C25590D
:10CFE0009245499664439225391265691265719498
:10CFF000066B4E2F0F42072B2B67C56190E22C1A50
:10D00000A6410A6B61340C5918D5C261C8F2381CAC
:10D01000862889D3241A06254A93AC4B18A571009B
:10D020006B502F0F42071F0B874B9843613428C367
:10D03000106549286562120D5A1DAB9CB2A4539627
:10D04000F429E9537229E548960C872C87D2006BA6
:10D05000612D0F42072B2B67C5E11267D1B05CC26F
:10D06000A4458C962D8EC274D84229CD92614AC2B5
:10D07000284CC2614AC228AB0D4B562D6B621FEF84
:10D08000C1073FC7733CC773AC8ED5B16C58B31C96
:10D09000AB6375AC8ED5B13A561F3E6B631FCFC1E3
:10D0A000076778C8911CCFF11CCFB13A960D6B96EB
:10D0B0006375AC8ED5B13A561F3E6B642AEFC1073B
:10D0C00037CBB13A568FB2A62C0AA3A51A65729433
:10D0D000E5519647591E65799485513224E1A08621
:10D0E000498E0C026B65230F42073FC7732C1BD67A
:10D0F0002CC7EA587DF89EE339564CB36A18A5B19F
:10D100000EEAD80EED28006B66290F42071FCAF100
:10D11000241D962807A31C4C87EF508ED5B17AB4F6
:10D12000E4511847611655A3D29025C38E28391AA9
:10D130006B672B0F420733CD913447D21C49864B86
:10D140009496B6344A4BD13044B530AA3585511641
:10D150004D4998A8E19CE49896CB026B6A22CFC116
:10D16000076778C8911CD6D124D1A5CC98E6B4E144
:10D17000214772AC8E65C39AE5587DF8006B722C1E
:10D180000F42071FC9B16C58B31CAB0F0F3A96E49E
:10D1900068940D0F511E278312654D59521493A6A2
:10D1A00030C9A2A44DCA262D0D6B78300F42072F2F
:10D1B00047076518A22C8F06699872301A94618807
:10D1C000B21C1B1EB4286B4E93C3102559D4924534
:10D1D0002D4BA4246394E468086B7921EF4107E3A5
:10D1E000E71CCFE11C1F06394FF3344AC35A0E2601
:10D1F000399CC3399CA33AB683006B7B28EE410768
:10D20000E38316E6489823616D48B29628CC926273
:10D2100012256226E558944359580BB3B0140F4AAF
:10D220008E026B832C0F42071FCBF17018E370182E
:10D23000B230AA0D49D496446D49549292A8122551
:10D24000C3214C73244CE234496BD54A9A076B8650
:10D250002B0F42071F0B8731CEE37A1C8543144600
:10D2600059320C4A16A5899443956858B330CDC2FB
:10D270006E6918C5C3928709006B89310E42071F7A
:10D28000498721C9D3610AD3284CA3E190D4922CB9
:10D29000A92559A244C9A064529684519664D9A084
:10D2A000642D518E253994E860026B8A2D0F420758
:10D2B0001FCBC1281C96280E87210BA378D0D22C17
:10D2C0004CB3E19048D916255152CE9272D498456C
:10D2D000B52E3912E650086B962F0F42071F0B87A9
:10D2E00031CE86531EE7F1900C439425699425C3F3
:10D2F0001049499A4449320C6994968621CCD22C23
:10D300004CA36C38E8046B982D0E42071F8972AC51
:10D31000324CC91065435C0987304AB248699B1298
:10D32000532F513284C990236114A649984749ACC0
:10D3300024AA286BB2340F42073F8972288994418E
:10D34000E92987C26838445312655162C9A24A94D8
:10D35000244A6249242989D4C4314BA2344B9452C3
:10D3600036297524DA91306BB52A0F420757C70E5C
:10D37000629A856916A6593844A114E6508E0FC9E1
:10D3800030646998A55998684936C42D692DCC54E4
:10D39000016BB72C0F420757C7C6218CA370908A28
:10D3A00059541C9450CA726C50862DCEB241CABAE0
:10D3B0008459250B9B922C89C2AC8EA8016BBA2E86
:10D3C0000F420737C76A439884515A0A9330CA4AB2
:10D3D000E15407C3611986280BD32C4AD4244B8A05
:10D3E00049D41847599225695654036BBC300F42F3
:10D3F0000733C7C3211B86248AC3281CA43A162AD4
:10D40000C39023E93024C9206539561BC2248CC23D
:10D41000248C922C8DB424EB12AB016BBF2FEF4107
:10D42000076B5886B0128595281C96284C4329A96D
:10D43000634965D88625AB94B24A2D0987290973BB
:10D44000248C922C896A495654036BC02D0F4207D5
:10D450002B47A5439446AD5169995A9370CD91617C
:10D46000488631CDC2344B86214BD23849F378C837
:10D47000926848B32855036BC5300F42072FA78425
:10D4800043360C4914665135C9A268386A399C4440
:10D49000C3904853162659939644962849935A1A8E
:10D4A0008549A4D4AA911A6BC62EEF4107E365CA39
:10D4B000A1248A0629896A5112D5926C1AF41C1982
:10D4C00094E412257D4AFA29E95372CA72288986A2
:10D4D00043964369006BCB22EF41076F3867E5AC99
:10D4E0009C95B3DAF029CCD22C4CB330CDC27478F1
:10D4F0004EF3B898C455006BCD23EF41076F38E762
:10D500007114C65939AB0D9F7224CDC234CCD230C0
:10D510004B877734C77330C9E1146BCF260F4207AE
:10D520002FC7878396E3399C0CB7288FA330CE6A28
:10D53000C3A71C49B3300DB37478477330C9E114E5
:10D540006BD2250F42073F8786830EE5D870C772DE
:10D550006478C8A9C3390AE3AC367CCAC234CCD2D9
:10D56000E11DCD51116BD421EDC907BB1AA7711A6A
:10D57000266916A5513628C5542DA7711AA7A9A446
:10D58000A44396CAC3006BD62C0F42072BCD91340F
:10D590000BD3441D143DCD9134CC2225CCC641473C
:10D5A000724A1446591235865AA486632C67D330C2
:10D5B00064006BD729EEC5071FCBA12C1B94ACD2FE
:10D5C00016296D91D2967459A441C92A6D95B64A0F
:10D5D0005BA52D1A96262D91CAE1006BDB1E0E422B
:10D5E000071FCCA1611A763887737818071DCEE122
:10D5F0001C1EBEC339DCF761086BEB260F42073FE8
:10D600004786879C3A9CF378B85387072547E541BE
:10D61000C9061D1FD641C7872149863D1F06016BDC
:10D62000EF2C0F42072FCD97284BB6282B6551982A
:10D6300026F19465931AC659395FA2D21615A32C08
:10D64000492B591466512D4DB2E1016C08300F423F
:10D65000072F47A2610877681C862C4CB33059B25B
:10D6600021E9320E4396E3E9200E5116AD83982549
:10D670005998258398E5E070D011006C0F220D4A6F
:10D68000071FCAA1411A86388DD3388D8707354EBA
:10D69000E36A9CE6998E444A9EECD00E066C1121FA
:10D6A000EC4907E341C9A12487921C4A868392B6BC
:10D6B0000E0F69398CC3288C9438D9911D0B6C13CB
:10D6C0002C0F42072BA744C32046711E2783124705
:10D6D000E13048619686591A0E97304BC32C0D8B5A
:10D6E000431246719225B12AE7016C16280F4207B2
:10D6F0002FC7737878CBE16818B49C341C723C1D3A
:10D70000B6382B47619C0C4A1A47491447493109DE
:10D71000E7026C1B280F42072BC787A71C8E863B8E
:10D720007538E8781C85699885719425C352CE4A6E
:10D730005931C98A49544995300F6C1F2E0F420741
:10D740002BC787A71C8E863B7538C851180E8314CB
:10D750004749140E83142651180E97288B5AB24845
:10D760008992284B4225CC036C23270F42072FC7F1
:10D77000737878CBE16818B49C341C72242D35275B
:10D78000B570B8E4639C1493A82DA9D5D41C096C7A
:10D7900026270F42072BC787A71C8E863B7538E8C4
:10D7A000481A0E973CAE55073147A236294C122D28
:10D7B0004D422595C4346C27270F42072BC787A7F6
:10D7C0001C8E863B7538C8593D09C3E19223693ADE
:10D7D0000C518EA4D1F0528D93345773246C2828A9
:10D7E0000F42072BC787A71C8E863B7538E8481A5F
:10D7F0000E97304FF2381B0E499C9522294D423925
:10D80000C91455510B6C2B260F42072BC787A71C39
:10D810008E863B7538E878385CD2A831AAA551E3EA
:10D820007089D23849E36478D2F1006C2E280F4217
:10D83000072BC787A71C8E863B7538E8485A6A4F66
:10D84000B4388C4239C99134EA968489986461A8C5
:10D85000C861006C2F290F42072BC787A71C8E8633
:10D860003B7538E878380C520E46E9304439186573
:10D87000C353B7244B8A49D4A8445A186C302A0F92
:10D8800042072BC787A71C8E863B7538E8481A0EBF
:10D89000971C49D361887224CD86A76A9644C390A9
:10D8A00025511A4AA11A6C34290F42073FC7733C0D
:10D8B000C7C31C0AB3419172245172244A72A892C0
:10D8C00023599467D5B096A6738E26399C23006C95
:10D8D00038280F42073BA7E4941C1A743CCD9130C2
:10D8E0001B142947122587923A54C9A1F6AC1A96FF
:10D8F000D4544D723847006C4023EF41072BA744A6
:10D90000C32D0E7328CD91344A7324CDE33C0EF71A
:10D91000388FF3388FD3248753006C41230F42078D
:10D920001FCAE31C497324AD23711E67C3214B73C7
:10D9300024CDE374CEE33CCEE33CCEF1146C42261E
:10D940000E46073BCAB13A940F0F798E846DE548B5
:10D95000C921258792288FB2340B2331957330C9A2
:10D96000D11C016C50270E42071FC9D31C09732418
:10D970001C86384DD24A9884599245619C6439126C
:10D98000ED4898A771350F7350076C5522EEC1070B
:10D990001F8AEB699E86B54AD69275C95AB2522D36
:10D9A0001BA2AC542BD54AD170CAB1006C5724EFDE
:10D9B00041072BA744C320A67524CEE328CCA13071
:10D9C0004792E190A5E99CC7799CC7799CE329001F
:10D9D0006C5924EF41072B1C8630CEE33087D21CD4
:10D9E00049A3344792E116E771B8C7799CC7799C7F
:10D9F00026399C026C5B27EF41072B1A86382B6770
:10DA0000CD599866619AC5C9A0C45935CCB2314B7D
:10DA1000C32C2A56A2B01285A91E076C5D290F429D
:10DA2000071FC9913487C21C0AE36C38286998A57E
:10DA3000611AA5A5308DC46C54E27A9AC4619666C9
:10DA400069AC27006C5E22EF41076B38E8508EE727
:10DA5000783E7C67C9F1341A142D4FDAA37A560D3B
:10DA60004B5A92CA39026C5F22CFC1072BA724C33D
:10DA700031AD23711E47610E853992E6489ACE7901
:10DA80009CC779321CA41C056C602DEFC1071FCA0E
:10DA9000E31C89EA485491D248C9C244CA924889D1
:10DAA000D221AA468D5954DAA244CCA230CAF22817
:10DAB000CBA37018046C6A21CFC1072B1A8E698E14
:10DAC000A47524CEE33C47A26110D33C4EE73CCE84
:10DAD000E33CCE93E1206C702A0F42071FCAE31C7F
:10DAE0004973242D0E87248FA33087B2240F933CD3
:10DAF0004CC2314BC32CCD922CCCA26294557328CE
:10DB00006C722CEF41072B1A06350BD3AC390BD3B3
:10DB1000288D4A431AA56196865192455B92855994
:10DB200094A4511847599226591D51056C7A290F12
:10DB300042071FC9913487C21C4A8641CAB3725634
:10DB4000CACA5935190E59188F491E2679568ED2D0
:10DB50004A9EE690006C7D2B0F42073F87C21CCB8C
:10DB600086218C7224CCB174D8A21CCFE16818D263
:10DB70001C897628CCA130879228879228C7743CCC
:10DB80006C7E250F42071F4CC32CCECA511AA5B577
:10DB90007A94E850160D439A859DC6BEA561968677
:10DBA0005196E469086C8123CFC1072BCDA134477E
:10DBB000E2308ED23A92E658520D937254898728F9
:10DBC00089A3240AFBEB20016C822A0F42071F0D58
:10DBD000F3218C861C897224CDA13087C2E1168581
:10DBE0007114A659986D619A856916A6515A4AF31F
:10DBF00038036C83290F42071F4CE3214D061D4952
:10DC0000EB489CC7798E24C3214BF33409D7240EEB
:10DC1000B334CCD22C0DA33CCDA1006C88290F428B
:10DC2000071FCAE31C497324190E62562A46599EDF
:10DC300023619287499C26E118C56114674D5953A9
:10DC40007508730C6C8925EF41072BA744C32DCAB7
:10DC5000C53CCAF17490B372560DB36CCCD2308B04
:10DC60006A61540BA3E631C7006C8F2EEE41072B7F
:10DC7000CBB12819B6288BD42C4AC22C4A4A4B94D3
:10DC80000D59944559542B0D5952AA496D5116C539
:10DC9000599446491E26006C92290F42071FC991CC
:10DCA0003487C261CCD2244EA3304BB228CE9361CC
:10DCB00010B334AC456B16C6499AC79534D4725923
:10DCC0006C96200E42071F8AEB699E86E170C95A46
:10DCD000B22E594B56AA6543349C6AA5B8773804CE
:10DCE0006C992A0F42071FCAE31C4973244BA27286
:10DCF00092456114266114664916A5A5308EA21DB1
:10DD0000497324CDE37AA8833A026C9B280F42071B
:10DD10001F8AF3729E0C071D4A7324CE8653522B22
:10DD20002659535699B2A62CA9455914C6799CE395
:10DD300029006CAB2A0F42071FCAE31C4973241940
:10DD40000E3A12E77114E650320C629A23E131A9BF
:10DD5000665131CA322909F338C753006CAE28CF57
:10DD6000C1072B1B86344A4B6994D6C261C8A224D2
:10DD70008D93B494968621DAD2304BC32C0DB334F4
:10DD80004C8683006CB32AEF41072BA724C321CB19
:10DD9000912807B37088B230AA46AD51631695B684
:10DDA000210AB3A89843610E857992C319006CB813
:10DDB0002D0E42073F4AC328CEA2381906258E925F
:10DDC000288D92281B063129C549298D86C7A8317F
:10DDD0006ACB9428AB645198A719006CB9230E4202
:10DDE000071F8AEB699E86E170C95AB22E594B56BD
:10DDF0008A86A7AC542BD54AB552345CF3006CBB71
:10DE0000260E42071F8AEB618E64A5B4940D971C01
:10DE1000CC72381A86AC9A6C6956CDAA5935CB8625
:10DE2000214F13006CBC27EE41072B1A6E612D0C9D
:10DE3000F530492B699664511A2639960D072D8EB7
:10DE4000B238CAE2288BA36C18E4026CBD2C0F42D6
:10DE5000071FCAE31C4973242D0E87248FA3308724
:10DE6000C21C8986218DD2684BC32C0DB334CCD211
:10DE7000301B861C4923006CBE2A0F42071FCAE3D1
:10DE80001C4973241D861C89F3380A7328CC9168B9
:10DE900018C4284EB6382B67E5AC9C65C3A0C709EB
:10DEA000006CBF27EF41072B1CE4AC9C3567619ADF
:10DEB00085D52DC9D11CCE8621DAD2304BC32C0D8D
:10DEC000B334CC862147D2086CC129EF41072B1A05
:10DED000063589D3248EC2382B67D930A859946768
:10DEE000511C46E118C559396B2A6651120F590E5B
:10DEF000026CC426EFC1071F2A6651356A8DBA46E7
:10DF0000B568382861548D5AA3C62C2A6DD1106685
:10DF10003956C7EA58361C6CC527EE41072B1A6ED6
:10DF2000499E2559266695AC25EB92B564A5966861
:10DF3000885AA24A9644911CD5A368B8E6016CC9D8
:10DF4000260F42073F87737038E7711E0FE73CCEFC
:10DF5000E3E18EA5D1A068719494B3280E33494BA8
:10DF6000523947006CCA290E42071F8AEB618E4462
:10DF7000C3354EC2388992384CE22C1A062D8A8756
:10DF80002C8EB238CAE2288BA36C18E4026CCC2C1D
:10DF9000EF41072BCDA13447E2248AA3244BC32CA5
:10DFA000CDE2A4968449298B2A51364449314A222C
:10DFB0002DEC2696A241CE31006CD5280F42071FCA
:10DFC000CAE31C4973242D0EA73CCE7324CD91E1E6
:10DFD000294ED71C0973280BD3280E93E110E709AB
:10DFE000006CDB24EEC1071F2C0F6132E4488EE584
:10DFF000719E66C320E6699CC6E19A873992E55016
:10E0000025476AC3006CE12DEFC1073F87C21CCBD7
:10E0100086218CE2248DA36C985AB2288CB2288C6D
:10E02000B228CB0629D9C224AB86591E6579140EB5
:10E0300083006CE22C0F42071F8BF3721E0D873496
:10E04000AB8459D492E548320C629484A5248BB6F3
:10E05000A89845499A95A32C49A35A1CA5026CE39C
:10E0600026EFC1071FC9913847D21CC9C17038E5D6
:10E07000788EA5515A4AC35A36666998A56114E745
:10E0800071321C046CE52CEF41072B1B06318AC34F
:10E09000284ED2380A8741AAE46812E548540BA3F7
:10E0A000A62D5AB3288FB230AA8551920E5A0E026D
:10E0B0006CE825EFC1071FC9913847723C192E390A
:10E0C00012E7719E23698E44C3A0C5E99CC7799C61
:10E0D000C779321C046CF0290F42073FC77364787C
:10E0E000C8911C1A0E3A9223C3D72C879AB54C922A
:10E0F000122952931D912251AC27399C23006CF3B5
:10E100002F0F42071FC9913847E23C1AD21CC9A2FF
:10E110003C8BA22189D22C2967891C26E21625690D
:10E120009445611266991A466192C331006CF526D6
:10E13000EF4107E3D71CCEE1E19AC49914E7C3A0ED
:10E1400063399E4683A2C55152CEA238CC242D49B4
:10E15000E51C016D0B230F42073B0D5BB3720E866E
:10E16000C3298FF31C898621ADC7E9341CA2388FDF
:10E17000F3388F733C056D172B0F42071FCAB32866
:10E1800047A23A120D8312667114C6798E24C321F8
:10E190002BC561148E511C4671D69435558730C7F6
:10E1A000006D1B2E0F42071FC9913487B2618DD2BB
:10E1B000284CB2304ED23C47C2248F3431D1076D47
:10E1C00018C22C0DB334CCD2301B861C4923006DF1
:10E1D0001E2DEE41072B1A6E499E25B9980C4A2D2B
:10E1E0004FB23C4B9241C9925A1255B26488922C5C
:10E1F000892A8312D5A37A544DD238016D252A0F6E
:10E2000042071FCAE31C8986212D1587439247596F
:10E21000940C431CE6489A23D13044731EE7D17016
:10E220008BF338C753006D2A260F42073F4BC32C90
:10E23000CECA59E3704AB330CDE2AC9C5593E1416C
:10E24000C7C32C0DDBD230CAD31C49006D312AEF75
:10E2500041072B1A8E515A4AA37418B230CDC2B45A
:10E26000340C699486591A6DE9940D4398AC610E8B
:10E27000853994E311006D32270E42073F8DC2A805
:10E2800056AA952239AAA451254B2C5952B1491DA1
:10E29000A36808A3C6A8316A2BD5E2340F6D362EC9
:10E2A0000E42073B87B21C8B722C1A8E7992E5497D
:10E2B00094645156C92A5125AAB40C91A644D52478
:10E2C0008A862189722CCA931C8D006D3B2C0F42CB
:10E2D000071F4CE3218D861C49EB489C0D8724CFFA
:10E2E000913447D23C1B86684BC32C0DB334CCD23F
:10E2F000301B861C4923006D3D290F42071FCAE3CE
:10E300001C09933C6BADD5957018D21CCFE16C18ED
:10E31000A22D0DB334CCD2304BC36C1872248D00B7
:10E320006D3E300F42071F0DF3214C061DA94361BE
:10E330003A65C99066499427A5AC52AA45499444C8
:10E340005392A55192A5511256A224AB446A560786
:10E350006D412B0F42071FC991384792E19085719B
:10E360002DAC66D970CCA13087B3A8B445C52C2A92
:10E370006651318B2A512D4AC29A006D592D0F4298
:10E38000073BCDC2702BC9599443C35A8AC36858FE
:10E390004A8994464A142653698B8A5954CCA262FE
:10E3A000161593B63C0923006D5A280E42071FC963
:10E3B000D31CC9AA519A84C3250793344BA3240BB9
:10E3C00093288CC241DAB430AAA4713549332D3672
:10E3D0006D66280F42071FAAE559653848718EA758
:10E3E000E170CA9A925A31196E515699B2A6E11645
:10E3F000654D595396944B006D692D0F42071FCA06
:10E40000B32847A23A120D8312667114C6798E247E
:10E41000C321CBE11CDD8621CCD2304BC32C0DB304
:10E4200061C89134026D6A2C0F42071FC9913847A9
:10E43000A26148A3344A6BE130645192C6495A1A2A
:10E440008634AA6E51D625CCC2344BB23053E51C6B
:10E45000016D6E290F42071F0DF3218C861CC9A187
:10E46000248DB2288D922CCAF16418D23C2E4EC352
:10E4700021CAE33CCEE334C9E1146D742A0F42078C
:10E480003F4BC36A14874956C991B892D6E228AD6A
:10E49000E452360CD19686591A666998A561360CF5
:10E4A000399246006D772E0F42073F87C21CCB86FC
:10E4B000218C72244C862D0DB3A812C551254D8692
:10E4C00043568CB6A89855C26C18B41C0AE324872E
:10E4D00043006D7827EF41072B1B863447D26C9899
:10E4E00072300B8721CB49C9704CF22C1BB6314BD3
:10E4F000C32CADC4F550D111756D8524CFC1072B48
:10E500001A8E491E2679120EA72C8FB23C4C8663B8
:10E510009AC7E934DCE23CCEE33C190E026D882C4C
:10E520000D42071F4AB3A85689B24A3B1286C390D0
:10E5300044491A2669160D4316A5439646D9304418
:10E54000591A65699455E230016D89250F42071FFC
:10E550008BF35A9467D190C4515A4AB3E190E5784D
:10E560005C8C2A63546B09A3B41EA73AB6036D8E64
:10E570002B0F42071F0D73644CCE5973169692B041
:10E58000948CC952CE926A94B44D496B160D5A1DA3
:10E590008B921C4AB261C872106D952B0E42073BDC
:10E5A0006C4BB3284E8641C991A81ED586414CB20A
:10E5B0003CC9E26878D5A230C9A22C4A4AB5284B9A
:10E5C000C21C0E016DAA290F42071FC9913847A22C
:10E5D00061107330ADA561966671321CB21CCED14C
:10E5E0006D18B47256CECA59360C7A9C006DAF2D98
:10E5F000EF41072B1A0E5912E649D8320C5116A6D4
:10E60000599827C3214B72300AC3298CA36418B2CE
:10E61000288C93344E92E19683006DB2300F4207FE
:10E620001FC991384792E19095C2384AC36C88C29D
:10E63000280B13490AA3244AB24C89A22D2A6699B1
:10E640009A95B32849B324CB11556DB528EE4107EF
:10E650002B1B86304FE32CCC2A59D25B346549D62C
:10E66000124D2D2D43244552A5163546F5281AEE98
:10E6700070006DB82CEE41072B1A6E49D69265E2F8
:10E6800070C95AB22EC9A064492D892A5932444909
:10E6900096449541892A5912D5A368B8E6016DBC04
:10E6A0002B0F42071FC991384792E190E5604E0950
:10E6B00087218B92344ED2D230A4D52D4AD22C2A27
:10E6C00046594B9815931C8E016DC4260E42073F88
:10E6D0006A8C6A516312B546AD51258D6A399C0C1E
:10E6E000A75A364459291A4EB552AD140DD73C6D70
:10E6F000C62D0F42073B4CC3280F7524B2655256F6
:10E70000CEA3E1A0D5B16818C2488D966418C22C7A
:10E710000DB36108B334CC2A391266006DCB2B0FD0
:10E7200042073F4BC32CCECA59E3900C519A8569DE
:10E730001647D21A2D63947499926E4924356669EE
:10E7400098A561966335006DCC300E42071F8AB3E1
:10E75000A89825519825A51C49B3E192E5599267DF
:10E7600049322851254B8628C992A89225516550D7
:10E77000A27A544DD238016DD1310F42073F87C282
:10E780001CCB9631AB94B3244AB324CA06A5982770
:10E790006156C9C22C49A6440BA3A4142651128564
:10E7A000B5248B922CC9B3026DD2290F42071FCA20
:10E7B000E31C4986635A1D862C8FB26C38646994B9
:10E7C00046C310A6F1341CA2B06D4A633994743963
:10E7D000016DD6290F42071FCAE31C49872DAD0ED4
:10E7E0008314C6516518D4240EA36110A35A32E7CE
:10E7F000D17088E23CCEE31C4F016DD82E0E42074B
:10E800003F47C21CCA86218B62314993748892307B
:10E8100009B3B0960C4312A5E19025A55A52AA0D52
:10E82000521D8BF2244723006DDA2C0F42071FCABA
:10E830009B86418CE2248DA37018A44A8E2659929F
:10E8400046591446C35B398B92348B9234AA855156
:10E850009256F2006DE1280F42071FCAB3280BA39E
:10E860005A9864513D496B61A6B685699E45A52DB0
:10E870002A46599256E2304BB334D6056DE42C0F3C
:10E8800042073BAC66698EA4C9A0D4C3240AB35224
:10E8900096232D431427511646B568AA2351258E79
:10E8A0005A93AC98B4A5590E6DE82E0F42071F1B62
:10E8B000B268D091A816665112E5947018B2288CEF
:10E8C000E2304A93E190A551344761360C611C85D2
:10E8D000711E26391C036DE9280F42071FCAE31C6D
:10E8E0004986635A47E2683828615A89C2504BA367
:10E8F0007098B6348C922CADC4F550D1D7016DEA26
:10E900002E0F42071FCAE31C09933C6BAD45CAA0FA
:10E91000283929198E4994445954899269B84595E2
:10E92000288B2A511655A22C4A93B8046DEB26EF7A
:10E93000C1071F0DF3214C061D092B61560AA35A6E
:10E94000588E873019F4389DF3643848711EE7D12A
:10E9500070016DEC260F42071FC991384792E1986C
:10E96000837116A65958694DB2620E57A7E110C5BA
:10E97000799CC7799CE329006DEE2B0F42073FC9B4
:10E98000C328CFA23C1A0E6996665A1A25C32046A0
:10E99000591E6571360CCA56CECA59391B4E598E4E
:10E9A000E708006DF128EF41072B1A8E491E26510A
:10E9B0001225711656B33C47D21C49865B9C9EC3F8
:10E9C000A49A45C544CBA438C753006DF3250E4225
:10E9D000071FC9E33C196E39960E4314A6516518FA
:10E9E000D21C8D8621CCA33D8D8653DC31C9D11438
:10E9F0006DF5300E42071FA94695284BA224CA92F6
:10EA00002889C42119922C4FB23C4B865B9247F562
:10EA1000211A92216A89BA445DA24A9644590E0588
:10EA20006DF72CEF41072B1A8E491E2679120EA77F
:10EA30002C8FB23C4C86630E4761388559140D49C2
:10EA4000A245A11A85595451B2541C026DF92A0FDE
:10EA500042071FCAD31C4A8643D635AAB529E130DE
:10EA6000A4516BD4980D43B445C52C2A66C310C677
:10EA70006114873936086DFA2C0E42071FA996D209
:10EA80003019B26490921CA9E5525293926C48B529
:10EA900030494BD19A0C513448599C84B1549492CA
:10EAA00070156DFB29EF41072B1B0631CD91B43852
:10EAB0001C9238496B719456B24C8AD3390AB348C8
:10EAC000CA4A49D49644C5248763006E052D0F4277
:10EAD000072BCE91344792E18EA5E93064791C0D65
:10EAE000073187A36148A3B4340CD19686D930840A
:10EAF000591A66951C0933006E192B0F42073F8780
:10EB0000C21C8B863949B36A6D38657998444914BB
:10EB100026B5248BB2CA9C27C3414A9338CCD22C49
:10EB20008D75016E1B300F42071F4CB21C89B23C21
:10EB30004E86839886591A66C9122769942569D426
:10EB4000B254A6A45B9494C2285994A89894923085
:10EB5000D3C2346E1D310F42071FCAD324CFCA510E
:10EB60001A85C9A028510E6683162659524CB2A4A4
:10EB7000160D4A65CA925A9425B568506A51D694C2
:10EB8000748EB2086E202A0F42072B1B0631CA91E1
:10EB90007418B22849E3242D0D43B4E558360C5AB5
:10EBA00098E3F9F035A943CD5A26A9A99E036E2111
:10EBB0002F0F42071FCA5B86439644591446596D6E
:10EBC00038245994A54934A8490E46C930245331F4
:10EBD0008B6A6194256992C649A6A8912A6E232959
:10EBE000EFC1071FCAE31C49866338C649B1546B9D
:10EBF000D3A26148A334CC8621DAD2301B86304BB5
:10EC0000C31C4F8683006E24330F42073BCCD2B027
:10EC1000320C490E85599A0D4A320C49945493A8E6
:10EC20001AB50C5994A45934969270AA24435609E3
:10EC3000B34A944495340A13006E262DEE41072BF7
:10EC40001B86304AC3284DD2212A468D5131196E78
:10EC5000491E55066588922C892A5912550625AAFF
:10EC600047D5248D13006E2C370F42071F8FA2410A
:10EC7000CC922CCC922C89C4418992AC1225592576
:10EC8000CA924189B2244BA2B6241AA24189EA60F1
:10EC9000942569944561548B92304712006E2D285B
:10ECA000EE41072B1A6E49D6321CC2AC920D979CCE
:10ECB000120D4318A559360CC99666D93064D5ACE7
:10ECC0009AB5E461046E2F2AEFC1073F4BC32C4E67
:10ECD0008663D69C85D17050D22C8ED2CA302459EE
:10ECE000528C862C4CB361CDE2AC9C85C390006EF7
:10ECF000342BEE41072B1B86304AC3681892B4149C
:10ED00000E43D48E25C3A02559536DC892522D8E23
:10ED1000B26189722CCA931C8D006E38300F420785
:10ED20003B4CC32CCECAC9900C6B9686511C2E430B
:10ED300018256129C9C22CC9A22D4906294BB23018
:10ED4000AA85512D4C22A59A67006E3A300F4207D2
:10ED50002787D21C4993216BCAC2A89644D19094AC
:10ED6000C228295522A965C8C2A8962452358A8688
:10ED7000308B6A618EA4798ECA006E3E29EF4107FE
:10ED80002B1A8E49564C8BC321C9E3281986388922
:10ED9000AAD130A451D3360C619C47C3218AF338E1
:10EDA000C753006E432D0F42073F47C265C89231DB
:10EDB000CDC21CCA86241BA4B04B940D6114A6C9F5
:10EDC00020655B344C599866619A856994E67106B2
:10EDD0006E4A2A0F42071FCAE31C4986635A1D86E2
:10EDE0002CCEB3E19895A3348C924119E43C1B8658
:10EDF00030CED3240EB31C5123006E4D2F0F42078B
:10EE00001FCAA3AC9864C524AB84C329C7A3E1A0DF
:10EE1000A53912E648345CA64A944595288B2A51B8
:10EE20001655A22CAA4471AC006E56330F42073F10
:10EE300087C26CC89AB2645022398B92341B9234C8
:10EE40008BB26450A22CC992A82D1986284BA2D24D
:10EE5000A0446D4954CFA23CA94359026E58320ECA
:10EE600042073B47C21CCAA241CAA22C1C924C8D2D
:10EE7000B2248C06A5B264155B9494B2418A06292B
:10EE80008BB2288BB2288BB2288B0639CA026E5BF4
:10EE900029EFC1073FEC9A0C87AC18C5C396865979
:10EEA000140D7314A6599826C343162569966461F8
:10EEB000A666752C1B06056E6728EE41072B1A0601
:10EEC00031AB8649160E97AC251B6E49D6329C6A2B
:10EED000D990E6D1704AC3284CA3AC12A711006E9A
:10EEE0006F2BEF41072B1B86344A4BC310A5B5701F
:10EEF00018B224C787B728C7B26150A6962C89DA02
:10EF00004A59A9988551922361066E8931EF4107CC
:10EF10002B1A92414BA22C4DA22C0A87A4564A6A66
:10EF2000A5A49A0CC9A0256929C9A4A92446895277
:10EF30008C944EB52889E24C4762006E9030EF41C8
:10EF4000072B1A0E5912E6499686C9304459924643
:10EF500059320C61520D936418B228892A5318470C
:10EF6000956212B525B59298E4700A6E9C2B0E42FC
:10EF7000071FC9A365D09230CA92522446499464AF
:10EF8000496F52B18E24C3A9960D51568A8653AD4E
:10EF9000542B45C3350F6E9D2D0F42073F4BC32C9D
:10EFA0004E8663D63A0C529A85D170D0D21C89868F
:10EFB000412B65C9360C5A29AB0C07298BB36292D9
:10EFC000A711006EA226EFC1073B0D5BB3720E8640
:10EFD000C329C7D32C8ED24A9E65C3106D49639650
:10EFE00034664963963426C3416EAA2A0F42071F2E
:10EFF0001BB268D091A816665112E5D52C0C073DBE
:10F00000CD914C0BB36150E6AC9C47C32D4DE23023
:10F01000CB11756EAB2FEFC10727A764C3106651E4
:10F020003989DA926E49246649340C61968639AA88
:10F030000DA72C4AA25A9444B528896A5112958684
:10F0400083006EAF300F4207378BC32819A22C897B
:10F05000DA91281D9448CE86244B9A923E6549A7A2
:10F06000D2A00C4398948A59540BA35A533129D6F1
:10F0700012006EB6270F42071FCA9B865B948B5106
:10F08000254AC32C4A2229CDA2380BD3284EA66488
:10F0900058A2B07F1C76288C006EBA2EEE41072B4A
:10F0A0001A92210B6B61280EC99064612D8C9321FB
:10F0B00019B2B0D4120D59122551964449D41255A3
:10F0C000C3A812257918016EC1380F42072787D2CD
:10F0D00064C8D224AA44599225599444591449C960
:10F0E0001226619A44599A44C3A044B54C522A5AF4
:10F0F000944449A91655A25A94446192A721006EDE
:10F10000C42F0F42071FCAE31C09933C93B234AAD1
:10F1100065C3218992B4340C699486D930445B8EDE
:10F1200065C3104649584AC24A34EC5018016EC5AE
:10F13000310F42071F4CB21C89B23C4E8683988621
:10F14000591A66C3106549D49644BD589249516A0C
:10F15000512D8C9252122551B444492DD2D2306E89
:10F16000C72B0F42071FCAE31C4986635A1D862C12
:10F170004CB37018D2282D0D4398A5D1360C61964A
:10F1800086C97090C22CCDD2BC026ECB2C0F420728
:10F190003FAC666918C5C97090C32C0DB3B01C256F
:10F1A000511226511265D1635B9866611A55A22CE3
:10F1B0001A922187C2046ECC330F4207270BE32833
:10F1C0008CA36C50B2308B2ADDA2248C952C099331
:10F1D0008A924849B19424C329094B4994946A51AD
:10F1E00025AA45491426791A026ED12EEF41072B24
:10F1F0001B86344A4B43548D6AD17050A21CCAA25C
:10F200006148A334CC8621DAD2301B86304BC32C24
:10F210000DB34A8E8419006ED3240E42071FC9E332
:10F220003C196E4914EA481A0E4394666998C4C999
:10F23000708AC3B9360C59DC3B1C026ED4290F42CC
:10F24000071F1B9468D8D3308BB27AD41A5673A494
:10F25000228E499E4579326D5B9467519E457916A1
:10F260000DE73C016EEC300F42071FCA9B86418CB4
:10F27000E2241D0629CCA14A32C8492D8D92418D28
:10F2800072641B062D936A51320C5994C45112C5F5
:10F2900039320C016EEF2C0F42073B69CC92D664D9
:10F2A000384649539AF4164D4A94C3C9704CB2E695
:10F2B000741B86308B8A5954CCA26216253A980268
:10F2C0006EF22F0F42071FC991308BA36148A33004
:10F2D0000BA3242A0DCAA0E461162679A489899675
:10F2E0000DA29446A62CD4C24853C31DDA11006E59
:10F2F000F42C0E42071FC9E33C196E4D791266C308
:10F3000025EB920C4A9664A5CAA00C519225512572
:10F310004BA2CAA044F5A89AA471026EFE2A0F421D
:10F32000071FC991384792E198B5D62A8312A5598B
:10F330009C95B341AD456352CDA4384AB23489920D
:10F34000280CED39006EFF280E42073F0B6B693227
:10F35000DC9AE2AC3A687965B8255929320D51D268
:10F36000295216A956AA956A49358B12006F012AAF
:10F370000F42073F87C21C8B86390AB3B01A0D872C
:10F3800028A91593AC980CB728AB4C59D370CBF186
:10F3900028896A51C72C2A6F022CEF4107271A0EC1
:10F3A000529AC4D1708E922809A324AA0DA724C70B
:10F3B00093E196A3CB7090E23C8B8A51D6122561E3
:10F3C0008EC4006F062A0F42071FCAE31C498663DA
:10F3D00038C649A2655216C5499E95A3C644CB06B8
:10F3E0002D2A56AA59548CB2C6248763006F0F2B5E
:10F3F000EF4107271B0E511D89EA483A1CC41CCB5C
:10F400008643D29827C3218AB46C88944E49AD9420
:10F41000F449CA4A59A55C016F132E0F42071FC950
:10F4200091384792E190E5609AB485512D4C5AA3EA
:10F430006148EBD170998A599444B52819942C4AA3
:10F44000932CCAE358016F14280E42071FC9E33CEE
:10F45000196E49AEE3E13044796918C2A82D1B86C4
:10F46000648B6AD93064391C666196C679006F1A5C
:10F4700029CFC1072B1A8E498E26D1208551D694CB
:10F48000350D6A92A349728B922E53D22D4ABA45FA
:10F49000C92DCAC16838046F20290F42073F4BC3EA
:10F4A0002C4E8663D64E0987218B92344E86218D51
:10F4B000D2D23044731E0DB73489C32CCDD2581725
:10F4C0006F222A0F42073F4BC32C4E8643D679103A
:10F4D000F3384A86214EA26A340C69751A6E719E01
:10F4E0000C07294DE230CB1155016F232EEFC107D8
:10F4F0001F4BA3348E9261908A39380C491C3529F0
:10F50000C310254DC52419862C0AC3291906A9182C
:10F5100047619CD4626D18046F2B2B0F42077B1838
:10F52000C22C2D0D431AA5513A0C598E67C331894F
:10F5300092284CA224CAA2E1B2E3D93084B5349D0A
:10F5400033B32E6F2C2E0F42071FCAA3E198E64853
:10F55000340C518EC4D97048A21C4F86218DD2D252
:10F5600030445B1A66C3106669980D4358CBA134CA
:10F57000026F312F0F42073FEC9A0C529A85519C33
:10F580000D493628519225891426ED48324861D319
:10F59000B68551520A9328690BB3240BA33A520C37
:10F5A0006F3230EF4107271AA2410AA3388C861C1C
:10F5B00089C26C8886A85ACA86211393341992D2BC
:10F5C00010266D6112859528AC6495929666290087
:10F5D0006F332A0F42071FCAA3E19895C324CC8634
:10F5E0008392E3E130A4515A1A86304BA36D18C2BE
:10F5F000384F868314E7718EA7006F38320F4207A9
:10F600003B87C23CCAB2214B0625C78AD9A0A45168
:10F610005219946850A25069CA92418992AD9425BA
:10F620008312654D59296BCAF2244C006F3E270F97
:10F6300042073B0D6B71321CD3EA3064799C0DC7D5
:10F640003447E2E23A67A545092BD52C2A264A4DD4
:10F650004762006F3F2E0F420737CBA36CD0A24A00
:10F660007148DA9130C9066518A4B64EC524D3A1F5
:10F67000341A142D8E927216C5612669492AE7083C
:10F68000006F51300F42071F8BB26CA986512DA914
:10F6900025D55AA447D9902C599854934193EAD030
:10F6A0002119B234CCD2A49846699444498E445965
:10F6B000026F542E0E42073F47A22119B2962C9A90
:10F6C00012394B6A431225691269618E64C56CD088
:10F6D000E6288B86539C4559548B925A8EA4006F12
:10F6E000582E0F42071F1AC268D091A8354B6AE105
:10F6F000704A9362A99AE45A340C611695B6A89898
:10F700000D439845C52C2A66C3902369046F5B306E
:10F71000EF41072B1A9221CCC234292551382443BA
:10F72000146A5A5251DAA424D372381B86684BC328
:10F730002C0DB36108B334CCD21C1986086F5E3629
:10F740000F42071F4CA3218A932819C2244AA224DE
:10F750008CB4281B925A9AC55994A459924995750C
:10F760004AA2218B92A81625512D4A94284BB621E6
:10F7700007A3046F6430EE41072B1A92214BA22499
:10F78000CA922119C42889926C488624CBB32419C3
:10F79000942CC94AA54394956AA5CAA044F5A89A91
:10F7A000A471026F662D0F42071FCAE31C498663CE
:10F7B00025AC644914A659361C9534C9A26108B316
:10F7C00034DA86218CF32C2A46594B94643914037D
:10F7D0006F6D2AEE41072B1A6E611227C3218C929E
:10F7E00028C9864B4E8986218CD22C1B86644BB34C
:10F7F0006C18B2B8349CE21C0E016F6E350F4207D4
:10F800003F47D26C88A241898A599467913828432E
:10F810009255A2A4322851966449541A946108B3AF
:10F82000A898459561898A51168551524FB2046F47
:10F83000702E0F42071FCAB36148A3D66818A21CD6
:10F8400089B3E19044399E0C431AA5A56188B6346A
:10F85000CC8621CCD2301B86B0964369046F8031B0
:10F86000CFC107271A9421AB4449162989922689CA
:10F87000D21825512D5112291173240B3B4D895259
:10F880008C9228D1A2244AC228518AC9340C6F8490
:10F890002EEFC1071F8BA32189C24A354AA248CE49
:10F8A00092284CB3A43228A10E65D13084591A6D28
:10F8B00069980D4398A5612D4D8683006F862A0FA8
:10F8C00042071F8AF3D2708B736878CEC26C488669
:10F8D00028C9CA999446DA30E878321CA4308AC321
:10F8E000288BB24675086F87280E42073F6BE95494
:10F8F00051B624CA72A4C7AC92C34932DC92288C98
:10F9000092AC320D839666D5AC586B89D3086F885C
:10F91000320F42073B0D5B93414AA3300BA368486B
:10F92000A26129E552980C51122651258B8628494F
:10F93000A6962C1AB230AA85514B1655A238190337
:10F940006F8E2E0F42073F8DD25A320C4958CBB1E1
:10F950003C1CB42807A32419A434C99234CAC22178
:10F960001AC4A8D625CCD2254C862C47C2106F9736
:10F9700035EE41072B1A92214BA224CA922119C4B9
:10F980002889926C488624CBB32419942CA925513C
:10F9900065508628C992A8322851254BA27A544D29
:10F9A000D238016FA1310F42077B18B2300DB3344A
:10F9B000CC8621A78543324459944495521285C977
:10F9C000900C599C2EC3410A13398B9234CAA270F1
:10F9D000CC7428056FA429EF41072B1A8E49944453
:10F9E00061325C72240E8721CB7324198E59B512B3
:10F9F0006EC310C679321CA4388F733C056FB132C8
:10FA00000F420727A724C3B22561D21626A568583E
:10FA10004A955292264D5232EC49D35429258934C5
:10FA20002CA5721225519255A236294BAAB5006F0A
:10FA3000B32B0F42071FC99130C792E198649530EC
:10FA4000E9943565C33189A630E92DCA93394F86CB
:10FA50008394267198A5591AEB026FC0330F4207A1
:10FA60003BACA595414A932CCA0765D82A516958E1
:10FA70004A493509A330C99261A94C699245431698
:10FA800046B530C9A2244B9A92308BB2006FC13474
:10FA9000EF41072B1A8E49944461122551120EA78B
:10FAA00030879268B825599829C39044595419B29F
:10FAB0006148A23889CA4312454396445998E47074
:10FAC000046FC3330F42071F89D26C18C428899270
:10FAD000301A06254DA2240A8741AAE3C93088516D
:10FAE0000E46C9206D39960DA74A144749966451B0
:10FAF000528A23516FD52DEE41072B1A6E499E2550
:10FB0000C321CC936CB884D5244AA22C99B6623414
:10FB100055A2D2900C510E4749298B2A5198255154
:10FB2000006FD82D0F42071FC991384792E19864A2
:10FB30009534690B932889B26C09733C1A86304B53
:10FB40009A96E120E57834DCE23C4C7238066FDFAF
:10FB50002D0F42071FC991384792E198B527516987
:10FB60004812ADD231E994294A22E6E89686D93086
:10FB700084591A66C31066691E47006FE42C0F4251
:10FB8000071FCAA3E198E648340C4A4EC98643923F
:10FB9000A359340C693D1A1E723C1A0E510E85D1C0
:10FBA00070885AEA4324016FEB2EEFC1071F4CA364
:10FBB0004189935A9C0CCA206649980D4B5649C3FB
:10FBC00064D0C21CCE8621DA92C62C69CC92C62C97
:10FBD000694C8683006FF0350F420727CC92302B9B
:10FBE0006551968649322C513465C9A04439120DAD
:10FBF000532D0A932889B2645086414DA22C8FB2AE
:10FC0000A45396B40C4B35C753006FF12D0F420728
:10FC10001FC99B86435447C26418943889B2304A3E
:10FC2000C224198E519C45C3652967D93068E52CDB
:10FC30001B062DAC2371026FFA370F42071F4CB21F
:10FC400068886A49140D59120D5938444994455928
:10FC5000528B2A5A326C95A892454D433444431432
:10FC6000AF51922559544BA2248B121DD2026FFE24
:10FC7000320F42071F8BF3418BF3643888B5244B56
:10FC800086AD98559261D092522D4A86219992A8BC
:10FC90001625C39025619E74CAA4244BD26C4802D9
:10FCA00070092F0F42071F8AA3E12025591A65D238
:10FCB0008EA451BA6C619A25D130A4518E45C3658A
:10FCC000C9912C4ABA4549B72447B23CC9E10C70E6
:10FCD000112B0F42077B18C22C2D0D431AA5513A48
:10FCE0000C599A85D970CCCAC35398655B548C92D1
:10FCF0006EE91C26D52CAA632A007015340F420722
:10FD00003F87C268D092629A244B1626D1A06449DC
:10FD10009425D13064E5412B655125194E49A24502
:10FD200015258B922C19A43087B23049C52C701D33
:10FD300030EF41072B1A0E599215934492C228AB0B
:10FD40000DCA9064519626C931513AB545531847AA
:10FD500049144749346449544EA27A321C02703E19
:10FD6000330E4207774886A825CA922119B2244A41
:10FD700022714886246BC99241C992AC251994A876
:10FD8000D23244C9A044954E9541894A534BD72C51
:10FD900012704C2F0F42073F0BA3E12085591A0D1B
:10FDA000C91047499484433244691227599447C380
:10FDB000292B4EC32DA9C5D93068CDD970CE1100DD
:10FDC0007051340F420773500625A74443326451E3
:10FDD000258A9544294649548F936438644994C4CC
:10FDE000D170992A51160DB728C9A24AB46C49940A
:10FDF0004559360D7058380F4207274B32314AB2F9
:10FE0000244B06290B936850B229C9C2488907655B
:10FE100090921E9341A985D9304483520BB3244B51
:10FE20008641C92AD1A0445992A7220070632B0FA2
:10FE3000420727EB922D61B20E6134B5A44969B92E
:10FE400023E5A4B29472381B0649C76AC3A0D5B192
:10FE50006C38E5600E4E0070642B0F420727EB14E0
:10FE60004D59524DB4E592E55125598AEB94CE494E
:10FE70003F25C992EC71341C943429966A9196E915
:10FE8000500A706B250F42073FC7733CC78A69163B
:10FE9000A659358CE23047C22447931CCC72AC0E75
:10FEA000A5793587221D147070270F420737C77355
:10FEB0003C8786AF518ED5B1E6A41447493D89727F
:10FEC000244CE234496B3916E648BCE948027076A6
:10FED000250F42072FCEE33CCEE33429A6895AC929
:10FEE000862189E23CCEE33CAEA47114A6599886E3
:10FEF000C321277078250F420737C7737818F2346B
:10FF00004F7354D11155DBA11CC9B1E6AC9A2575CC
:10FF100028CBA134D6251D14707C290E42072FCD85
:10FF2000D33CCC917058BA268912277548CAD22C76
:10FF3000ACA559358B921C89EA49962739D28E4552
:10FF400000707D210F4207AF39AB66D5AC9ED5B3AB
:10FF5000725667CCB1E6AC9A257528CBA134D6256C
:10FF60001D14708A2C0F42072FCD913447D21C8963
:10FF7000A2414AA2248C925256918A519CC7799AE6
:10FF8000A44998A44998A451AD29AB56D23C708E8F
:10FF9000250F42073FC78A69560DA31C4B742C944A
:10FFA000F54CC77224C79AB36A96D4A12C87D2584D
:10FFB00097745070922C0F42072FCEE33CCEC3A40F
:10FFC000969492A8A22559528B32298BF2288BC283
:10FFD000380AE3244CF2304AC32C4C6335D5017007
:10FFE000942F0F42072FCD913447D21C4986414BA5
:10FFF000C4284BD2284BD2A8354A93E190A5391298
:020000022000DC
:1000000026719225719464619A85D528CC057095E6
:100010002E0F42072FCCA13447D21C8986414AEAD1
:1000200058A2834936685156CECA5939AB26511663
:10003000B5645192895112A6439843007099250FD7
:1000400042073B877378B84661A8447528D2411DA2
:10005000D4B12DC79AB36A96D4A12C87D25897747D
:100060005070AC2D0F42072FC7B361D0EA581DE97D
:100070008E24D23044499626519686591A6669983C
:100080000D4396443954C9912CC99174B81370AD7D
:10009000260F42073F87C21E87839CE339367C0BBD
:1000A0007328CCD224CAC2A8358992384DD25A8E30
:1000B000A8A20E0970AE320F42072FCCA13087B232
:1000C0006108936A942871945406254AB24A29AB70
:1000D000845925CC0625CCD22C892A61946451926E
:1000E0002571120F834E70AF360F42072FC7B361D1
:1000F000D0CA59524E12294E6AC990B42551226570
:100100004994649528C92A51925586244AA2244AC2
:10011000A24A9C64499CA46122A7090070B32D0FD8
:1001200042072FC7A3E116E74998266A251A2EA58C
:100130002C936A4D95288B5AB228C9922849E428F5
:10014000D293304FC23451E30470B82A0F4207AF44
:100150008ED5B13A9624C3A0244A3D89923C29C544
:100160005138A8610E853914E6486DD8A27A16E593
:10017000713D0670BA290E42073BC7A21C4C72643F
:1001800038E8618E6439325CF3304F878394635171
:10019000D2298992262987722CC9D10870C8290EC4
:1001A00042071F4E8641AC46611A6583D418556AD2
:1001B0005131C9A2340FE324D29144C7A35A5396B4
:1001C0008451A6A30170CF210E460737477370B83C
:1001D000E6699E0ED71C1E9E727838E87018F54BA3
:1001E000D4A58ED4D10C70D82C0F42072FCCD2308E
:1001F0004BC32C0DB34A651894446B09B3A898A55A
:10020000619646C32D8793AC1815A32C49A33017CC
:10021000732470D92E0F42072FCCA13087C2414DD5
:100220008A59620B9352922669294CF22C53A35897
:100230004B92614CA2B094845925CCD2618AC308F8
:1002400070E42F0F42072FCD91340BB34109D3280F
:100250004B6A499828C3A55A0A73281B062DAA235E
:10026000A51CA90D5B9447591EE54829C7320070AB
:10027000EF300F42072F13AB4A1ACB49246589355B
:100280004AD23889864314267916E5D1308849A99F
:1002900096446D511229511A25598E8439140270D1
:1002A000F42A0F42072FC7B361D0723C895A12A9B2
:1002B0004BD4966451250AA35A8E67C3A0C59534C2
:1002C0008EC2340BD37038E40470F72F0F42072F1F
:1002D000CD91388F865BA227C91E25D9B025391844
:1002E000E57834DCC2280EA334C9A2344AB22849C6
:1002F000B32809D321CC210070F9210F42073F1FF9
:10030000BE1387731E0F77F270C8511DD4E11C4DC8
:100310007238876A7D09B30A0070FD2B0F42072FE0
:10032000CD913447C261AC557A4CD44AA8482529AE
:10033000D2C2418DF3701093348E86439285698EBC
:1003400084391402710925EF41076778C8911CCBE5
:100350008635CBB1FAF031C7876B8E0F071DCF9270
:10036000A82D6A8972A40E6700710A2D0F42072F0B
:10037000C7B36108B334CC86214A5AA3441A8628ED
:10038000C9C128C7B36108E33CAE24C3A99866611C
:100390009A23610E850071192F0F42072FCD9138D6
:1003A000CF8621CCD1A4314BB4284C72308A865BE5
:1003B0008EE778360C5912A55994A45196A4513A57
:1003C0000C499C2600711A280F420733CD91341D29
:1003D00096614DE54D09934E89D416A63912D5B3D1
:1003E0007256CD923A94E5501AEB920E0A7121257D
:1003F0000E42072F877378384849C728694F1A87F4
:100400008730694FDA93C6E12127B535654918650C
:100410003A1A7126290E420733CAB13A321CB43057
:1004200017E3643824519823618E0C87B08E843989
:10043000321CB41C8CB2525613B30271302D0F42D1
:10044000072FCD913447D2414CA2304AA4304BA261
:100450001C4AE230CAA6AD9C95B36C9A92288E2AAB
:1004600071922571920EE7027136290F42072FCE45
:10047000E3241DB2286B96864B9464611265499CF7
:1004800064499E55C32CAC46619E936A7D09B30AAC
:100490000071492D0F42072FCEE33C1A6E719A541A
:1004A00086214AA42E99922851962C611615B36183
:1004B00008E34AB846955A256ACC321D0A01714CA8
:1004C0002E0F42072FCED31CC986214CAA51220DD4
:1004D000439464699464C39044391E0DB7388F2BDC
:1004E000D130645198E6481A0E879C00714E260F51
:1004F00042072FAF86C377DA2015B3A83848C52C3A
:100500002A0E6A98A561524BC228CDA951D69730C0
:10051000AB0071592C0F42072FC7A3E196267192A9
:100520002561A20C9752254A4A95486A89B268B853
:10053000C5795C49865331CD91341B0E3A01715E09
:100540002E0F42072B8FF378C8E22C1B86AC180DB8
:100550004392E551966749366C498E84399425D18A
:100560003044590EA54994F525CC2A0071642C0F0E
:1005700042072FCCD2304BA3E11666955256D106D6
:100580002D09B3A898A5E1A0C679349C92708D2A54
:10059000B54AD498653A140271652B0F42072BCDEA
:1005A000913447D2416C4A1AB34449862129A6495D
:1005B00031690B352D8C6A799C0D976A1246596BFF
:1005C00025D40371672CEE410767508621C95AB2C2
:1005D00096AC258B2AC9A08451160D4B1685491659
:1005E00085491685C9200D3B25CA4A594DCC0A714B
:1005F00069320F42072FC7A3E116E7491627D23009
:100600004449964649962651360C619686D93084DF
:10061000599A25519A45C93044598EC55914A7098C
:1006200000716E250F42073BC7D37018941CCAC2D5
:10063000E17B0E0E833A67D230E8711EE7C3A05308
:10064000A3AC2F615601717D2E0F42072FCECBD95F
:100650003068493949A438A90D8352CBA36C48B6F8
:10066000525653DA2A929444B5A892484A98F4987C
:10067000656226097184320F42072FCED31CC986CA
:10068000214CAA51220D439464699464C390445947
:100690001A66C310A6391257B224CA22254B8A49BA
:1006A00096D4B221CA09718A2D0E42072FCCA3928B
:1006B0001426E3B084391226C3342861120F4B2468
:1006C00085C9382C611226619249834E89B25256EF
:1006D00013B302718F280F42071F19C461C7F3E1DA
:1006E0007B0E0D0731892A619494C2E1A04339340D
:1006F0001C74281FBE44595FC2AC0271922A0F427B
:1007000007338D934E592225B5A83DC992344BB27B
:100710006C785072544EC3AC9C55B3A40E6539949A
:10072000C6BAA4830271942E0F42072FCD91388F41
:10073000865BA227899884499855B2A812A5491CBE
:1007400066699686513228519215A35A53561EA4B3
:100750003C8B00719930EF410767189241CA9AB2F9
:10076000A66450B228C992414AB2244E0625CE8AC8
:1007700049564C864119745A540BB3288BC2284BE6
:10078000723401719F2B0F42072F4D8721CAF178D8
:100790005086AD291BB428C7A46CD0A2384B2AC3FD
:1007A000A074AB2AA53CCAE128EB4B98550071AC6C
:1007B000300F420733CD91341D862847C26119A6F8
:1007C0002CCD922819062949F378C892308BB2288B
:1007D00053529DD416665116855196E4680271B144
:1007E0002A0F42072FCD91341EB41C09076918A2A5
:1007F0005A5317291BB4280D93B629A90C61AA8452
:10080000794EAAF525CC2A0071BE360F4207AF39C2
:100810008C92301A92284BD22849942809934C0A7A
:1008200093643848791C0D49944595288B2AB52442
:1008300019925A24558A51A53824C90E650171C3ED
:10084000300F4207AF39AB84D9126589948489127D
:100850000D4B1F9330CAA24A6B16256996646154EA
:10086000AB486954CEC2A4548C9248CC922871C82B
:100870002F0F42072B8FA32189B23429264D91A235
:1008800055DAD228899241E90ED58621CCD2304B57
:10089000C36C18B2244AB3A81646C33B0171CE2ECE
:1008A0000F42072BCEE33C1A6E691226899225155A
:1008B000298D9268B8744DA26C18C22C0DB36108D2
:1008C000E34AD41669A5962CC9630071D22C0F4255
:1008D000072FCEE33C1B863009D344192EB5304B8D
:1008E000A24B948569A6A5893668399C24C3A9635F
:1008F0001615D32C52D30171D52B0F4207374B87D6
:10090000AF598ED5916450E23C1AF431199438C92C
:100910009254C99268490625CA726427D5FA1266AC
:10092000150071D92D0F42072B1B86344AA3D230F4
:1009300064619A85C390E670323C6839160DB7241D
:100940006A2B25E5444BB36A96D4114DDD1700712F
:10095000DF2B0F4207338D934E25254AD2244BD2ED
:100960002CC9B2E141C95169B884793CDCC9C341A1
:10097000CCA13087C2E120E6500471E52D0F42077B
:100980002F1CD4304BC32C4DA2414B7430C9962937
:10099000C9924E59D2982D639C47C32909D7A852B2
:1009A0004BA3C62CD3A11071E62F0F42072BCD917C
:1009B00054D92A61962443D2A26451A553D2265514
:1009C0002A5A9E45C54A351A6EE99A6449314AA2A7
:1009D0005AA4653B920271ED2F0E42072B87B3613B
:1009E000C82A6D495FA461488A71920D97A818655D
:1009F00083544B4AB5A4541BA4A41825A561504A9E
:100A000071A283090071F4300F42072BCED324CE9C
:100A10008C8932288B0E26D17029257D8AA62C1A26
:100A20006E399E0D4398A559120D4316256916255A
:100A3000C310A5250071FC300F42072BCEB361080F
:100A4000E3288C8683528C2AD23044499C26D1706C
:100A500088723C4B4A599425516D18B2244ADAA247
:100A6000A45B34BC137206310F42072F1B86304B38
:100A7000C36C18C2A41A25D23044499855A2E1107B
:100A800085599A0C872CCCD22CAA257DAA8D71521F
:100A90004BA34A8E8800720D300F4207ABD6144D1F
:100AA000599225C5A417257948942889927E519298
:100AB000A72C0AA3384F868394AE499614A324AA80
:100AC000455AB62329007210340F42072FCD917476
:100AD00010D31C8986414A12298B12651893A89657
:100AE0004495618C92D62819D428694C2A8318E938
:100AF00050960C439425BD25C301721B390F420744
:100B00002F1A92218B2A51160DC990255212258930
:100B100032244352CA2AA56450A45A533228599405
:100B2000748B924189923E45CAA014A32909931659
:100B3000358B04722A2A0F42071FCCC1411DA43CE9
:100B4000CAF228CBA32C8FB23CCAF228CBA3308E9A
:100B5000C2340BD32CCDC2340BE3248703722C2F69
:100B60000F42077387961C4B2AC310254D2D4D2D20
:100B70004D2D9561889276A43BD239E99C9492617F
:100B8000484A39946479140E43968300722D2A0FD3
:100B900042071FCDA161888631CDC2388BE2E1A02A
:100BA00043610E85D1F03DCCA1301C0E3A14E650C5
:100BB0008E26399C230072352B0E46077F588621DE
:100BC00047B234CC6AC34392B50C0F391A0D6B147B
:100BD00026C3431A855169D892A81E2D6112853506
:100BE000007236260F420737CBA134AFE65096236A
:100BF000515A47D21CCA72AC0E26399CC3490E66A4
:100C00003994C6BAA483027238260F420737CBA1A3
:100C100034179334AAE5880E4ABAACE9D8E19C951A
:100C2000B3F270CEE31C0A73281D0E090072392A34
:100C30000F420737CBA134179334AAE5880E4ABA7E
:100C400094D9066953A21C55F2211A72488B972831
:100C500047756C47861C02723A2E0F4207B38EC44A
:100C6000953009B328CB111D9BC61D1972D23024B3
:100C7000439845C5414AD22C2A0E52561B92CA307F
:100C80004475244A01723D290F42073FC7736478B7
:100C9000C8911C4AA24A9A5593A892433994449504
:100CA00034AB26BD237530CBA134D6251D14723E3E
:100CB00029EF41076778C8C25A5A49868312854589
:100CC000A5454CA24AA8B4888D4A8B984495506992
:100CD000117B4AC21CC9007246330F4207338D9301
:100CE000344E92E194446D49D4B6F4381CC41C1BB4
:100CF000A461C89228CD922859B2244ADA92285980
:100D0000A2D6A8340C4916A509007247220D460741
:100D10001F89D3388DD3388D878394A3399AA3C381
:100D2000A0C6699CC6611EE6598E64007248330FE6
:100D3000420733CFA2782A0D695447A23A3228C31A
:100D400010A54916A549160D5192455DB2A8258BEF
:100D50006A61540BA3244BB22889B22493D2007247
:100D60004C2D0F4207B31C6579140D43D47F1A94A0
:100D70006188D2A835C9A2211A86A81685512D8C62
:100D800092E112C5611487519C953300725922EE8D
:100D9000450767788772384FF3342E0F0F719263CF
:100DA000510E653912E6692AE76092A33100725B41
:100DB000200F42073FC7EA581DAB63C321AC23692C
:100DC0008EE7783E7CCFF11CCFF11CCFF11C725F17
:100DD000200F42073B877338CDABC341C77328C789
:100DE000EAD87008EB783E7CCFF11CCFF11C726121
:100DF000290F420733CD91B49496D274D8D2280DDE
:100E0000B36818D23AB285835A4A7324CD913447D5
:100E1000D21C4986638E017262230F42073BA7E40E
:100E2000C8F0A0E4A89C86598ED5B1E110D69134C3
:100E3000C7F3E17B8EE7788EE70072672B0F4207DE
:100E4000B30E857114C651960FCB30245131CA921E
:100E50005A9C95972C1AC4248CC2244F73244CF2AC
:100E6000AC1CA5953C72692C0E42072FCC91304EDC
:100E7000C23809876550FA5449A434A98551924D66
:100E800095418B2AA52CCAD2AC9A156BA524CC23EC
:100E90000072722B0F42072FCEE334C9A234C9A2CD
:100EA000745086214AB2288C6A799C8FE1900D4358
:100EB00094C4799CC7799C47C32D070172792C0F84
:100EC00042072FCEE33489D3241B866810D3240E27
:100ED000A368B8E5483A4743360C4A1D49C32C2D50
:100EE000A53992C6499A6700727D260F42073F478F
:100EF0008687B43E0C399843C38312A599345C723B
:100F0000248BB31C1B0E611DCF87EF399E037280AB
:100F100027EF41076B78CBB16C78CBF1242B464A95
:100F2000A2267918D5916818C424CB91344F86979E
:100F3000B89EE331007281290F42075B0C8738CFDE
:100F4000A26C189228D6A234918A511266C5244FF9
:100F5000B238CBB1E110D6F17CF89EE3390072A231
:100F6000310F42072FCEA3E1524E936C18A241C716
:100F7000926838442D51160DB7254D866C18A22461
:100F80004BC36C18C22C0DB361086B6996260072B6
:100F9000A7300F4207AF39194E491A27D1306443A1
:100FA0001827C97089723C1A92A294459132BC44A8
:100FB0004A39292961B489B5248B9228D1CA017292
:100FC000AC230F42073FC7A31CCC72AC8EE5C3F71E
:100FD0001CCFE12447931CCC72AC0EA57935872237
:100FE0001D1472AF2CEF410727CBC1241AD62CACAD
:100FF00044611615A32C0AE3284CA54A98445918B5
:10100000D5B3280EA3388CE2A4380C518E0272C0DE
:101010002E0F4207378CA33009A330CAA230CAA2D0
:10102000301E926150C31C0AC3618CA32C49A32CAF
:1010300049A32C49A35A53D69226A11E72C228EF67
:10104000410727CBC1241A8630AEA4A534CCD21CCC
:1010500049736918B2242DA56196E6489A2369253B
:101060001A4E390A72C4300F42071F8AB37A12E649
:10107000489A275192452D59924549142751128B70
:101080007992256994256156CAA32C8FC22C89E2D6
:101090002CCA910072D0360F42071F8DB27488920D
:1010A0006848D22C89C2244AA22CAA447194447163
:1010B0009444A9944461122559D492A55122A55172
:1010C000520A9348E9D425CA310072D72C0E420740
:1010D0001F89B3284FA21CCA86214ACA49A46BD1D2
:1010E0001085519BD4256A89A221D2A2C61C0973FE
:1010F000A439C972240272D92EEF4107274B8631D9
:1011000089C2340B2B519845D13065511847612A5B
:10111000859568D8A2629445611C85711466493230
:101120001CA21C0572E02EEF4107274B863189C2B5
:10113000340B2BD1B045C5288BC2381A5629C92A81
:1011400051126551492BD59128CBA324CA924C94B6
:10115000C21C72E12B0F42071F8AB3304ED23C1AD9
:101160004E490E4659298BD24A9E69C5246B0A9373
:10117000AC98E4698E844998845998A90272F82C35
:10118000EF4107274B86214BA2C62CAA25D130441C
:10119000BD64516B340CA11A2769291A86244B733C
:1011A00024CD91B4120DA71C0572F9280F42071F18
:1011B0004BB3304ED23C1A4E495A4AC32C6A8D1A50
:1011C000A5B6A49FD2300B933C4CF2AC254BB37A1E
:1011D0000072FC310F42071F8AB3304EA26108B380
:1011E000344BA2342A0D43924569290DA561C8925A
:1011F000A81AB5695196A4511847491625991A8518
:10120000390072FD2EEF4107274B86214BA234CCCB
:10121000D22C8986216A4DB2282D0D4328A559125A
:10122000A5516918922CC7B3721646491647591E24
:1012300073162E0E42077F98B224CC9228AC0D5B19
:10124000128551639245C39AA3CA3048493989929D
:10125000584B86414CE2308993D23048591C73195F
:10126000300F42071F1BA26CD093521666511226F4
:10127000391825C31065611487513A3C256194459E
:1012800061544B86210EA3388C932CC9D318731B41
:101290002DEF4107274B86214BF2344F93B4940C2A
:1012A000872CCD912CC9C53C8986216AE91625ADCC
:1012B00051D21A254D49321CA21C05731C2F0F4216
:1012C000071F4BB3304E92E11657A26188AA619670
:1012D0000CC71C9686214BA2342A0D43924569699E
:1012E00018D2288D92AC9285250073292EEF4107E4
:1012F000234B86214BA234CC86214BA2342A0D43AA
:101300005A47A2BA340C52524BA33447A26148EB5D
:10131000485A89864392C3007334360F4207BF167A
:1013200025439664612DCD9228190629917244892E
:1013300072248A064D4AA23089C22CAA0C43168513
:101340007194256994255192455914266900733684
:10135000340F42073FCC4A599864519C0C8728C9E6
:10136000A230CAA2AC320C6A524A42A59464492205
:101370004A9538C992615093384DE2288986412BAD
:101380002700733E2EEF4107234B86214BA234CC1E
:1013900086284BA24EC39B0E65D13084529A25D12C
:1013A0003044ADA56148A3B494464956C9C21A0059
:1013B000733F2E0F42071F4AA3344EA26108E34A2F
:1013C000321CA41C8F86218DD2504AB3241A86A8C1
:1013D000984461162569A4C54BA9125AD21C7344BE
:1013E000330F42073BCCA2AC122559A934285152E5
:1013F000CFA26488E278D092214AF5304986288BC2
:101400009228A92651524DA2A49A0C5A52CEA23823
:101410000D7345330F42073B47A2241A86A4B2A599
:1014200051928549CBA044498FC9D29864494DC98E
:101430009252922C9D921E939631A9C5C9568992BB
:101440002CCCA10C734E2A0F420737CBA36CD0A231
:101450004A7148DA9130C9066518A4B64EC554875A
:10146000EA60160E0F799283598EA8DA0E0D736812
:1014700034EF4107274B86214BA2A4314BDA926807
:1014800018A25A9C45C320265198498354899252E8
:1014900012554A5A3448612909936148DA91528EAB
:1014A000250073702D0F42071F89B3304E92E1164D
:1014B00065A5244A9A5AA2244CB225CC616918B277
:1014C000244A9AA2E12DC793E19856C2242E0373B1
:1014D00072300F42071FC96AC3214AB2A41A466973
:1014E000120D831225529845C39046756918B2248F
:1014F000AA46D1708B72301906356B49D7EC007350
:1015000075340F42073FAA6449544BB2A896C349A9
:10151000340C4A548992308AA4304AA224938641DA
:101520004AA29E14258D5A2345A9452D4A16654A7F
:10153000A868017378330F4207E716266D49B46C2B
:10154000510E46C9306461140D83320C5918D5C24E
:1015500061C8723889864B1D4DB26148B2284DB2C0
:101560006818C4288D03737A360F42073F8CB2285F
:10157000CC926490A6308B925A5489924119B2A4AD
:101580005396B40C9132285152CB06299A6A49CB12
:101590009049498E6495C62C4AD2280B737B370F2D
:1015A000420733CE872C49E32819862C4AA25A9841
:1015B0000CC93024512D1C862C8C92B0324849968F
:1015C00064519225A6244BBA45C9A0645152119387
:1015D0002829077384250F42073BA7E4783E7CCE79
:1015E000E13047D23CCD872187B21CCEE13047E2C3
:1015F0007438A83992E311007387250F42073BA77F
:10160000E4C8F090E750D665D0D2AC9A45B56818DA
:10161000A21CCCC17CF89EE3399EE339007389207B
:10162000CFC1076778C8911CCFF11CCFF11C1A0EEF
:101630003A94E3391EE5609663752C1F3E738B1F49
:10164000CFC1076778C8911CCFF11CCFF11C1A0ECF
:101650003A94E3399EE3399EE3F9F0017396270F3C
:1016600042071FC9F1789872281CD42C4CB3301B48
:10167000942C8EC2B81EE769126F49B666D5304702
:10168000E23A1273A927CF4107E3320C618EE77863
:101690008E47C36590CA611487511C467118C54BAB
:1016A000160D61162561BAE6100073AB2A0F4207CA
:1016B0001FCAF17418A21C0973281C86AC980D4B24
:1016C0009686591A6669254E9378C8C2214DC2384C
:1016D000CBA1342F73B22B0F42071FCBF170D892DE
:1016E000384DE2304BB3A818855132A871360C61E1
:1016F0000E8539928659BA25D99EE6508E670073B9
:10170000BB2B0F42071FCBF17050E36C38654D596E
:10171000296B1C9461D02A6156C9C22C2A2E519281
:101720006DD5AC9223511647A90073CA37EF410714
:1017300063488664C8A24A944595288B2A51165559
:10174000A26448A224CA92E120B544595489B2A89F
:1017500012654A9444C954896A8912A56152AC45FC
:101760000073CD270F42071FCBF170D89238CCD22F
:101770002C0DA3304A06314F7324D3D23CAE6F9563
:1017800051AB4339AA63330073E02A0F42071FCBE2
:10179000C1281C9628CF8621CCA23CCAD241CCA31A
:1017A000E196CE61520D93EA1255C6A831AB63396A
:1017B0001E0273ED300F42071FC9F178D09241CA63
:1017C000922CCC922CCC922CCC922C1A94CA2065C0
:1017D000491646B530CDC2298CC65A980D6A0EE717
:1017E000180073FE2CEF41077F18926149C32C0D3E
:1017F000B36108B334CCD268508621CCD2304BC30D
:101800006C18C23489A7DA1A55D22C8AD301740312
:101810002D0F42071F4B72344A86310AE33C1A6E81
:10182000719E45E920255216264A982A699854B394
:10183000A83864D990A77192C3290074052D0F426E
:10184000071FCA29E1B00C4398A5619686D9308458
:10185000591A0D4A1A66C31066519E455997700968
:10186000A331C9A254CD7300740627CFC1077F18D6
:101870009261898A5954CC8621CCA262169506655C
:1018800018C2388FF36C18C2381FC33D0D8703741C
:10189000092C0F42071FCA29E1A00C8316E769949F
:1018A000866DC3A00C3A928549354CAA61529D922F
:1018B000DA1625612989D22C89C27C742229EF414C
:1018C000077B7810F33447C224EB94C54A342815BB
:1018D000358CD42C698C95704BA2648CB224CC725C
:1018E00034C9E11474332D0F42073FCBB1DA2065C0
:1018F0006998A5D1900C5998A561960D8A3466CB4C
:101900001825DDA2A4DB244543988569966375AC50
:1019100006743428EF4107E3900C4396C779386882
:101920008398C779360CC930E439AAE8889269638C
:10193000B80D830EE7700EE70074352AEF4107E318
:10194000900C4396C77938688398C779360CC930AC
:10195000E4B43447D2301B94484CE734CC2225CC35
:10196000C64101743625EF4107E3900C4396C779D1
:1019700038688398C779360CC930E4B4E120F67131
:1019800038883918E560363C743A2CEFC1073BCCF7
:10199000B1DA206569940D5A31CDC23447B2414A5B
:1019A0008629CCD22C4C232DCE4AD9128543960CB5
:1019B000431C8501745A2E0E42073F87A3E1D46968
:1019C000988A5163344461140DCB12D592522D493B
:1019D00086284B4AD1D234644B94E4590E257524A1
:1019E0004B00745E2D0F42071FCBB1DAB064A5AC7B
:1019F000291B4E391E0D5FE37A369CB22889A22539
:101A00004AA2218B922809A3248AA3248A63017401
:101A10005F29CFC107E3900C4396C7793868839854
:101A2000C779360CC930E4599E256914665149D5E9
:101A3000C62893B36918320074632B0E42071FCB7C
:101A4000B1281A862829C6B561C8AAC9A0A45936E2
:101A50000C5935CB8621AB664B3A84C390E4E42C19
:101A600047D20074642B0F42071FCAE178588621C1
:101A70008C5AB3480E7524D29141198630CAF23877
:101A80008F865B9C2F51658C5A8721C71300746920
:101A90002B0F4207338D934E25254AD2244BD22C4F
:101AA000C9B2E141C9511DCD867724C7736C38E4B2
:101AB000508E47399885C38300746A2BEF41077FA6
:101AC0007850A23C1B86308BF26C18A24189F22C14
:101AD000CAB361D072AC94741B9296214B7ACC73CA
:101AE00030C9E10874702D0F42071FCBE174508696
:101AF000416BCA9AB26C18B4A66450A2AC360C5AA8
:101B00009CA749714B94648C86288DB238ABA64350
:101B10000074832D0F42071FCA29E1A00CA71C0FD8
:101B200093B630AA8549CB200D4396C7D970CAA277
:101B3000305A4AD1902583524C93388F630174B048
:101B40002EEF41077B189441292559254AB26C187C
:101B5000B41C1D94E194E3D93068E52C1B066D4B51
:101B6000B221CC92281463A596236A0074CA2F0F61
:101B700042073FC7876950D2301A0E5116695196F5
:101B800044D1300D4316A659380C599866E130649B
:101B90005B3C0E5B986439B843DB0074DC2C0F426D
:101BA000071FCCC1411DA43CCAF228CBA32C8FB285
:101BB0003CCAF228CBA3308E9228CDA224CD92B677
:101BC000504AB2304E723874E2340F42071F8D868D
:101BD00021DC926C898621694AFA94F4691892761C
:101BE0002CA90D5252C792281986A41456A24A292C
:101BF000C9A4484AB2248B94AC290174E3350F423E
:101C000007278ED2700AA3311A966850133DE95BFC
:101C10009494A2614986A9520AA3A4942D2D5B94A1
:101C200044491825611655A22C8A94522D4A220047
:101C300074E4360F42072F47A2610877688996A59A
:101C400029E9D3B2B49592D230246DA5A4340C49BD
:101C5000A9162551320C49A91226D994484926259E
:101C600091128559940074E622CFC107E3D71CCFA7
:101C7000F11C1F7624CD915A8E447524AA23691E27
:101C8000672529CBC6AC3E0474F6300F420727CC3B
:101C9000B1281A762C1EA63CCAF2281BC2288BC279
:101CA000288BA261481AA39218D5C2A81646956E31
:101CB0009194D4A22C11730174F7280E4207BF9A95
:101CC00023E13084499455B228599334CCC248D585
:101CD00029C34398C3C39047E53089B2448B327916
:101CE000750430EF4107E3900C5B12E649980E4310
:101CF00094264D439434958621AA8649358CA46157
:101D000048B234CCD230691B122919C42CA98302E1
:101D100075152B0F42073F1FBEA5511845C3900CE8
:101D2000911487C35689C2411AD62C4AC5E19C0F2B
:101D30000F698E0F439E45C5295A007518150E462A
:101D4000072FEEB7E1418BFB7918E4FE3C0C720DD6
:101D5000751A2A0F420733CD91341D1ED23A92E6EE
:101D6000C830E4489A23698E0C438EA4399286C306
:101D7000B728CB9334CEF1E11001751C2A0F42072E
:101D800033AB4E5936666998A5D9F020656998A598
:101D900061960D52D63468A5AC296BCAB241CA9A75
:101DA000061D2B01751F21EFC1073FC7EA581DAB68
:101DB00043C35B9823691EE7780E0D071DCAF11C0B
:101DC000CFF17CF8007522280F42073FA7E4C8F046
:101DD000106739B883593C3C44698E4475241A6EA7
:101DE000499623628E44C3A0C5795C1A1E75252FBF
:101DF0000F42072F1B86308B5AB2A8251B866850CE
:101E0000A2962CAA44D93084693C6839120DB734A3
:101E1000CCC2349BD2218C93B0129700752824ED4C
:101E200041076B384861292C85A5E12085A5B014B0
:101E30009686831496C2525849C3248D121D4B00B6
:101E400075291CEF41076B3888FDE37010FBC7E173
:101E500020F6A7244BB32849637D1802752B1F0F6A
:101E600042073FCAC12C1BBEE7780E0D07B18FC3D6
:101E700041ECE37010FB5312E64806752D240F4227
:101E8000076778C8911C5D662954C638A70D07B14D
:101E90008FC341ECE370D0D2304BA3248AB30C75CE
:101EA0002F270F42073BA7E4C8F0A0A4B1944495A4
:101EB000300993301B949C3A1CC4C6E120360E07AF
:101EC000B1A724CC910C75301CCBC907E3632886DD
:101ED00062288662383C84A1188AA1188AE1F090B1
:101EE000430175311F0B4A0737C7722CC7D2E13146
:101EF00014433114C3E1210CC5500CC57078C8A13E
:101F00000075321DEB4907E363288662383C84A1E3
:101F1000188AE1F01056732CC7722CC75200753323
:101F20001E0B4A0737C7722C1D1E433114C3E12113
:101F30000CC5500C8787B09A633996027537220D0D
:101F4000460767384861292C0D07292C85A5E1A093
:101F500093E3E1214EE3B41CE6919CEC500275380A
:101F6000290D4207334773304787439443498E29ED
:101F7000C390456D515B340C59D416B545C390459B
:101F8000699643490E4600754C24EF41076F386748
:101F9000E5AC3C9CB372561EEE50926366254B2412
:101FA000ADA6663914E6509823690A754F20EF41B3
:101FB000076F3867E5AC3C9CB372561EEEC4E15B1C
:101FC0007398E4698E14657DCB410075542B0E46E1
:101FD000071FCAE17050A24A5312254D49292956BC
:101FE0002AC3900C62A558295692E1A014C341ACB3
:101FF00085399CC321007559260D4607531FB261D0
:10200000C83329CCB49AA29492B14E190E52580AF0
:102010004BC3410A4B61693848399400755C250D02
:1020200046073787E3E121CCC1341D861CD25239E3
:102030001ADED16438486169384861693848399492
:1020400000755D2E0F42072FCE913447D270B80C29
:102050003918E5586918922C2A69A56216D5C2610B
:10206000C8C2A8258B5AB2A89245C32046691C75E0
:102070006223ED45076738486169384861693888E7
:102080005139AA0D0F59548E8AC3418F878738471B
:1020900063007565320F42071FC9F178D006292900
:1020A000855152D12A899484839826B5244C4A9923
:1020B00094342F89324C8314465914E6509843C304
:1020C0000E851100756626EEC5071FCAE1705086A1
:1020D0002169AC142BC54A327C879262A558A90CA1
:1020E00043D2180E622DCCA1E100756A230F42077E
:1020F0001F19C461C7DAA33A980F1FA37A7538482D
:102100004A56D19A877356CECAC339CF00756B240D
:102110000F42073F8786830E85D1F03D0C87830EE3
:10212000E5C8F090138783D8381CC4C6E1A0D386D5
:102130000F757021EF41076B38888DC3416C1C0E01
:10214000729A23693A3CA475240D87EFD47A3587B7
:1021500022007576240F42073FC7DAA3EAF0A0E415
:10216000A8345CC23CCEE3E14E1E0E62E370101B4D
:102170008783984311007578320E46071FCAE170B5
:10218000508621694BB2A49445496B52193E474988
:102190006548A2A4298992A6244A2A43120D4A948A
:1021A00044599C83498E660075862FEF4107635022
:1021B00086638E47C3900C524B3C0C491C550665F8
:1021C000B844391845C3902C514FC31029514B16B0
:1021D0000D4394E470361C75872F0F42071FCBB157
:1021E000E1410D93D23024ED5852191E7448290D47
:1021F00043D21A2695E190D4B141190E598EE4CB01
:102200002027A57C5300758A24EFC1076F3867E546
:10221000E19C55878398F438288398F4347C88F2BD
:10222000281BCE793C9CF36CF800758F320F420767
:102230001FCB29E1A00C831AE64818A56129C9869D
:1022400041A963493225B5244C6A4998D49230A9F2
:10225000254B9454B62849C62CA9E6027591310F36
:10226000420727C7236518A21DC95AC22C8C876450
:1022700018941C89A2414CA2629287C9340C493D32
:102280004CE2249BA3244AB3241BD41C0175992A35
:102290000F42071FC9293932BCD5A32C474AC32096
:1022A00025755447A561C8923C8B523DCC9130872F
:1022B000B23C0973791804759A290F42071FC9297E
:1022C0003932BCD5A32C476A39521AE6284C9534CA
:1022D0004CD4308AF3344F9338CCC24C8D221D112C
:1022E00075A4280F42071FC9293932BCE56094A3A1
:1022F00049340C5912B5468D525B12F5340C699471
:1023000063F528CB9374B81375A5280F42071FC92E
:10231000293932BCA5A5344EC2244DB272948643ED
:1023200092254AAD292B67D5304BB3B05B98660038
:1023300075AB270F42071FC9293932BCE560140D60
:1023400063128595288C9378DAC1241906A9B556AD
:10235000ADC4AD8A96AD0375B22C0F42071FC929D3
:102360003932BCA5A5344E92E194D48A49962BC348
:10237000A0258D51A51627511247599E64491AD59B
:10238000A48A2C75B52F0F42071FC9293932BCE525
:1023900060941593AC98B44559524B322559B4A466
:1023A000AD94D4E2A496464916B52C51920C61A482
:1023B000E50375B9270F42071FC9293932BCA5A506
:1023C000304993AC984469258C8C721269A5380FFA
:1023D000F54CAC23613C863B0075BC270F42071FC0
:1023E000C9293932BCD5A32C474AC3902589184B3B
:1023F00065514E225B346FA15ECE7424567328045F
:1024000075BD2A0F42071FC9293932BCE56094A364
:1024100049340C5912A5A5349486214BA2346A2D57
:102420000D4398A5619666D1F04E75BE2B0F4207FD
:102430001FC9293932BC453912D5A1241A06298968
:10244000EA482D57E3647888D21C0993384DE2306E
:102450000BAB51A60B75C52F0F42071FC929393287
:10246000BCE56094A349329C923447D25C194E4932
:10247000AD1225511285492DC92231C9A23CCAD2BB
:10248000A418470075C72A0F42071FC9293932BC53
:10249000E56094A3C97090923447D25C2A275134E6
:1024A00028513B12D5B328CFA238191E720275CA23
:1024B000260F42071FC9293932BCA5A5304993AC64
:1024C000984469BA0C8AA4C6495A8A8621ADC7794C
:1024D0005C1ADE0975D4290F42071FC9293932BC9D
:1024E000A5A5344E92E194A43992E6C34352CFA2FB
:1024F0003C1E9EB2300DB3304D6A39140275D53191
:102500000F42071FC9293932BCE560940C839694A9
:10251000B32419063589436518B4A41426511265ED
:102520006992256914C6519269993CE6100075D8E4
:102530002A0F42071FC9293932BCE56094A34932EA
:102540009C921C8F862194D22C89D2A8340C690EBF
:1025500087595A49A3E19D0075D9260F42071FC923
:10256000293932BCE560940CA7244793A83589AA81
:10257000525B928351321CD33CCEE3D2F04E75DBDA
:102580002E0F42073FA7E4D0F0968351320C5A1227
:10259000266992E64832DC94AC9424C3254AB262A0
:1025A00032DCA2AC292B6595C62C8A0075DE2E0F75
:1025B00042071FC9293932BCE560940CA7244E9309
:1025C0003447B22555A45A92664994E3D1308459D0
:1025D0001A666916A6513A0C110075E2310F4207CE
:1025E0001FC9293932BCE560146A5192AC51925529
:1025F000C2AC920D83524A222D2945531226BD4565
:10260000499A25511AA559520E230075F0280F42F8
:10261000071FC9293932BCA5A56E495409935292A6
:10262000675529CD92AD12758D2A695489C32CAC9A
:1026300046992E75F92B0F42071FC9293932BCE57F
:1026400060140D4396446D49340C69D4280D4396AB
:10265000E46034BCB586591A66615B986600760101
:10266000280F42071FC9293932BCE56094C6493298
:102670009C92AC9C55A5A42DA955A2344786A73899
:102680008FEB698EA400760B2E0F42073FA7E4C89C
:10269000F010E578329C927AA6844A98245B98647C
:1026A0003525199428E963920C4A986495C6A5CB00
:1026B000142D3918760D2F0F42071FC9293932BC46
:1026C000E560140D439644699644C3904669280D0D
:1026D0004396E46034BC4539160DB724EA18258DBD
:1026E00051160176132D0F42073FA7E4C8F010657D
:1026F00039960D5B1285A9321C32254AA22C4AB2AA
:102700002492B24A394F86839426692DAC46992E7D
:10271000761F2A0F42073FA7E4C8F010E578340C73
:102720005212C599340C621487D130683A9A24C386
:10273000214BA2B624EA4FC377027621320F42071B
:102740001FC9293932BCA5A54C1193218A96D230D4
:10275000A4511A4AC39025511A9586218D722C4A8C
:1027600086218B92342A0D4312A7090076242D0F5F
:1027700042071FC9293932BC8571941CA4A418557D
:102780002A4A1426BD29522D09E328198E49D63428
:10279000DCA2AC940D97304F0076262B0F42071F1A
:1027A000C9293932BC55D228919229A995926449F8
:1027B000C624AB29C329494BC9708CD2B096A66BED
:1027C000A849992E7627320F42071FC991E1214A65
:1027D00073241D966AAE0C0729C9D228C9865019E0
:1027E000C4A471D0921C4DA261C8922847A264B8BB
:1027F00044F5281B860476292C0F42071FC9293966
:1028000032BC75CA8A49329C922C298749AC1593EF
:102810002859A268D7A26108B334CCD22C1C8628D0
:102820002D0176342D0F42071FC991E1218AF368EB
:10283000B814B350190E528E67C39069699464C37B
:10284000106669980D431897868392A7399202768D
:1028500038330F42071FC9293932BC453912254385
:1028600032444994942AA5240A934419B2314E92D1
:10287000E11225511285496F51D654896A4996143F
:10288000630576422C0F42071FC9293932BCA5A522
:102890006438256192266D49180D43A8A852A20CF0
:1028A0004322554BC310C67994955A423D06764C47
:1028B000310F42071FC9293932BCE560140D439618
:1028C00044699644C390E6B0322443949492288994
:1028D000922119C2348FB2A6AC940D971C4D00768C
:1028E0005F350F42071FC991E1210A73281A062993
:1028F00089A49A9444491895C46818342DCC922818
:1029000019927047A46818C4282965D9306895526F
:1029100031A9480076612F0F42073FA7E4C8F010A5
:10292000B523D1212915236D4AB2280EA3655894E9
:102930006AA2649530199464CA2A59A5A2456134E3
:1029400044610C76622D0F42071FC9A1E12D4A6B2D
:102950004DC9704AD21C89862114F36478888A7123
:10296000320CAA12265236AC59241535298D130083
:10297000766C2E0F42073FA7E4C8F010D5C168CA95
:1029800094529644533648C9A085495BA60CD2D2CE
:102990005B980C5A980F4A4F59D2A90E4600767090
:1029A000360F42071FC991E121CAF1A4A744299516
:1029B0009496414A86440993285132655086254FA2
:1029C000C264508A49CB202583528BD2248BB264B7
:1029D000188724047671370F42071FC991E121AA95
:1029E000646232484953120D8A34256116296132D6
:1029F0002883A2F494248352CCB2414A06A5985568
:102A0000B2645806254BA230AB840076782A0F4278
:102A1000071F89C261A963511665A53049E53CCD00
:102A2000A1481A8648CFF11C191E722487131D0B6A
:102A30007339D4A108767B2BEFC1071FC991418957
:102A4000722829655116A54996E4699E0C4A9A4355
:102A500091325CB43CCEE3E19EE650160F0F0900C4
:102A6000767C2D0F42071F89C261A943594B9AA456
:102A7000793A4483A4451535AA0E49A8E5703A6C05
:102A8000839C474A8E8471122671A64500767D1F6D
:102A90000B4A07378772281FDE211DD2211D1A1EFF
:102AA000724887744887746878C8A100767E26EFDC
:102AB0004107E3F71CCEE11C1C0E620E853914E6BB
:102AC00050381CC41C0A7328CCA13087C2E120E610
:102AD000500476821E0E42073F47736CB8E6699E2B
:102AE0000ED73CCDD3E18EE4700E0FDFE1EEC310C4
:102AF0007684260D46072B8DD372384CC39884629A
:102B0000125AC5281B862C12B3488CC5588C8721B5
:102B100016B3240723007686230C4A07236D4B86C1
:102B2000289152310D1529DC9241CC91E1966779BB
:102B300036DCF22CCF865B1E01768720EFC1073B87
:102B400087737438E7F170CEE3E14E1D1E7224C71F
:102B5000736838E8508EE7C307768B240F42073B33
:102B600087737438E7F170CEE3E10EE5D0F01067BB
:102B700039D4AC6592340C919EE3399E0376962E3F
:102B80000E46072BCDE3341B1E925CD293281AA667
:102B90003A16E5D8900C87288BB2288BB2288BB2D6
:102BA000A8160D521649493AE61000769A2EEEC53F
:102BB000072BAE458D5165885AA268189228C7A286
:102BC000643844393644C39044D524AA2651340C81
:102BD0004994958630C9A2643876AE260F42071F05
:102BE000C9F11CCF91E12D0DB3340BD31C498641A3
:102BF0008DD2525A2B87499EE6691267B6481F76D6
:102C0000BA340F42072787C21CCA86214CB3641806
:102C1000944ED1B09492284CA22C4AA261AA25517C
:102C2000320C4929AB34257D1A9452184A4954C9AB
:102C3000AA591A76BF298F41086B388851168551D9
:102C400016855116855116855116855116855116D2
:102C500085511685511685511645C30776C222CF78
:102C6000C1076B38E8508EE7C3F71CCFD1248773B8
:102C7000C6E1204659144659144659140D1F76C50D
:102C800022EFC1073FC773683888FDE37010DBA1EE
:102C90001CCFA1E1204659144659144659140D1F62
:102CA00076C628EFC10737CBA134AF26C390445A6C
:102CB00018A9618EA47998A472CE321CC4288BC244
:102CC000288BC2288BA2E10376C829CFC1076B38B5
:102CD000E4713E28399225431825612DCD2A5112E1
:102CE00065A59C3A1CC4288BC2288BC2288BA2E104
:102CF0000376CA23EFC1072FAFE6D4E13BB55ECD23
:102D0000A12C07B3E12046591446591446591446DC
:102D100059140D1F76CE25EFC1073FC7736C386776
:102D2000E5AC367C4E72CCAC4B3A280D0731CAA2CA
:102D300030CAA230CAA268F80076D224EFC1073F99
:102D400087931C33EB92340C914E1CCE793CDCC93A
:102D5000C3418CB2288CB2288CB2281A3E76D42774
:102D60000F420737C7736C7848C31C895AA34A1AA5
:102D700055D25AB5ACEBB4E1204659144659144625
:102D800059140D1F76DB2BEFC1071F8972300B879B
:102D9000B73447D22C1CA462162569566A89925210
:102DA00016654A9C66C3418CB2288CB2281A3E76BE
:102DB000DC29EFC1071FC9913487B26148D2384A74
:102DC0006A5118A76B1267C644D769C3418CB228F1
:102DD0008CB2288CB2281A3E76DE2B0F42073BCCF1
:102DE000A164988621C9E1305EA46888F730879293
:102DF000611A862487C37891A221DE89C3418CB2EF
:102E0000281A3E76DF2DCFC107679086298BC2280E
:102E10008B866990C2288B86298BC26890C21CC998
:102E2000923C0D8783186551186551186551347CA3
:102E300076E129EFC1073F8786830E85D1F03D0CEF
:102E400087830EE5C8F09045B5629465C3418CB2A6
:102E5000288CB2288CB2281A3E76E329CFC1076BA2
:102E600098E2288C876990C2241F966A540B873198
:102E7000A70E0731CAA230CAA230CAA230CAA268BD
:102E8000F80076E42EEFC1072F1DC2412A665131AA
:102E9000691C0EC910665131A92559D8946449148A
:102EA0006699341CC4288BC2288BC2288BA2E103EC
:102EB00076E72A0F42073FC7871DCAA1E12D4CB311
:102EC0006418E2B06918C4A8351A86346A8D862160
:102ED000CDE168B84595A8323C0476EE1EEB490773
:102EE000E33BA4433A343CE4900EE9D0F090433AFB
:102EF000A4433A343CE4500076EF27CE45076348BC
:102F000086439486511A0E6918A5619486431A4621
:102F10006918A5619486431A46690E26399A027685
:102F2000F2200F42073BA7E4C3B71CCFF11C1F0ED2
:102F3000397938E7F170CEE3E19CC7C339CF007629
:102F4000F420EFC1073FC7736478C8911C1BCE798A
:102F50009CC7C3398F87731E0FE73CCEB3E103765E
:102F6000F8290E42073387B361CCC25A380C4A584D
:102F70001B362DCCA6304A1AA3A4322C51166AC592
:102F80005A580B6BC398850176FC2B0E46071FCB56
:102F9000B1281BB2288BB2526334446912257112D6
:102FA00029C33268A55AA956AA9586288C1AF32CEB
:102FB00089D30C76FE280E42071F1AA461C8D37C61
:102FC000784AF364B8257996E45932DC923C4BF2A6
:102FD0002C194EF5A89E64C3354F0077012A0E4286
:102FE000073F87B26A1666615489754CC7746C389E
:102FF000284A8E84C321CC917038843912E648382F
:103000001CC21C4900770926ED41076B384861292D
:103010002C0D07294793E194E4519247C9704AF275
:1030200028192E519E44B9361CF300770B280F4205
:10303000071F19B461C8F11C1A0E3A9223C3D71C9A
:10304000CEE1E19AC461340C5A391F063DCE874166
:103050008F3300771F220F42073FC7736478C891F0
:103060001C1BCE793C9CF37838E7F170CEB3E1635A
:103070009A57732802772030EE45077B1892414912
:10308000932C49932C4993411986244BA2304BA28F
:103090007050865B12855912855992658392455A04
:1030A000524A62512E77282BEEC5071FCCC1211939
:1030B00092218D722C0AD3210DA3641894288F8637
:1030C000388BD2300AD3288B87288F923A960D03FB
:1030D00077292BEEC5071FC9F17048C328190E5177
:1030E000980E611A65A5C66848862D4AC3284CA368
:1030F000AC3444691225C3A0A70900772F2D0E46D2
:10310000071FCAE170885AA22C8992284B4A431A99
:1031100046691825C343B8455952AA25A55E86A815
:10312000254AB23A94C32100773625CEC5077B786D
:1031300048F22CC9B3647848B296AC25199441C9B9
:103140005AB296AC657848F22CC9E1611077372AFB
:103150000F42073FC7DAA3F270D0911C1A1ED27A31
:103160003519862492D2481C861C4973641872242F
:10317000CD9161C8913404773A320E46073FCAB107
:10318000281BB2288B9252244552920C5924D5A266
:103190002C8A4C43524A4A5249CAA22CCAA26C8871
:1031A000B248AA45691885F100773C2FEE450777AC
:1031B00018A22149A34A1A5586211A9234AAA45169
:1031C0006518A22189B2244AA22E991625593824BD
:1031D000611625B55C557304773E26EF4107677885
:1031E00088B2A6AC6978C8D986691872AC392B67E1
:1031F000D524AA8451122559A596C46A9E03775BEB
:10320000310E46071FCAE170488643948651340C3C
:10321000C9908651321CA21C1BA26148A26A1245A9
:10322000C39044D56488862189AA7996E46104779D
:103230005C2B0E46071F1AD2411D92284BA296A85E
:103240008E0DC93044C5A8318A864F61D418B50C9B
:1032500043348451630E26391A03776125EFC10781
:103260001FCCD1211AA2218DD2529A0EC97089FA8F
:10327000A721190E52FFCB7019D2529A63C305775A
:1032800063270F420733C797610DB36418942CADC1
:103290008449B1D4128759389CB23C1ECE793C9CEB
:1032A000F37838E7190077662BEEC5071FCAE1707F
:1032B00088862189D2304AC321190E51566A4D861B
:1032C00024CBA4348CA26148A2341CD2304A736847
:1032D00038776B300E46071FCAE1704886439486E4
:1032E00051340CC9904649940C87288D92211A8636
:1032F000244AC3A8312A0DA76294B443D130E61002
:1033000000776C2E0E46071FCCC1211992218DC269
:103310002C89922C4A86A812B547693824C3210A01
:10332000B7284B4AB5A434442D519215EB70087759
:10333000792F0E46071FC9E12C1992612985516327
:10334000920D9FC234CAE2211A86244AD42452D252
:10335000248A862119A23489AAF930E46902778483
:103360002C0E46073FCBA12C1A92E11065A55A6995
:10337000C8B1281A8624EA32442D5197281A862487
:10338000EA32442D51F761C8D3047785350F4207DF
:103390001FC972688A86648C6A61548B9264D0A259
:1033A000249192214994284BA26888C4A8B44595D9
:1033B0003E25B52419A42C2965511D89EA48317789
:1033C0008E310E46071FC9F17048864394E4921867
:1033D0002543340C49948651340CC9908651321CD3
:1033E000A2348CA2614886284DA26A3E0C799A00CC
:1033F000779E2F0E46073FCBA12C1A92E11065A5B0
:103400005A69C806A91A46C9F09064999448A6A4B6
:103410008B94288725CBA424AB6649358B12007783
:10342000A5270E46072F0DA3D6A436BC445DA2CA1D
:10343000A29494442BB544A19249C3354F876B9E07
:103440000ED73C1D6E0077A72B0E46073FC9C1283B
:103450001BA2E1542B255A3628C3A956AA6543342A
:103460009C6AA55A291A9EF228698AA3240AB324C1
:103470000A77AA2FEFC1071FCBA1218992214C4ABD
:103480002D512465956488D2A8920C4A4987066913
:1034900018A2D6A8352A0D4334446954AB0F07014E
:1034A00077AC310F42071F1BE2411DD22C896A51B4
:1034B0001265613424C3414A724452D26888D2A84A
:1034C000B40C53126551A4741AB26898AA795C8F2F
:1034D0000077B32EEEC5071FCAB1614886AC544CC5
:1034E000B228191E722C8A862189BA0CD130245137
:1034F00097281A86244AC3211A86244A7368387783
:10350000BB340E46073B87876948D2281A9E925AD9
:10351000342452254A864394E4C89024C3122539A2
:103520001225C9B044498E0C49322C9114A6D130D1
:1035300066610277D7290F42073F8786830EE5E051
:1035400030E4489A23511D89AAC3435A1D96612D20
:103550000FCA20664916263D263D0D1F77DA360E26
:10356000460777B8E683321CA2A4144949945486CE
:10357000A4144949320C52D2655092619012299399
:10358000926450A4A4CBA024832225593119961CFF
:103590004D0077DB24EF41076FB8E33994E5609283
:1035A000C3F9F0A0AB7112C6518ED5A13047D258E5
:1035B000CED12487730077E2240F420733C7733CD0
:1035C0008787439AE5509823698EE7C3F71C4E72AC
:1035D00034C9C12C87D25897745077E3230F420720
:1035E0003B877338CDABC341CEE31C1EAE618EE783
:1035F000C8F090273998E5501AEB920E0A77E52922
:103600000E42072B8773381E9461CA9228CCB430BF
:103610000B6B616DB86461AD92B564A52C1AA42CD6
:10362000CA9230CF610077E92E0F42072BC7C361E2
:10363000908624476A7994E558360C619626C3A093
:1036400086591A6669980D4396443954C9912CC914
:103650009174B81377ED270F42072BC7C36190868B
:103660001C4B72300A87B12FC39084C561CCF1B076
:10367000968459298BB23A960E770277EE2E0F4236
:10368000072B47B6708887304DE2308A865B9854A6
:10369000B3A8320C5198A539120DB7300B93282CD2
:1036A000454A9885621E95C50477EF310F42072B76
:1036B00047C47088872C4EA2E11085599A254B1873
:1036C00055A26190E61CCF8621CCD22C8992258B05
:1036D000924E59922C515A89430577F320EF4107B6
:1036E000E3E71CCFE11CCFE11C1FAE7A98E45994AC
:1036F00047591EE7711E0FE73C0277FD2A0F42076C
:103700001FCAF174D872241DB6308DD2D290141312
:10371000498B22294D9AE2308AC3284D87308EB2D8
:103720003CCD511D78022E0F42071FCBF17018F3CC
:1037300030A9864994A549160D4994255212A5929F
:103740001625A530CAA23009A3381CD25218A73AB0
:10375000A803780C32EF41073F1FA46498C22C2ABB
:10376000665192665132444B944443164DB52889B4
:103770006A5112554A4914499521AA25519AE55092
:103780002547C204780D2B0F42071FCAF174D87267
:10379000241DC4B6340B87244AA53095C24A94250B
:1037A000699425699425E9106561540BAB7901781A
:1037B000122DEFC1071FCCB1DAB0647156CA9A8AD4
:1037C00059920DC9A24949164A495689922C8D929F
:1037D0002C8D922C8A86A4A9456A0C0778142CEFAC
:1037E00041077F189261CAD2304BC32C4CB370880A
:1037F000B24C1A0E89548B92A81646B530AA85434E
:10380000948551127647D20878272F0F42071FCB95
:10381000F17018F3388F07298F873095C2544A8684
:103820002129256916256916256936246916256911
:10383000160E438EA4090078302AEF41077F1892B4
:1038400061CCE33C8B6A6912654394D4A4309586BD
:103850008312857114C651180F611C85719EE32176
:10386000007834320F42071FCCF16C58E36C18B467
:10387000A662966443928552320C9194D49252522D
:103880002B255112464994844392A59196845994CC
:10389000C5511A78372C0E42071FCBE16C18E36C28
:1038A00018B25263541A92A82225C3904849142989
:1038B00051127589BA0C43342451C734CFE10C78C6
:1038C000382DCFC1077B7850C2340BD32C6C1986AE
:1038D00064484A952829455352AA4449A9122525E6
:1038E000A59494926848C25212E6D07078522EEF96
:1038F00041077BF896C4691267C3908549DB9074D1
:1039000092924E52D2A7A45B94685A94A4D990A4E0
:103910005994A459380C39922600785D330E420729
:103920001FCBB1281A862889B23029C669380CD134
:1039300090A48994A489940C831225695449A3CA3C
:10394000304443924695340AB3240F1300786B3009
:103950000F42071FCA29E1A00C8316E76914A6616C
:103960003624C320D59144AA14A34A31AA14A34AE9
:103970007148A2248C922889D22C89C27C786C2F21
:10398000EF41077F7810F338CF86210BA3DA9044FC
:1039900025291986484AA24A29896A51320C599424
:1039A00044F110257194E569A243E200786F2BEF92
:1039B00041077F9886254CB330CD86B17148C24C03
:1039C0004A864D4AC2288992B0940C63D43A44D5B1
:1039D000308BE2304AE301787C40EF41077B488638
:1039E0004B9444B528896A511225E1900CC9904442
:1039F0004994444994445312255112254332245189
:103A0000122551122551122543122551122551120A
:103A1000A549539825910078892DEE41077F784874
:103A2000A25AA95659A2302A0DC9302452922652C0
:103A3000922C4A9474AA74AA244B34246994C5C560
:103A4000248D1300788C29EF41077F98063DCCA187
:103A5000301CB61CCB863C8B92E120A5A524AB4440
:103A60009525AA25B521EA25AB23753805788E2A38
:103A70000F42071FCA29E1B00C8396E36116A659CD
:103A800038249D6C15298792288CA3E11015E32119
:103A90008CA330CE733C0478912F0F42071FCAE1EC
:103AA00078588621CCA26216D5C261C886242A49DC
:103AB000492D929261484AAD5192A5D1708886B441
:103AC00094D6911CCF007897340F42071FCA29E182
:103AD000A00CA72C8F2A6994E6C8102D43122551FB
:103AE000124D499444499428A5249222A59445490D
:103AF00034445918D5A2388CD27878982E0F4207C2
:103B00001F4A7234C9862D89B36108B3A42D4CDADB
:103B100086A493940C4324257D4ABA4549B7683856
:103B200044430E46B5B09A17789F320F42071F895B
:103B3000722889B24129A5D17088B2240A2B513844
:103B400024C99049490E5586412AC6D17050A26CAD
:103B50001DA2A4582A6B990EA50078A7270E42072C
:103B60001FCB8621CAC36119A4300B876D48C2419F
:103B70001C76CAF090E6680E0E87488A9B87412E15
:103B80000178A930EF41077BF898A739920D4316C9
:103B9000A6D990A491940C43242569524A86218B7E
:103BA00092348B92341B9261C8A21C4CB31C4A13F2
:103BB0000078B02FEFC1073FCCB1281B74341B062F
:103BC0002D8DC2380A872CAA4452694A4A49542981
:103BD000695116855116854316855116E5C870083A
:103BE00078B3300F42071FCBC1A832486D61540B28
:103BF00087218AF321CBA3643848591446B530AAEB
:103C00009492288992D290748BC4240EB31C4A03D8
:103C100078B42AEFC1071FCBF170508653BC566AA7
:103C200069541A92AC1245C39048D5A8340C516B14
:103C3000541A866888D2A84E1A0E78BA310F4207F5
:103C40001FCAF17450865396D4A2340AD3615086A9
:103C5000280BA344CB24651894A81646B5308A8651
:103C60004119A22C8C6A39360C7A0E78BC2CEF41A3
:103C7000077F7888CAE130646194A6C3100D51357E
:103C80006A94A26150A21C4AA2A44F492F43D2A712
:103C900024CFC12487230078BE30EF41077F7850BE
:103CA000E2AC9C65C32085516D48A2929424C32246
:103CB0002551A59444B5281906A9D2140D49B74831
:103CC0002A66911467610078C1320F42073FCCB178
:103CD000D2104669341CA2B09686D914664A944420
:103CE00049949492A8924C5B9285591285E114569E
:103CF0004A49140FC99043610278C52C0F42071F2F
:103D0000CA29E1A00C8316B64661385C86244F228E
:103D1000AD22A5A56418A45A1E658336644DC51C42
:103D2000AAE448980178CA2A0F420767788873384E
:103D300087876B1287519C65C3A053876518B2B8FB
:103D4000795886A5A6644D5936488356CA1200781C
:103D5000CB2CEFC1071F0973AC326C519A0D83163F
:103D600057876D085329190645CAD224AA2351340E
:103D70000C51254B07318DD2E2300878D02A0F4202
:103D800007331CC2412A6649362575685806318BAF
:103D90008A494DCC1449270D1F73783884491E4930
:103DA000793C9CF30878D52AEFC1071FCBF17098B6
:103DB0008631CEE3E2304843164BC5484A864B94E1
:103DC00023516518B228E93624DDA2A45B361C789D
:103DD000DA2F0F42071FCBB1E1639E0D439845B523
:103DE0007018B221894A52320C9114664A341CA2CE
:103DF00072180D876848C2522DCC931CCE0078E80B
:103E0000300F42071FC991E121CAC2341992412BD8
:103E1000A6D131A928B5629A0C872CCCA12CC7A2B7
:103E200061D0A224CD92288DD261C891340278F756
:103E30002F0F42071FCBC1A8326849311B4E695270
:103E40004BA3D2906495A89A48D5A8B40C49944441
:103E50005914299D862C1A92A89AC7F50478FA302D
:103E60000F42071FC972AC342CC310D6D2300BB32B
:103E7000E13484A9940C43242551A5940C431625C0
:103E8000512D4A86211B7230AA85D5BC0079013498
:103E90000F42071FA9A3513648C32085599A69616B
:103EA000960C8332445918D532291A0625AA855111
:103EB0002D8CA26150862847A2A4298F9228CD92EA
:103EC00028790E300F42071FC972AC3428433244A0
:103ED000691686CB14265D06292BE598940C972845
:103EE000CD92A8352A0DD11055A3A41DCA8631C77D
:103EF000007919340F42073BC79364382472944504
:103F0000492D9CB21C1994214993523244C9A444AE
:103F10004916B564D130244BD4920D49B728891283
:103F20003D8B7624067926370F42071FCB29D9A06F
:103F30000CA72CCA5A862109A32C1A92E1122561DA
:103F40002625C930245152AA4449320C4994942A56
:103F500043920C431225391E65719406792B300F5C
:103F600042073FAA23C9920C4A9488596289B2E158
:103F700092264D4392584AC97090B2244BA2B494F1
:103F80000C97283C64492DEA9ED5B110792C2C0F52
:103F900042072B4BB2B069502A839443D994444BC7
:103FA00053A5942559347C4CE3E12069B9380CB20F
:103FB0001C2A713E0C7A9C01793A1BEF41076B3841
:103FC000E8FC79F89EE339D69C85AD511ACBD5240F
:103FD000877304793E240F42072B2FE77138A839E5
:103FE00092E6711E0DA7B5522C25611EE7711EE7E2
:103FF000719E0C872C070179412A0E42072BC7C3FB
:10400000610BC36188B238CAD22C4AC32CDB4A493F
:1040100029942A61166AC5A4584AC31C0973244C02
:104020000179482A0F42072B87D27CCC8670907288
:1040300030CAB13A960D83346561D2564A6A7156D8
:10404000CECA59390AE3288C93340379562D0F428E
:10405000072BA764C39A85D120857114A6D9B066B1
:1040600061388559D218559261CDC2340BD32C4C8E
:10407000B3304D8643968300795D2E0F42072BA700
:1040800044C32046713228719AC4611487D13068C4
:104090005B1426A55A9444E5308AB352D694456100
:1040A0009425F1A66300795E230E42072B8FBB0D8A
:1040B000D23084515BA9562A1D86A4532425A55AC3
:1040C000A9960D4356AAC5BD01795F210F42073F4E
:1040D000C79AB3F2704C4B696978C889C341A70D80
:1040E000DF73AC35AC55D23C47007965240F4207ED
:1040F0002B4CC3DEA241C793E116E7713C0D4394FC
:10410000144B711E0DB7388FF3388FF3380479686C
:1041100024EF4107677888B37C388851168551169B
:1041200085C341A70E079D367CCFB1D6B05649F363
:104130001C01796D2A0F42072FC7C31C1A9264C84D
:104140004A5994D4A24A55CED3641892480775D2DE
:10415000F0902339D61AD62A699E2300797F290F39
:1041600042072BCDA17050C32C1AA4308E06398F74
:10417000E554190E49398C6A5D96B052CDA262940D
:104180003526799A027981240F420733CD91341D67
:104190009661DCD6A4B7A8694BB29C65B8731DBE06
:1041A000E7586B948459182700798D330F42072BF9
:1041B000A764C31066693248696988C22C2A6651AF
:1041C0006D192E155DAA0C4A16255992454996641B
:1041D000513228599467519A64519C00798F2B0F62
:1041E000420727A764C32947076918C22C0DB334B7
:1041F0000B8721D35125190E495B296BCA8653D6EB
:10420000943565C329CB0379A62E0F42073BC7A27D
:10421000411992A81649C9A044C52C4AA464B144C6
:10422000499664C9B0E4E4E1A0D386EF39D61A25F3
:10423000618EE4080079AE310F4207278ED26C18E8
:10424000B44A942483320C62944449180D8396E353
:10425000D230484A8E259561D0CA59360C5AD81AA0
:10426000A5D17088721479B12F0F4207272F0DB78F
:10427000381D946110733C190E510E46D230644AB9
:104280009826C97090723C1A0E510E85D170885ACA
:104290008AD110490079B9240D46071FCBA1411AD4
:1042A000763447866356CC8AC31D8987073555A364
:1042B00048192E529CE8A08E0979BD2C0F42073F69
:1042C00087931C336B99240D43A46639124D719268
:1042D00025F170C772647888C238CA9AA261886A68
:1042E0006154C7140079BE230F42071FCCC1411C83
:1042F000763CC7733C4786877C07933A96D4A1F6F1
:10430000AC1A96D454CFF11C79BF250F42071F9ADF
:10431000871DCEF11C191EE2A40E356B99A4836A89
:10432000966375AC8ED5A1B09686893E0879C02774
:104330000F42071F9A871DCEF11C191EE2A40E35ED
:104340006B99240D43A4863994E55836C4799CA70B
:1043500095500F0179C12D0F420737CC912D1DD2F9
:104360001C4973240D8741C9A13047C41CD9F2A44C
:10437000544C1AA35A9864D13088591AE65098635D
:104380000079C9270F42071F19C461C7736478C831
:10439000911C1A0E3A1446C3F7301C0E3AB28349E8
:1043A0001D6AD632494DF51C79CB2E0F4207B38ECC
:1043B0006CE990E6489A23599225C3520BB3240A1C
:1043C000A54A3AC649294993521246611467E52C19
:1043D0004CA3384C722479D1290F4207338E972C85
:1043E0001BC2280EA338CF86258BC328DDA25449D3
:1043F000C3241F92D2B045799CC7799CC7790679AE
:10440000D22A0F420733CDC77088F330A98649946A
:104410000C539235659116C54B16558A51A5984493
:104420007524CDE37AA823910E79D82E0F42073355
:1044300087B77488F3384973241AA62C0DA37429FE
:104440002599A2D49252524B9A4429CCD24C4BA3D8
:10445000244B936C48731079DF2E0F4207338797F4
:10446000611AB230CDC2340BA36119D62C0CB53011
:104470009CC22CA90C5BD218D5C2340BD32C4C9304
:10448000E190E5200079E4270F42073387976148E0
:1044900086388FF32CAA0C53128595A21C2FC3A526
:1044A000314D8AA5388FF3388FF3380479E6270F1A
:1044B00042073F4786871CC9A1E1A02339327C4CC3
:1044C000F3504993218CD4541BEE483BD49E15C520
:1044D0003A940379E72B0F420733CDC77088F36C0A
:1044E00018C22CAA0C4B54CCA29A16D5A62EC97071
:1044F000481A4B6912A7491C66699686511E79E9CC
:104500002D0F420733CDC770C8A23C8BF26C1892B6
:104510006189F2288BE5781A06A5314D6A4916A5FE
:10452000491C666998A5591A46790079F82C0F42FA
:104530000733CDC77088F368B8C5E130E6D9306479
:104540003ABC83496518A2A43589B234CCD2304B29
:10455000C36C18C22C4D0079FB270F420733CDC71F
:10456000704807B15B1245C32897D5289CA4302911
:104570000E4A5B28654A14E66A1EA77A26037A006B
:104580002F0F42073312C34D8986580EA53452931C
:1045900061CB9168386D49AC94D2241A062969AA76
:1045A000445954CC2225CCA2248DF338047A052E0C
:1045B0000F4207338EA7DA10666916A6519C0CCB02
:1045C000B064C5500BC329CC92CAB025A55A144675
:1045D0007118C559298BC2284BE2017A082C0F4269
:1045E000073387976148862C0DB36108B334199659
:1045F0006108737847956418A2A49826711845C37A
:104600002DCEE33CCEE3107A0B2CEF4107531986F5
:1046100064C8D2304BC32C4D866518C21CDE5125B0
:1046200019862829A6491C46D93084711EE7719E37
:104630000C87007A0D2A0E4207338D97281AC4245E
:10464000CAC2A41867C3320C5935D2D2E830245DEF
:1046500093AE52360C5935AB662D5931017A172D70
:104660000F4207B38E4CF1900D439845C52CAA0C10
:10467000CB308459549B922C53926188925231C909
:104680009AA2E196C7799CC779067A1A2C0F42073D
:10469000334BF2A93684519C0D83D6360C5A9C2498
:1046A000C32069D5290B93CA3028DD4A59392B67B5
:1046B000C3A0D5B13A007A202B0E4207334797E1C9
:1046C000A045B552AD721892A8960D43A4A5D194F9
:1046D0002CFD7F91B264C9AA591467519864499C12
:1046E000007A2E2C0F4207334FC72119B2218FF3C6
:1046F00068F89867C39069516D1A8628696AA90C91
:104700004312C579360C619C47C32D07017A312FBE
:104710000F4207331EB2650887340BB3A8588B8647
:1047200031CF86219BDA94524B6518A2248B2A51F3
:104730001615A3E1560DB34A988511007A3B2A0F4E
:104740004207331EB265088738EB948551920C53AB
:104750000EC5B1369DE2A473D2320D511667E5AC99
:104760009C65C3A095037A3C2F0F4207B38E8CE162
:10477000100DB728CF72705886214C7331C9A245ED
:1047800052A2A49668491825A5C812A64994855135
:104790001C29E522007A3D2F0F4207B3126F5134D6
:1047A00044C32056F22CCA86411CB2566D88A734E9
:1047B0004A4AC394D4A1DA3084591A66C310666990
:1047C000980D43027A3F320F4207B38E8CE1100DF1
:1047D000B71CCF866958C2341BC61D55865312C5F7
:1047E0005112254352AA44491825511246C99084B2
:1047F000519884511A017A462C0F420733CDB77471
:10480000C88621CCD2301B866458D2301B866C8D72
:1048100095524BA24949518D224D4DF5CC18CBD123
:1048200090027A4D2E0F420733CD97E139CF862182
:104830008CC36119062D87B561C8A6344A2AC310F6
:1048400025AD49940D4398A561360C612DCDD20458
:104850007A4E290F420727C7236918923DCCC234EC
:104860008B866D88C21C0A536998C6C66119862456
:10487000EC7698925AD4D816077A57320F420733FB
:10488000CDC77088865B9C67C3900C4B54CC862147
:104890009BDA946418A224CE92D27088D2308BA373
:1048A000304A6AA5244BB2241B22007A62330F429D
:1048B0000733CD976848862CCA93E190E5D9B02696
:1048C00061349CA4305D863149A4A4944495A68AA1
:1048D000528C14254DB228C9B428D122290B7A69EB
:1048E000320F42072F1E0669D0B3282B4649980D78
:1048F0004334887934DC7454498621D3A14A360C78
:10490000610E85D9308451522B2551524AB241094A
:104910007A74250F42073BA7E4788E0C0F4A8EEA83
:104920004816673956C7C21C497324CDCB799A43C0
:10493000590E26391C7A76290F42073BA7E4C8F0A6
:10494000A0E4A896466114A6599A233936DCB13AF8
:1049500014E65098236956CEA21C19921C067A7A46
:1049600023EFC1073BA7E4C8F0A0E4A89646619EE8
:10497000E6504E1EEE588EE7788EE7788E0C0F09C3
:10498000007A7F260F42073BA7E4C8F0A0446926BF
:10499000E5494E1CDEB11C49F3381F1EF224C7A4A2
:1049A0001C116331C9E1187A81280F42073BA7E443
:1049B000C8F0A0E4A8964661560D932887EA608E59
:1049C0000C0F3992C3490E663994C6BAA483027A91
:1049D00084280F42073BA7E4C8F0A0446926E549B4
:1049E00096E4F1704D7230CAB16C187224C7737CB2
:1049F00018F41CCFF11C027A92250F42073BA7E462
:104A0000C8F0A0446926E5494E1B1EE21C4EF3E1A6
:104A10008ED5B11C1A0E3A94E3F9F0017A96240F60
:104A200042073BA7E4C8F0A0446926659534CAC193
:104A30006190B31CCF87EFC4E19CC7793C9CF30C19
:104A40007A972B0F42073BA7E4C8F0A044692615CC
:104A5000933807878398A561364461944561D216DF
:104A6000764BB2308AC3E120E650047A98280F4290
:104A7000073BA7E4C8F0A0446926E549361CF43892
:104A80001ABEC6E1709073783884499E4579940DBA
:104A9000E73C027A9F290F42073BA7E4C8F0A044F5
:104AA0006926E549361CC41C0A878398E648D41A4F
:104AB000B546C390D6A3AC292B65C3097AA92C0FA0
:104AC00042073BA7E4C8F0A0446926E549361CD458
:104AD0003C1EA6388CC2E121CAC1281A86A8352AF4
:104AE0000D435407A31C53007AAA260F42073BA785
:104AF000E4C8F0A0446926E5498EE5D930A4ED4824
:104B00009C0DC71CAE6EC310C6799C47C3057AAE18
:104B10002F0F42073F478607254A33294FD21C1DD6
:104B200096410BD36C58B33019B461C9C3241E86A7
:104B30006490933494D2644AA22447C20C7AAF2C76
:104B40000F42073BA7E4C8F0A0446926E549166573
:104B5000518ED491E1A0433936DCB11C191E72622A
:104B6000540BB3288BC2284B007ABA2A0F42073B5A
:104B7000A7E4C8F0A0446926E5494ECD866D50C231
:104B8000341BD62C8C866558B3B0120D63D498664E
:104B900091A80E7ABF310F42073F478607254A3357
:104BA00029AB4443348851520A93D4286949222BB3
:104BB0005134885112C54A320C59528BC361C8F224
:104BC000381B2E007AC4320F42073F478607254A1A
:104BD00033291193EC20E6503844839843E170D098
:104BE000A949944461944449984449144649949489
:104BF0009228C9244D0D7AC52F0F42073F478607DB
:104C0000254A33294FB2418BB3F2A00D521665D914
:104C1000A094D252340C5192C6493A8469560993F1
:104C2000521665511A7ACA2E0F42073F478607254A
:104C30004A33294F522D5E07318D93CA3064536336
:104C400096B40C4B9A49C369C92A15A92255062561
:104C50008B62017ACB1DEFC1073BA7E478CE343CD1
:104C6000E4CCF56A8EA43994E5581D8B72FAF001F4
:104C70007AD92E0F42072FCE913447D274D8727C46
:104C800050C3340BD32C8CA36418B2244AB3244AE7
:104C9000D3214D862C8DD23A320C399226007ADF00
:104CA000240F42073BA7E4D07090D31CCAD2E13B4B
:104CB0007138E7F170CEE3E18E643914D6D230D189
:104CC00007017AE0210F42073BA7E4D07090D31C84
:104CD000CAD2E13B7138E7F170CEE3E18EE5C3F76C
:104CE0001CCF017AE32C0F42072BCE913447C22C04
:104CF0001A96341F8E39A4356551924595284CA2D9
:104D00006CD0924CAB4495780CE7244CB55C167A89
:104D1000E5230F42073BA7E4D07090D31CCAD2E131
:104D20003B713867E5E19C95873B9643C34187F229
:104D3000E1037AED310F42072BA764C31066693295
:104D40002CC3902369691892AC9C45C3A044495672
:104D500089DA925A524A6A71B60CCB9083490E2571
:104D6000391C017AEF2E0F42072BAF45C52CAA0C38
:104D70004B54478621CDB1CA70C8D2521847D130A2
:104D8000444996342559D2B8741993A634694742D8
:104D9000057AF6300F42072B6F1B86641892AC4BD6
:104DA0009A44C3900C434E1A96610A93300A93308A
:104DB0001A96614BC2244D4A499A482D512D52D31F
:104DC000017AF9270F42072FCD913447D21C49F3BE
:104DD00041198628C9A230AAB584799CC7799CC795
:104DE000799CC77998E469087AFF250F42072FCD8F
:104DF00091341F966189B2280B9330A70E071DCA04
:104E0000F11CCF87EF399EE3399EE339007B0626FC
:104E10000F42072FCD91341F96614AB228CC9230B1
:104E2000CA49C341EC1F878398E33918E56094832E
:104E3000D9F0007B11270F42072FCD91341F9661C7
:104E40004AB228CC9230CA8774D8F11CCF87EF3988
:104E50009CE460964369AC4B3A287B1B230F4207C6
:104E60002FCD91341F96614AB228CC92308A736854
:104E70003888FDE37010FBC7E120E650047B26274D
:104E80000F42072FCD91341F966189B2280B9330C2
:104E9000AEC7A5E1A48749D614467118C5799CC749
:104EA000691217017B28290F42072FCD91341F96D5
:104EB0006189B2280B933087726478C87730A94330
:104EC000ED593519862452533DC7733C077B2C2B73
:104ED0000F42072BCE876558A22CCAC2240C8783A9
:104EE0000E85391486C341AC43610E0DEF6A9CA454
:104EF000A15489C62CC772007B46280F42072FCDCC
:104F000091341F966189B2280B93301C0E39561BC1
:104F1000BE67E970C8B11C1A0E3A940FDF733C07E4
:104F20007B49270F42072BCE876558A22CCAC22483
:104F3000CCA11C1A0E3A94E3F9F09D311D1ED23A11
:104F400014E650258753007B4B300F42072FCD913D
:104F5000341F966189B2280B93301CB4382B67C973
:104F6000B00D5A9435654DD9A04559298BC2288B6F
:104F70002AA5A4988411007B4D2C0F42072BCE87C5
:104F80006558A22CCAA2A498E6F8700873284B862C
:104F9000216A8DD26188D2523A0C515ACAF11C4C06
:104FA0007238047B4F2E0F42072FCD91341F96612C
:104FB0004AB228CC9230CA2A399245719823E230FD
:104FC00025C91047699456E2529826C5CC98C8095D
:104FD000007B502C0F42072BCE876558A22CCAC2EB
:104FE00024CCA9C34394E3C970C8D21C4973241AC2
:104FF0000631CD91344792E190E5F8F0107B5232C2
:105000000F42072FCD91341F96614AB228CC9230BF
:105010004A8683984361320C4998436134486194CD
:1050200045619445613448610E857912E648067BF6
:1050300054270F42072FCD91341F96614AB228CCD6
:1050400092304A931C33EB92340C914E1CCE799CD7
:10505000C7793C9CF30C7B56280F42072FCD913427
:105060001F966189B2280B933087F2E17B0E0D0702
:10507000B1DB164649458EEA59510C7524077B77FA
:105080002E0F42072FCD91341F966189B2280B93C2
:1050900030AD23D9B08A5196D4A22C49A32C89864D
:1050A0004394E64898E459394A2BB9007B8B2F0F7B
:1050B00042072BCE876558A22CCAC224CC913087D8
:1050C00092611A862487C37891A221DEC31C4A8686
:1050D0006918921C0EE3458A8678017B8D330F4256
:1050E000072BCE876558A22CCAC2244C733C1A6E7B
:1050F00051160E439647C9304649291C92523244F4
:1051000049298C924409A3A42D89B2381B0E7B94A3
:10511000300F42072FCD91341F966189B2280B932F
:105120002849EB50340C516B16A65994A471320CDB
:105130006994465B1A6669980D4398A509007B95AA
:105140002A0F42072BCE876558A22CCAC2248CD3C3
:105150001C49D3E121AD23C39023698E0C438EA457
:10516000E1F031CDAB3914017B97280F42072BCEEC
:10517000076958A22CCA72D2701073281C0E620ED6
:1051800085C341CCA17038C869387C4CF3B81E0285
:105190007BA1290F42072BCE876558A22CCAC224B7
:1051A000CCA11C191E941C9586410AE37C18F41CA2
:1051B0001FCE799CC7C339CF007BAD2A0F42072B86
:1051C000CE876558A22CCAC2244CF36A387CA70D3E
:1051D00052318B8A8354CCA2E2A086591A26B52478
:1051E0008CD20C7BB12F0F42072FCD91341F9661CB
:1051F0004AB228CC9230CA723C1BA66109D32C0C4F
:10520000B5619CC22C69CC92CA30D5C2242BA6D9D8
:10521000B0007BC0300F42072FCD91341F966189BB
:10522000B2280B9330270ED3208551160D531685C7
:1052300051160D531615B328AB941225AA69519C2B
:10524000A7007BC42F0F42072BCE876558A22CCA1C
:10525000C2248C73701892410DB36818922C6AC9DD
:10526000A26148B2A8A5691892280EC3E120F63AB7
:10527000087BC6280F42072BCE076958A22CCAEA22
:10528000F830E4713E0C399E0E5F756C11F3289175
:10529000A5594BEA881469932A7BC72B0F42072B29
:1052A000CE876558A22CCAC224CCB11C19DE722C40
:1052B0001BDE723C190E5912B525515B321CA2FE41
:1052C0004B962B007BC92C0F42072BCE876558A22B
:1052D0002CCAC224CC066590B37226C55952CA9610
:1052E0002C1AB274CF91E1214EEA50B396496A2A42
:1052F0007BD9290F42072BCE076958A22CCAD21C92
:1053000019BE1387731E0F77EAF010E560140D4382
:10531000D41A958621AA630A007BE12A0F42072B43
:10532000CE876558A22CCAA2E190E6F170CEE3E1E7
:105330009CC7C31DCAA1E121CE7244C9B4298BC642
:105340006108017BE9300F42072BCE076958A22C78
:10535000CAA21CCE86CB20A6599866C930448312B7
:10536000B546A54189DA92A82D89946850A2242BCC
:10537000E678087BF72C0F42072BCE876558A22CC6
:10538000CAC224AC0D73528BC31DDAA63547A26185
:1053900048EB4836C8698E24C32D09E36C38047C79
:1053A00007300F42072BCE876558A22CCAC2242C87
:1053B000E7489A0E43320C5118C5F5211AB62889D0
:1053C000E2288CA3641894AC1226A52CCAA2547CA3
:1053D0000D290F42072BCE876558A22CCAC2240C78
:1053E0008783D8347C0A8BC341CDCAC31DC9A1E1D0
:1053F000639A43833CA413007C21330F42072BCED6
:10540000876558A22CCAC2240C0769D04A5936486D
:105410008356CAB2411AB41C2B0D53168551160D72
:1054200053168551160D4392E550047C27260F42F2
:10543000072BCE076958A22CCAC22C1F0E7A960ED3
:10544000DF736838888DC3416C1C0E729A577328BD
:10545000027C3D2E0F42072BCE8765588A51560A93
:1054600073A40E6639A28AD220E9C44119C42CC99A
:10547000C22CC9C24119E4344FB224CD922C027C13
:105480003E2C0F42072BCE876558A22CCAC2240C93
:1054900087B7E6E1AD9427C3318B8AC35BA9980C2B
:1054A000B74C52A3244AB2442A29007C3F2F0F4212
:1054B000072BCE876558A22CCAC2A41446C331CD8F
:1054C000916818A234AA85C3904549544E86218D0F
:1054D0009A863C8D865B310D230D7C432D0F420750
:1054E0002BCE876558A22CCAC2240C87298EC2787D
:1054F0009806294CF261A946B5701873EA7010A39A
:105500002C0AA32C8A860F7C4C2B0F42072BCD91A3
:1055100041198624AA65C3838EE4D070D069C3770D
:105520003C1A0E39960FDFC170508621CAA2E220C4
:105530006A007C4D2D0F42072BCE876558A22CCADE
:10554000C2244C4BD9200D631A658316A5D9F01DD2
:105550000C876D0BA3A4342C511285C5616C017CA2
:1055600060310F42072BCE876558A22CCAA2A4181F
:1055700087F1300D5A94A5C3A00C3A1E0DD3208597
:10558000513C4C831446F1300D52188549A60D024A
:105590007C6C360F42072BCE876558A22CCAA2A47A
:1055A00018A749360C5131C98625AA44595299B2D7
:1055B000614886B1940D43322CB524CA924E59B23B
:1055C00024C3122A29007C6E300F42072BCE0769B4
:1055D00058A22CCA8607296B1A1EC24A9C4661969D
:1055E0000C833244F56818B42889D24119861C8985
:1055F000D2A4329C73007C72350F42072BCE876594
:1056000058A22CCAC2244CB56188AAE1300D4A9C2C
:1056100064D130248394748B86211974AC340CC902
:1056200020254D49360C49162515357C73240F422B
:10563000073F87C26A16C651964775304786877CF2
:1056400007933A96D4A1F6AC1A96D454CFF11C7CA9
:105650007D260F42072FC7B36148A2248F9272960E
:10566000C88DC3184BC369AD14D3A4588AF3388FBF
:10567000F330C9D3147C89310F42072F8FD3248B89
:10568000922C09935A12265A35CCA2614933291912
:1056900094688CB2A41665492D6A8DD2304BC32C08
:1056A000CDA2248DC20C7C922E0F420733CD9138AF
:1056B0008C92304DEA58A20C839863C310875A1815
:1056C0004E6196948A49A91685512D4CF2388F86E1
:1056D00041CC31007C95290E42072F6E8B922C4DC8
:1056E0002AC39024529A55872149232D8D0E43D2E7
:1056F00035E92A656956CDAA59360C59357C972E5D
:105700000F42072FC7B361AA14B3A4314BA430CD05
:10571000866958C2500BC329CC92CAB0258D512D31
:105720004CB330CDC234190E590E027C982D0F4265
:10573000072FCEE3304AC23429A6893A6871388CE3
:10574000B11C4FC31025AD51D29A44591A666998BD
:10575000A561360C619626007C9F270F420767786B
:1057600088B31CAB0F0731CAA230CAA27038E8E474
:10577000AC1E55878738A943CD5A26A9A99E037C1C
:10578000A5300E42073F1EA46808A334546A613254
:105790002643140D491A85D930A6513844D1102614
:1057A00063A8D4C2280DA334A94549166611007C0C
:1057B000B12AEF41072B1BB6288CC24A94845112A0
:1057C00045439464512D4AD228CCB37A541D1EE22D
:1057D000A40E356B99A4A67A0E7CB32E0F42072F28
:1057E000C7B3E1948469524C136918C22CAA0C4BBC
:1057F00054D386219BBA34B554862189B2280F939D
:105800003CCD91309123717CB52B0F420737078730
:1058100083984A613244491825A570388851520A44
:1058200093A8120E079D367CCBF1E190E33998E402
:1058300070087CB92A0F42072FCD91388C926418DA
:1058400094762CD1AA61160D4B37292BED60524C62
:1058500093CA708AF3388FF3388F43007CBE2B0FC6
:1058600042072FCEE3304A9261501AD3441BC63808
:105870001C96619074781BA6A41446496958A2B07E
:1058800071187B4AC25A047CCA320F42072FCCA13E
:10589000301AA4246A6959A224D1A25A180D87A8E3
:1058A000495BA2684A4A492F43D227294B4A59B635
:1058B00044599C95935A9A25007CD52E0F4207AFE8
:1058C0001AB644499455EA58A20CB7381CC6581B5E
:1058D000866CAD14D324190E528E4749298C2A5157
:1058E00096644994E520007CD6340F42072FCE6B96
:1058F00051920C83D22D4CA46410B34A322CC32095
:1059000069956C4A0629690B93964189B2240BB3B9
:10591000240BA35A184583986415007CD9330F4291
:10592000072F8FD3248B1229099396414AB428CE8E
:10593000B3611A86C80E4DC92025DDA2A45B12658D
:10594000C92066491666391625C3902539047CDCC2
:105950002C0F42073FA7E4C8F01065619A0CC9A05C
:1059600045DA98244A9B9444AD3912B56649797852
:105970000BE730A9665124455A287CDE250F4207E3
:10598000AF3DAA0E0F715247A4481C1EC2AC3C9CEE
:10599000B3F27047B27C38E8593A7C4CF31A007C79
:1059A000DF2C0F42072B8DD2521A0D07A51685D377
:1059B0003068952849066518B44A94448741527264
:1059C0002C290D63C761EC388C4D007CE0320F420E
:1059D000072FCE6B51920C83D22D4CA46410B34A86
:1059E000322CC32069956C4A0629690B938A1449A5
:1059F00059D298456B54294649544B420D7CE72FA8
:105A00000F42072FC7B36148A2A41A2595618812D7
:105A1000290DA3E13BA80D433675A90C43943455D9
:105A2000A26C18C238CF86218CF368387CEF320F15
:105A300042072FC7B36148A2244C9364382489924B
:105A4000B52989328CB1A624DA0E26C970481A4BC2
:105A5000D9308459D298258D59D298850A007CFB7B
:105A6000210D46077F90861DCBC1B475187230C7D3
:105A7000C4504F868738CDA26AD658C992B40E7CDE
:105A8000FE2A0E42073347C21CC9D2AC548BB2283F
:105A90004B06AD58AB66512D5286292947520E65EB
:105AA00049294EA2AA16A5391C7D0026EFC1072F51
:105AB000C773381CC628CECAD1A0A7391286C31610
:105AC00015A361C9D124C773A473D2591F86007D61
:105AD00004280E42072FCDD338CDA36858B2241D19
:105AE0009638CBA1629A4459380C5935ABC3497BDF
:105AF000D2AE43498E46007D0525EFC1072FC773FF
:105B0000381C862C0AD32C0C07358FEB699486C37E
:105B10009843618EA749314D8AD5E1007D092B0E4E
:105B200042072F8773341C86A856C96AC394642D14
:105B3000591426591255B26190B234AB2361D21474
:105B4000265DD52C89D3087D0A280F42073BA7E4A0
:105B5000C8F090D6A14147546D4BD7301F861CD555
:105B600041311D0E3A14A659144749165623007D9B
:105B70000B2C0F42072FCD91B81E47C321C9A22C71
:105B80001AB46A98856956CA4AC396E44896E4707E
:105B90009AD492302965519CC67A007D0D2D0F4212
:105BA000072FCEE37A1C25C3A06449940D53AD2979
:105BB0008BC2284BA24A6918925292265A92C74920
:105BC000E7A4B31C26799A007D1029EFC1072FC7DF
:105BD000B3618CA330CAA2AC291AC4282D85E1B0C8
:105BE00045596998B23CCA72ACA594554A59940E6D
:105BF000077D1428EFC1072FCEE37A9C24C3254AE2
:105C0000C3218B8A59540BA37E19966188C3280738
:105C1000D3A498258D998E0D017D172A0F42072F49
:105C2000CEE37A1C556AA5244A062DC99AB2288C5F
:105C3000D228C9A26418A3384C723C4BAA6152AC5A
:105C4000EBA00E7D192D0F42072F87C27C88C24121
:105C50008D922CCC922C1BA42CCEAAE13028512D55
:105C60001B962C476A3916664963D2A74416F53845
:105C70007D1A2E0F42072FC7A361D0D2308B6A4DF9
:105C8000593468511C465B1A462D59322CB5388957
:105C9000921CAA44496396B4255198D511357D1BB1
:105CA0002B0F42072F8FC3282DA551AD258C062918
:105CB0000DA3388B92612965A561CAF228CBB196F4
:105CC000C62C698CD22CC9D30C7D20270F42073FEC
:105CD0008786830EE5D870C7F2E1730E87F930E44A
:105CE000A80E8AE970D0A130CDA2384AB2B01A010C
:105CF0007D212C0F42072FCD91B81E47C93028595E
:105D000075107324CDE3412A66C9B095B33A564A5B
:105D10004A619494C2248E921C0933007D22280F7C
:105D200042073FC7736838E8508EE7C8F0A084B9CF
:105D3000580A87214775504C87830E856916C551CF
:105D40009285D5087D2B290E420733CB93ACE51005
:105D5000265918254B38A8839CA3613C0C39A863AD
:105D600062381C7424AC45699464C534017D2E29C5
:105D70000E4607B38E84E13028F9564A4AD9541AA0
:105D8000D21C0DE361C8411D13C3E1A023612D4A5C
:105D9000A3242BA611007D2F25EC45076738286129
:105DA000653828616538A8391686C390433A22467B
:105DB000C3410EA32CCAA2244BC2347D302A0E420A
:105DC000072F8773341C86A81255B2248A86A9AD82
:105DD000D41855A2687848A26A12D5A34AA74AA740
:105DE000481E863C0D7D332A0E42072F6ECDD328E8
:105DF0001986244BA26898DA4A8DC390444DC3900B
:105E000044D524AA0F43D2A9D298E5500E67007D4D
:105E1000392A0E42072F87B36188E22CAA55B2DADD
:105E20003066C52889D22C6A1EA6618DC21C0993D2
:105E3000A630690AF56147C2007D42290F42072F4B
:105E4000CD91348F072DC9C2A8A445435489BB8482
:105E500051561A14550C754A96D4A3A4A6E6504E72
:105E6000C9007D4429EFC1072FC7B361EC94845961
:105E7000258C066958B3B05B548C8665D8933087FF
:105E8000C228298551520AA37038047D462A0F4240
:105E9000072FCEE362548B2A512D4A4A839A67C357
:105EA00090E5699486C39843C321C7D2A49826C5B8
:105EB0003A94E321007D502C0F42072FCEE37A9CC9
:105EC00024C3254AC321CEB361C87238CAB161194F
:105ED00086384973248D92D628694DE261C8913481
:105EE000017D552AEFC1072FC7A361D0E2AC94957D
:105EF000B2284C06A99246611A0E43D4CBB044E5B1
:105F000064187224473A279DF561087D5B2E0F4285
:105F1000072FCCA17050B3B0964469AC4A89A4490C
:105F200052B644B5304A06350AE3288BC228198692
:105F30002C8FC3A856A945710A7D5E2B0F42072FEF
:105F4000CD91B81E47C93028590E0D5A354BB37A3A
:105F50001265A561CAF22CC9D1244C8A69524BB290
:105F60003CCB11557D61290F42072FCD91348F878E
:105F700030AAB5B40D6A9E2669AD541D0669D0A33A
:105F80002CC75A4A59A59445F9A06325007D622C77
:105F90000E42072FCC91300F8721AAA449260FD398
:105FA0001065A5C6A8124543340C49544DA2FA10F9
:105FB000255D93761D4A7234027D662C0F42072FB1
:105FC000CEE39634AAB5A4C9A0E459360C590E47BD
:105FD00039362CC31027698EA451D21A25AD493CFD
:105FE0000C399226007D682B0F42072F4ED238CAFB
:105FF000F2284BD252323CC47916D5C2A85F06654E
:106000002947951CCA2A8D91D296246296E9481A8E
:106010007D6E2B0E420733C7862119B44A1649B547
:10602000502B49D13084391AC6C390833A2686C38F
:106030004147C25A944649564C13007D712D0F4278
:10604000072FCD91B81E27C97089C27408B3344B8D
:10605000B36CB84459140D435447A23A1885495BB0
:1060600094748BD474CD21007D72280F42072FCEFB
:10607000E3A630AAB50CDAA0E6699E66A568189278
:10608000618CE23047935AD2D49268999EE4700AA8
:106090007D792C0E42072F87C3414BB3522DCAA2E4
:1060A000411974341B86284C93A83A0CC930A44972
:1060B0009AA749CB30245DE52CC9C3047D81330FF9
:1060C00042072BCCA1301B92348B926C502229AB0F
:1060D00024639664D1A068699694B2D2A00C4A94C5
:1060E00067515653945296B485591AE6489A017DE1
:1060F0008F2E0F42072F47D278C8B2214FC22CAA49
:106100006451326451926639149792E1412B476190
:106110008E4C595214936292C55A2E27007D9328B3
:10612000EFC1072FC7B36190723CC9A24AD46588FA
:106130005AB3A896469528C7866518D430C7D3A405
:106140009826C5EA707D9C2B0F42072FCD91B8365B
:106150009C927A12E5D8900D4398C3391C25C383CD
:106160009A235125875ABA654A22667A92C3290032
:106170007DA02D0F42072FCCA17010D32C4CA23044
:106180008BA2411BF2384FB3E112A5E1A064C528F0
:106190005972282925A5966E999EE4700A7DA22B36
:1061A0000E42072F87B36188C2A84B54C992E430CE
:1061B000B565C310856912550E43D235E99E2CBDD5
:1061C0002615590D93344E007DAD2F0F42072F4CED
:1061D000F2304AEB48940C8392255936285A9C2475
:1061E000C390855918D5B261198638C972AC98B474
:1061F00085496538E7780E7DB12C0F42072FC7A37C
:10620000E194E551D296949228890669B8455929B6
:106210006B89922EC3D263D27332284ABBD2AE5658
:10622000E20A007DB22E0F42072FC7B36190C23839
:106230000AB5A454290DD33068A52C0AB3A8380C8C
:106240004A540907A5314F86A4E7A473D23191D3EC
:10625000047DB4340F42072FC7A32119A2388C92B2
:10626000288992521626439644491655A2C634CA26
:10627000B141199221AC447952526A51D22989AA6A
:1062800051520EB3007DB82A0F42072FCEE3963449
:10629000AAB5A4C9A0248392E570380C514BCBB0A9
:1062A000744E8621473A257D4AFA39CD9150017DB9
:1062B000BB2B0F42072FCD91B8369C927A12E9C9B9
:1062C00090E3D170CAD3280D07A98E44D1902351F1
:1062D00098F4983489C541CC31007DBD2B0F42071D
:1062E0002FCEE3FA2015D32C19866490D2301B866A
:1062F0002C4CA3D23024C31295C31C1B2E8D695283
:10630000AC43391E027DBF2F0F42072FCED33C1C5A
:10631000862C89D2A8340CC990A561360C599E46AA
:10632000693828C331C9CA59A6B42589D216253976
:1063300094E321007DCA2D0E4607E3322C519825A7
:10634000C39425619644C3984569120D8B269687A0
:106350002107754C0C87838E84B5288D92AC9846A6
:10636000007DD22C0F42072FCEE32C0A87252A4628
:10637000B530890665B8C59DB26119163156C21C83
:106380001AA6A4144649294CF26187C2047DD8326A
:106390000F42072F47D21CD17228899264B8444912
:1063A0001A0D515A4A96304B93529226C3922C6A38
:1063B000D2A2274D49CB92288D8A9A456A16067D2E
:1063C000DA320F42072FCD913047C261C892288D33
:1063D0004AC3900C591A66C390E569944AC3B2281F
:1063E0006996D4A14A94945ABA45491825590EA5DC
:1063F000007DDD2D0F42072FC7B361EC12855914C4
:106400000DD390E3C97088C25A140DD3208571341E
:10641000EC501825A568589261AA83391E017DDECB
:10642000330F42072FCCA1481AB34A98D4922C4A72
:1064300096D210D5B428C74A835459A26450B228C2
:106440004DB224479652928C59D296446994E549AC
:106450001A7DE02F0F42072FCCA134CF86414B721B
:10646000302A464318C5C970886A61128559322896
:10647000C3A02651964759D229E9533B92E32900FC
:106480007DE3300F42072FCCA170D8C2344BA261FC
:106490008BF26888865B9AA749964489A4248398DE
:1064A000C85994E492D23189945A94A54A1D0E0198
:1064B0007DE82E0F42072FCD91B8380C52254EB2F1
:1064C000241EA661D0EA50982351343C284A6BA27E
:1064D0003427C3A0F445E98B1825598E84027DE941
:1064E0002D0F42072F1FB268906BA5246A8BB268EC
:1064F0009086214CF3B8940C9F72301A76A416251E
:106500004D4996246296234A0E89027DEC350F424E
:10651000072FC793E110C57992E551320CCA1025B7
:106520005112464994649521892AA52419945292BE
:1065300026C990E44994F429E953521D063D4E00C2
:106540007DEF2E0F42072FCD91340F87214BB230B4
:10655000AA0C0F399E0D4316A65169189241CD9190
:1065600064B86361D2162695E19043391E027DF42A
:106570002C0F42072FCEE3DA702AA659320CC9201D
:1065800035664AA285C912F5322CC31087393C26DC
:10659000A5A4963455D2AC8E85007E1B2D0F4207E4
:1065A0002F4ED238CAB2E1544CB3641892416ACC2F
:1065B00086210BA34EC3900C4B54AE23C3A529AB2D
:1065C000D4A23A12E5B0047E232EEF41076790A5CE
:1065D0002C1AC2414CB3A6411AB46A3888512D1AFC
:1065E0001EC4284B9330A925A5244AA2488AB42862
:1065F000A926691E027E2B320F42072FCE936CD044
:106600002A619644499445A93684D2968869160D24
:106610005225CC06251AD424CCA1641894C62C6922
:10662000CCC26418C41C037E2E310F42072FCEABA0
:10663000D9704AEA4994C543380C596B26A5919202
:106640000CCA2025591A25598E2483D294644953A3
:1066500092257132E8482D017E31310F4207AF5447
:10666000CCA25A539688519796214BA2248B92A87C
:10667000492C2561362851922751B2474996342535
:1066800059D2454B93688875007E372D0F42072FEE
:10669000CEB361C8C2A89624C325EA3264C310C62B
:1066A000C561887A19966188B31C1C2E4D59A5B214
:1066B0006439B2439B027E3D2D0F42072FCED33C5F
:1066C0001C862C4AA2B624199441D2C42C690BA36F
:1066D0005E5A866518E230A784499F928E72122511
:1066E0007136017E3E300F42072FCEA3E194C75191
:1066F000320C5116868332DC72381C86A835199606
:10670000618893344786214A5AA3A4320C499EE5F6
:10671000509A007E412F0F42072B8F8729CD916120
:1067200019A462D2D3304849162561380C519267BA
:106730009998E5D0A0C3613A1C74284C93529C856B
:1067400019007E43380F42072FCEA3AC943525C9DC
:106750007089726C888664C8A24A548B9228899288
:1067600021192E511285499444F1900C4A53122953
:106770004D4924261525CC9228017E54340F42071A
:10678000AF398C922C1B92A8124749944449366425
:10679000529C0C872847C22819926858A2240A9351
:1067A00028A90F499F2A4A53451D9244C70A7E557E
:1067B0002D0F42072FCCD24A9A0DA7242D45C39006
:1067C0000C711E0DA730EA9694066538E6B4614850
:1067D0009AD2A4294DE261C89134017E5E2B0F420A
:1067E000072FCEE3E23064495A4A86872C4CA35BDC
:1067F000588B222D1A866C1073D270486A5196D429
:10680000A22CCEA2381D7E612F0F42072BCEB36182
:10681000C8F228CB86839446D1360C615C4B7A4A09
:1068200096E49064E5E1986495CA90244B29E93197
:10683000E91A6609007E692C0F42072FC7B361C8A9
:10684000C2A42D4A3A65C98398C4D9B28549534B2D
:10685000CBB09C93EE48A7A4724A7ACB91528E0D8E
:10686000027E6A2E0F42072FCED324AD8549942C89
:1068700051251FB46108B3A8162A89D4CBB00C43A4
:106880009CD3062D296595D220E5598E0D12007EE8
:106890006D2B0F4207330D878F694E1E1EA2FE9788
:1068A000CA3044C9A224526918A2A4A965898628BD
:1068B0009D2C891AA55912E558047E73320F4207A0
:1068C0002B6C4BB36C90B2962C4A066518A24CCA3E
:1068D000A241298595525649866450EA6112464381
:1068E00054696A89B2A431E99A2559007E792F0F3B
:1068F00042072FC7B361C8C2A42D4A8621CAC270FD
:106900009086218C6BC325CA4AC396E448320C3961
:106910009826C970481AEB508E87007E7C320F4251
:10692000072FCDC22809B3CA524A4AD112254DC9F0
:106930001025B7282B65C3254AA22C1994629A24E6
:106940004B398A86A4A7A4CB21CDCAC3017E822E4F
:106950000F42072BCE076958A22CCA92E12046B5F8
:10696000308B8AC341477264F818D5A34A9A0C5AEF
:1069700024669136DCA3244A2329047E8C300F42FE
:10698000072FCEA3E194C749340C511D1BA2E11679
:1069900055A2DA7089AAC9B00C439CA439320C51B3
:1069A000D21A25956148F22C87D2047E8F340F428B
:1069B000072B8FA3E1906439561986244A4A9529FA
:1069C00019862C4AA2B66418922809C32149862147
:1069D0000EF3643828891255BA0C8A96E6D1707E77
:1069E00093380F42072F1A92218B2A516D4886281F
:1069F000292551122543320C5225CAA22119A25031
:106A0000932A51120D630E0D071DC9A2A4246549D6
:106A100051CC151D5113007E96310F4207AF12A5C0
:106A2000591269954E499E45C3B7244A2345092BFF
:106A300051524A2CC93025919AB823A54A2951129E
:106A4000A532293A14E950187E9C360F42072F19B7
:106A5000A238A90D513424C5440AA36850864B2995
:106A6000A925433248391C25C3100D4A1A27C39063
:106A70002369945486214A6A4918476571017F3811
:106A800027EFC1072BC7737C5886258AB3721E6710
:106A9000C3A0E5711E87512D8C6A61540BA3210B95
:106AA000876818F41C7F3A2E0F42072B8FF3780863
:106AB000D3241B86248AA3308E9261C8A2308EC252
:106AC00068B834A6492D09935A1226539649B53C05
:106AD00049F3027F3D2B0F42072B8FF37808D32415
:106AE0000EA36C18B4741B86A4354CAA59D4D2D406
:106AF000926895A6414BC6540A7328CCF1107F507A
:106B0000310F420727CE8AC365C84A4936244394C9
:106B10004549541B92E196C4699486C3A5544C2AF6
:106B2000C3A05494284CA66148A4767018F41C7F26
:106B30005521EF410767785072544BA3304F7328AB
:106B40001DEE588EE7783E7CCFF11CCFF11CCF01B3
:106B50007F6926EF4107677888B2A6E12147727CFA
:106B60001872248786839843E1701073281C0E3AAC
:106B7000940FDF733C077F6A25EF4107677888B27F
:106B8000A6AC6978C8E9593C68839CE55879D00679
:106B900039CBB1EAB00D6B966355007F6E220F4280
:106BA00007677888B2A6AC6978C8917CF89C83C3E3
:106BB000398F87731E0FE73C1ECE79367C7F702697
:106BC0000D4607E38356D36AC38396C3F97089726F
:106BD000A8324C75A8324C75A8324C95304D862D94
:106BE0002956007F7229EF41076B3888511685516D
:106BF0001685C34147727018921CCAC2E1B30E0ECB
:106C0000833A67D230E8713E0C7A9C017F75250D7E
:106C10004607E38356D36AC3834E190E591D198E56
:106C2000598E0CC72C4786838E26A5921655723036
:106C3000017F77290D4607E38356D36AC38314C6C1
:106C4000514909936D58C23C1C86681893745822A8
:106C5000254CB66109C524D4A4417F852DEF410799
:106C6000677888B2A6AC697808D3244EA22C8C929F
:106C7000615086A41487C316350ECBB043C5A45407
:106C80008C926418B4A40C7F8A230F420733CDA1E1
:106C90003087B27878C8911CCFF11C1A0E3A94E371
:106CA000399E0FDF733CC7733C077F8C270F420769
:106CB00033CDA13087B27878C8911CCFA1E1A02351
:106CC000399E23C3D72807A31CAB43611AA5E93E0D
:106CD0000C7F8E250F42072F2FE748980E0F399211
:106CE000E339341C74281FBEE7788E0C0F79928329
:106CF000598EA8DA0E0D7F94230F420733CDA130B1
:106D000087B27878C8911CCFF11C1A0E3A94E339F7
:106D10009E0FDF49B5BE8459057F9A2D0F42072784
:106D20000BE3288C9330C9862D89C32CCDA2D23099
:106D300046591E67C3900C7B98236998857192E62B
:106D4000690E653996017F9E27EFC10733CDA12CCF
:106D50001E1E72248786838EE4C8F035878741CE55
:106D6000AA619649C3A043610E85E9F0107FA42F64
:106D70000F42071F499361CAC2284BD22819BEC5CA
:106D800051184761384C839623698E84C3186AC9A9
:106D90003028599866613A88691666007FA8290FDD
:106DA000420733CDA12C1E1E72248786830EE5C3B5
:106DB000772447D21CCA862149E328A945619CAEA5
:106DC000499C19135D7FA92A0F420733CDA12C1EC0
:106DD0001E72248786830EE5C3E7281FB2240FA303
:106DE00068F8588AA7241CD2280D93A2A429007FF2
:106DF000B9280F4207378B87871CC9A1E1A043F947
:106E0000F0254AA3244DD26838E8508E0D772C1F08
:106E10003E273966DD17007FBD28ED4507E332AC1C
:106E2000711A27599445B5A82D4AE32C0993A81641
:106E30006D8996645196C6691C256112C611007F42
:106E4000C12C0F420737CBA1348FC2348A23298D3E
:106E5000B4E18EE7D46119B65216465994266112F0
:106E600046599495B2A8524AE212007FC52C0F42AF
:106E7000072FC7B3654CB36418A22CCC92C65052EE
:106E800086AD9445A62CE996845925CCC22C69D4AC
:106E90008A518E85C321277FCC24CFC107675886AE
:106EA000AD94855116C5AAA8644AA4255A8EE494C7
:106EB0007C78C8A9793587B274F8007FD229ED456E
:106EC00007E3322C599445B5285232654BB438AD9E
:106ED00043C321CB912C47B2E190E5489623D9706A
:106EE000C87224017FD42B0E420727CBB128392545
:106EF00061360C52D6D2164ACAA0B566D568B828F3
:106F0000B58A94A5591467519C256952D1B3047F61
:106F1000DF2BEE4107675886298BB25216654AA6C9
:106F2000245AA2C5C52887868324C6C97048A230C2
:106F3000478643584786839663007FE029EF4107E1
:106F4000675886AD94855116854AA6445AA2E571C4
:106F50008EE4C8F090D6932C49B324CBA17CF89E44
:106F6000E339007FF02D0F42072FCEE33C4DB26195
:106F700048B2344B9541C72AA7412B6549A74132F6
:106F8000A659320C89246649639A8559D2588B00D8
:106F90007FF1280E42072F47C3E5A055B29641E97D
:106FA0002DB20C5A6B360C52242599D217496A4BD4
:106FB00006AD356B690BB3047FF92C0F42072F47E1
:106FC00007E59866C930445994255D2E9294B55CC6
:106FD000241DE9326C2D61568992B624AB94722837
:106FE000C986834E7FFB2C0E4207731FB26588DA79
:106FF00092B66CB8346D92D296A951960C5AA434BC
:10700000297D919241ABB455DA2A83D25B94250055
:107010007FFC270F4207675886AD94854AA6445ADD
:10702000A2E571361CC4C6E120360E073DCB87832E
:107030009EA5C3C734AF018000320F42072FC7B3EC
:107040006589D22C4AFA94689298252DC30E266140
:107050001426D930444924A54965D8922C4A93CAAC
:1070600030455231CA86418F01800125EFC1073B6F
:10707000C7D37018941CCA722C4A87EF399CA36A34
:10708000ACCDC99023511E65799CE7C320018003D4
:10709000270F42073BC7D37018941CCA722C4A872B
:1070A000EF399CA3C335CAB128C7B261C8722CC7D7
:1070B0007330C9E1148005270F42073BC7D370180E
:1070C000941CCA722C4A87EF399CA3C320CB691247
:1070D00087D13068E53CCE87418F3300800C23EDAB
:1070E0004507E3439CA3399823C3416A8BDAA2B6D0
:1070F000A82D6A8BDAA2B6A82DCA93284722008051
:107100000D25EF4107E3E71CCEC1E12046B530AACB
:107110008551A59885399423C3C734DF7270C7B4ED
:107120007147220080102F0F42071F8D865B9CC77E
:10713000791A0E43320C6196346649639674CA928A
:10714000A6244B9A922C69CC92C62C69CCD228C921
:10715000422D038015310F42072FCCD2304BC32C68
:107160001A86244BB3618806294BC32C1A86244BFC
:10717000A3E1B4159528AB94B24A9845B530CDC279
:10718000344A23008017280F42072F47D27C0C0F68
:107190004396C7E9200E617818B23C8ED7415292CF
:1071A000214D8A691267529C95B3FA1080182A0FF4
:1071B00042072FC7C361CCC161C8C11C1D74341BF9
:1071C000BEE5713CE64A166549298C92B01265C34A
:1071D000A0856996630180192D0F42072FC7733C64
:1071E0001B866458A262169586A8318B2AC3121595
:1071F000B361C8A61C52EA48F7288BB372160E4337
:10720000968300802A2F0F42072FCD91388F864119
:107210001996300DA37048865B940F43568CE36536
:10722000183425CA93D22015B3340BD32C4AD22854
:10723000CC00803322EF4107677808F3388F8773DB
:107240001EE7F170CEE33C8E072D19946C90733CD1
:10725000C7733C0380362AEF4107E36590B2A6ACC2
:10726000940D5A94B58459291BB428EB94354543A1
:10727000920D4BA6446196E448966375AC08803D38
:10728000300F42071F4A872D8EC2384A86411A9214
:10729000288B222DCAA2301EC238CA9234CA923418
:1072A000929274888A525B9864457508730C803F8B
:1072B000320F42071F0B87418AA3308EC2281BA2C0
:1072C00024CAA24A944595E290447114C65196A4EA
:1072D000C994644392256116657994E5491AEB01D6
:1072E000804A3EEF4107E3944789362451122551E5
:1072F00032245112255112255112255112254312C3
:107300002551122551122551922851120D49A224BE
:1073100043122515298BF22CCAA32C4FC20C805680
:107320002AEF4107671872288B066D90B2A62C1BB6
:10733000A4AC3664C93044831E65790E0D0F3992B2
:1073400043C34187723C1F3E80582E0F42071F0BDC
:1073500087318DA261887A1AA26188FA6918A22100
:1073600007A364B844591E29393244C3904839925E
:10737000E6485A896B00805A2C0F4207671872281A
:107380008B066D90B3967010D36C290D4394E5393C
:1073900069D0862107A334CCB4CC52474AB994496A
:1073A000632A805E27ED450763D086AD366CC356F1
:1073B0001BB66107A56188B49A36685A4D1B342DF7
:1073C0005B9461C8F424D1A304806F380F42073F57
:1073D0008C86A594949228899228990E51984549B3
:1073E000944449940CC9900C6125CAA2304A4A952C
:1073F00068892A43320D5316E5599467511E651961
:107400000080702F0F42071F0B872D8EA261887A94
:107410001AA264904A9AD4D234447D692A0D431446
:1074200069F190468994B485492D09A52C0E8708E9
:1074300080722B0F42073307872119E2300A07A910
:107440008E85D2200D61522A0E9A9847D1F031CD07
:107450009161C89174F890E3391E0280732C0F4239
:1074600007AF35CC3229E99A6435291A2225AA2397
:1074700095610875707848EBC830E4489A23C3904A
:1074800023E9F021C7430080762F0F420767784831
:10749000EBC830E4489A23C39023E9F021C7D361B5
:1074A00019B6288BC2211BC2288BC2211BC2488A55
:1074B00086CBB0C7110080773B0F42073FCB86A930
:1074C000125586244AA2384A86244AC22892C268A3
:1074D0003828431C46C99044499444499444535223
:1074E0001A9221A94849540993A8122643928869FF
:1074F00016807D310F42071F0B87318D92E132A438
:10750000A56818A2214A9A5A5A066918D21C1B94D7
:10751000E19484F1904659D26D586A4928657138D2
:107520004400807E2B0F4207B33E48839864E930C5
:10753000284398A5E1200D61168551A40D3A69787C
:1075400048EBC830E4483A7CC8F11C0F0180842D18
:107550000F42072747D2484CC761CAC2A8960C837E
:10756000348451799806B114E7D93024C390E57179
:10757000251A06A99866611D0A0180852B0F42070E
:107580003F8786830E85D1F03D0C87839ED4A3A4CC
:10759000140E4932848DC3416C1C926408A3A494D8
:1075A000554AE5300280862E0F42071F8B072D4E6D
:1075B000872D8FB2211906298FB274D88630CEE379
:1075C00070189261C8E23C8E926150C22C1C862CCD
:1075D0000DB3108087260F4207B33E48C394258D14
:1075E0008398C6CA92E6D170C76AC3F72C1EEE58BC
:1075F0000E0D071DCA87EF39008089250D46073B10
:107600004773341E1ED4544C42AD26352959AAA6C0
:1076100062128A51A6D5A41CD1A144C71200808B46
:107620002E0F42071F8B072DCECA59394B86211AC0
:10763000B452D69435654D8356CAA230CAA230CA18
:10764000A230099334899252524CC208808C27EFA1
:1076500041076B8886346A8D5AA3D621AA46AD515C
:107660006BD43A44D5A835EA5FB2248B928E439608
:10767000E4080080961E0B4A07B758C99AEAE9F059
:107680000EE9D0F090433A343CE4900EE9898E2420
:107690000080982E0F42071F0D87388CE2308AC376
:1076A0002819066988C3280EA3388C6AE1904561C1
:1076B0009445611487519C95B3A49844599C0180CA
:1076C0009A2D0F42071F8B87308EC2380AE3288C11
:1076D00087308E9261C8A2308EC27808E3288CA3CE
:1076E000308EC2340BD324190E5A8E01809B2CEF9E
:1076F00041076BC8C12819862C0AE3288C87308E75
:10770000C2380AE3288C87308EC2380AE3284CB38B
:10771000304D92E1A0E51800809D2AEF41076B48AB
:1077200086218BC2380AE3288C87308EC2381A0E25
:1077300051311EC2380AE3288CA330CDC23429D679
:10774000D21080A130EF41076B880631AA85512DF8
:107750008C6AE190A452A46351320C5954CC86280F
:10776000CCA22C0AA32C49A330CD2A6152CAA22C48
:10777000510580A2300F42071F8B87308EC2384AD6
:1077800086412AC6431847611C25C39045C56C88AD
:10779000B230CAA230CA92340AD3AC1226152DCA0E
:1077A000660180A533EF41076B4886218B92A816AE
:1077B00025512D4AA2DA9044B528896A51320C59D4
:1077C00094A4D990E45025872A395489932C89931D
:1077D000A661D0720C80A9280D42073F87F3E19083
:1077E000E5489623D970C8723419062D89B36418F8
:1077F000B4248EA26190CA49168B95B40280AA2E39
:107800000F42071FCA87308EC2384A8641AAE54315
:107810009647591E65831665B5216BCA9AB2A66252
:10782000944561943425519684190080AE2B0F4203
:10783000071FCA87308E72304A86218B7270C8C18A
:10784000281AD2A8356A1DA26AD41AF52F59924572
:1078500049C7214B720480AF210F42073FC7732CE9
:107860001BD62CC7EAC377E270CEE3E19CC7C339CD
:107870008FF3384DE2220080B2210F42073BA7E48C
:10788000C3C71CCED3E1A0E3E970CEE3E19CC7C33C
:10789000398FF3384DE2220080BA320F42071F8B36
:1078A00087308EC2381A0E51311EC2384A86218B5B
:1078B00092A81625516D48A25A9444B52889942C53
:1078C0004AA2242BA649B196860080C31EEB490725
:1078D000E363383C84E1F08E0EA73C1A4E79349C69
:1078E000F2288FD2248A230080CC260E420737CA82
:1078F000B12892066947A2309BC221CA0625A70C6F
:10790000D73C1DAE793A5CF3344F2B699C0180CE95
:107910002F0F42071F8B87308EC238CAF2288BC2C6
:10792000210AB3281906A935AA8343346C51318B37
:107930008A59548CB2288C92D2B064C50480D62E59
:107940000F42071F8B87308E92A81655A22CAA14BF
:1079500087308E9261C8A2308EC27808E3683844BE
:10796000C5380AD32C4C93622D0D0180DA2BEF41E0
:107970000767488641AA96D252180F611C654A18BB
:1079800055A22C4AA22C1AB452318EC2380AE328CE
:1079900007A3E149C70080DE300F42071FC9872CCB
:1079A0008FA261885AA34A1C0DCAA0446D49D4967F
:1079B000446D4934448312B5465DB2A81625513949
:1079C00089B26190740C80E12E0D46072F47C341A8
:1079D0000BB362360C4A561CB4304B06294BB22806
:1079E0004BB26850B2284BB2284B06254CB2248CBF
:1079F000B324AD0080EF320F42071F8B87308E9289
:107A000061C8A22C49A35A38246916298312D5C10A
:107A100068384443964775244A86218BF228CBA3C5
:107A2000A49844599C0180F0330F42071F8A873085
:107A30008E8643548CA36418B2218CB22819862CEC
:107A40004AA2384A86411AC22C2A26A55A528BB21B
:107A5000248D6A6194A451B40B80F32E0F42071F4A
:107A6000CA872C8FB2218C6A6194B40E611C65495F
:107A70001AD5C22849A5211AC4A81646B530AA3578
:107A80006595D220654D0080F8370F42073F478645
:107A90002847A23A1245C3A044499E0C499E444A35
:107AA0001625519664499444956448FA94684A2985
:107AB000499352320C49298792284E4A7A0480FA17
:107AC0002D0F42071F8A87B4949692E112257932CE
:107AD00068A5621C25C325CA6A43D654CCA24C09AA
:107AE000A3B4142661949522454D0080FD300F42C9
:107AF000072FCDA3AC1446A56150762CC9F13019DF
:107B0000A63009B34109736898B2288C6A61340EB3
:107B1000531C46611225519864E1208102360F42C0
:107B2000073F878624CDA2241AA3648F92381A9225
:107B3000382A0D435407A36418B22149B32849B326
:107B40002819862C4AD2284BD228A90C4392456981
:107B5000028105250D4607378786735A4CC2381BAC
:107B60009661AA454953926851960DC73C1C8E797F
:107B7000381CF33096008106330F42071FCA872C4A
:107B80008FA2618B92348BD470488641AAE4502531
:107B900019B428A96543522B25DDA2A41446493106
:107BA000C99262D269D8921C018108340F42071F22
:107BB0008E867848A26848A33A125595214A862CA9
:107BC000AA14A34A31AA9492214A9A5AA22CAA44EE
:107BD0005954C9A24A94942A91266D2900810A2DEC
:107BE0000F42072BAC66F5A81E25511A65519CC69D
:107BF000C34192D2484C7364187224CD91344786A5
:107C00002147D21CC9921C09530081162C0F420730
:107C10001F4B87B4940C97282DA5E9900C9728C981
:107C200093488F4AC336C461949692E112A5A5B4D5
:107C300094256124A600812B310F42071F0C872C4D
:107C40000AA3ACA99845491C0DCAB0948A5954CCD2
:107C5000A2623644C316655118655118655118D58E
:107C6000A2244AC2489A07812F360F42071FAA0D45
:107C7000611655864B14C651180FC9304895288B8C
:107C80002A51165586411A92288B2A51165586413B
:107C9000AA44595489B2A812254D4A1A0181393093
:107CA000EF41076B88862DAA23513488511D19A2F4
:107CB000418CEA48341CA24A7D48A25A944449188F
:107CC00025591A256156A9454945D5A21C813E333F
:107CD0000F42071F8A872C8F9261902A59D49245B0
:107CE000D1900C8354C9A296288B2AC3200D591415
:107CF00046B5301A0E4A1487511C467116C9190030
:107D00008146300F42071F4AC2214CC2284CC2286C
:107D10001A86A8A5698892A696A6D230442D4D430E
:107D20009434B53455864B948351D6544D22250F47
:107D3000814B340F42071FC987308E868312B546A8
:107D4000AD43920D5125CAA268925A4A4934244A39
:107D5000944549548B924C8C922C8D922809A3A463
:107D600016458A2A814E280E4607E3322C51982563
:107D7000C39425619644C3984569120D8BA69386DA
:107D80006B9E0ED73C1DAE795A49E3108150320FDD
:107D900042071FC991E121CAD2304BC328190629D5
:107DA00091B250C9A230CA1231CD9164386449945D
:107DB00064954E6D61D4922559924569AE0081510A
:107DC000350F42071F4B87388C92E11225395489B1
:107DD000B26848A22CAA14A34A6550A2648C86A457
:107DE000A9A59444955212455218455218D5A2A4FB
:107DF000A495008154290F42071F8A87B494969254
:107E0000E1122579324895A8318B9238AA83433400
:107E10000C51B59496D2525A1A9E740C8155380F53
:107E200042071F8A87B4940C9728C9934849A32115
:107E3000CA91285A86244AA2244AA2244AA2644803
:107E4000945212499152CAA2246A0BA35A944449EB
:107E50001849F300816532EF4107674886218B920C
:107E6000348B9261C8A224CD866418B2288CA324D6
:107E70008AA36418A4418BA3308E9261C8A2308E6D
:107E8000C2381A9E740C8166350F42071F892A4337
:107E9000D44B548BFA165586308EB23C4A864B949E
:107EA000E4C990D49252122551122559254AA22490
:107EB0004AA2A4969492E110297900816B360F4270
:107EC000071F0D8770C8A26488A3308E8643348450
:107ED00071940C431625512D4A86211B92A8162514
:107EE000C39045611C25C31065619A24C341CB3101
:107EF00000816E29EF410767888621EAFF340CD1A3
:107F000010F59F8621AA8343184769D4D296444925
:107F10002D294959291CA248C700817034EF410717
:107F20006748864B142661142661940C9721899228
:107F300028899228899228192E510E0E611C0D074E
:107F400025CA9A22298C4235CA142952D404817335
:107F500041EF410767484A43122551122551122526
:107F60005112294DC91065511225A54A94444994CE
:107F700044A2940CC9904449944489524AA2A454FE
:107F80008992304AA2248C9221C922254A3200814A
:107F90007830EF41076B88862D2A6651346C513159
:107FA0001BA2618B72304A86416A47866818A24AD2
:107FB000949422A912F592255196B4256D4D008115
:107FC00079320F42071FCA872C8FA26188DA912865
:107FD00019866C50C22C8A862D2A6651346C4396C1
:107FE00047D9A04591564AA224AB86494D89B2484B
:107FF00014817A300F42071F8A872C8FA261885A1A
:10800000A3D23044439446A56188AAA5544A866405
:1080100051A25A528B5AB2A82F595492924C1253D1
:1080200000817F31EF41076748A2416AC9A2962CBF
:108030002A0ED2106651342459D432482DC5214A13
:10804000A2A454C9A296A6162D892A611225E56814
:108050001B0681802F0F42071F8A87B4940C83D49C
:10806000984559140EC97089923C89B452351D92B5
:1080700061906A79940D5A943515B3A8258A943085
:1080800003818A2D0F42071F4BB2218D5A864B94D4
:1080900096A2618886A8A76188FA6918A221EA3D9C
:1080A0008B92E112654D6194456154922500818F58
:1080B000240F42073F478687B48E0C434E1E1E9402
:1080C00028CDB4618872EA70CEE3E19CC7C3398FD2
:1080D000630D81982FEF41076748864B1426611482
:1080E0000D43D4D2344449536918A23A1845C310F9
:1080F0000D391825C3254A4B59528BFAD2268929A6
:1081000000819A300F42073FC787214772687888FD
:1081100072304A8643966461960C872CC9C22C192A
:108120000E591487D13088519C65C3A095A3309512
:1081300000819B2C0F42071F4B87A8B7A41625C3AD
:10814000254AF264C8062DCA9AB2A66CD086B494A9
:1081500096A26188AAA5B4940C8748C700819C2E7A
:108160000F42071FC9B2216B4A864B9435E5E010D8
:108170000D43D41A9586216A8D866818A26A29193A
:108180002E51988451D6544D22250F819D2E0F4299
:10819000071F4B87B4940C97281CA32C49A421914A
:1081A000B2240A9330CA9A3A0D495689FA96D4A253
:1081B000BE6495284BC2484C0181A035EF4107674A
:1081C00048866448A2B0122551122551254A9221B1
:1081D00089922889D2248B322DAA685132846A145C
:1081E00069A5544AA2688BCA5A148A91320381A89D
:1081F000360F42071F4993214B93681894A8D694D1
:10820000E543326849944349940C524B9664439237
:10821000A55132A8519255A24A9844E112458316BD
:10822000454A980181A93A0F42071F4CA221192EF5
:10823000511C46C99084511C0EC99084511C46C9DA
:108240009084511225E1900C491825511246C9100D
:10825000655112554AC91025A5489C94280C81B334
:10826000300F42071FC9B2214CC228192E515A8A19
:1082700086211AD252325CA2BE25B521192E510E8A
:1082800046D13044AD516B541A862492D20481BD3C
:10829000360F42071FC991211AC428094BC321AACE
:1082A000D4B22191BA0C8354C9A14A326843924393
:1082B0009564D0A224872AC92065492D4A5A0625EB
:1082C0004BA22C0181BF350F42071F4AD2211986CC
:1082D0002C4ABA45C9306451D26D4886218B723020
:1082E0004A8641AAE4D0902483162539541906A958
:1082F000D298259D924EB5243281C02C0F4207673B
:1083000098862C8C6AC3544B4AA1324C4396D4A213
:108310006CD8B42889A445CBC1E19CC7C3398F87E9
:10832000731EC71A0081C2280F42076B10D32C1985
:10833000866890B27A920DCB302859980ECAB01543
:1083400073FA70CEE3E19CC7C3398F630D81C336E6
:108350000F42071F8A87B4341C94284DB228C9A243
:108360006848A261894C593424511655866548A243
:108370005A64CAA2211996A812655112D5226D1805
:1083800022310581C6300F42071F8A87B4140D437E
:10839000546B0A937048864B948351340C516B3460
:1083A00044C310B546A56188AAA5A49444955A2251
:1083B0006D431281C92D0F42071F8B87308EB22467
:1083C0008D6A6194A4D9A00C4A5407A31C8C92DB3B
:1083D00090748B926E51728B6A4D59A5DF92AC00EE
:1083E00081CD340F42071FC9D73849865392159360
:1083F0003089A26148122DE953D2539258126D4729
:108400009328CD926818B2244AB3241A862C89D2B4
:108410002851E20881D8340F42073F2A0D49548B76
:10842000FA0E46C9304843524AA24A24B59492A84B
:10843000320CD29044B528B1645112D5A2C4D29462
:10844000449552126593620B81E320CCC907E34344
:10845000188771180F072587921C4A7228C9A164D2
:108460003828611CC6613C3C81E52B0E46071F0A7B
:10847000872D8CD2304AC3280D872DAC85B5B0949A
:1084800064C394645198645198645118B5958625D5
:10849000CCE30081E8310E46071F4987298DC26170
:1084A00088B238AA0FD3A084519684519684D1A063
:1084B0000C3B1265CB10654945CA928A942595619B
:1084C00048EE490381EA15094E07332F0F87DC3E3A
:1084D0001C747D38E8F6E1A00781ED280F42073BC8
:1084E000877370388839140E073187C2E120E6504F
:1084F000381C74A80E66D9F039C9C12C47546D8751
:108500000681F31FCFC1076778C8733887D3BC3A99
:108510001C743C87723C8786830EE5788EE7C30720
:1085200081F42F0F42071F4A8721CA91344F73A449
:10853000360C499684D13024591A25591A66692572
:108540001CB424AEA7493C245934646914E6018163
:10855000FB2F0F42071F0B0735CE864B8EA44936E3
:108560000C4916A683329C92AC5852924149B628C7
:108570008FC361C8C66D4D122994B21C0B0181FCDA
:108580001DCBC9072F1F071DD2211DD2A1411B746E
:108590004887744887746878C8A1008200250D4612
:1085A000077F78C8C1340A6B8D71AC43EA10E5507F
:1085B0001D8A866C8872A80ED5A168384839940047
:1085C0008205240C4607679086248792211B921C03
:1085D0004A86838E0FB7B6E1D6369CE3E1318ED45E
:1085E000644712008207290F420733C931291BB3A0
:1085F0002DCCD270C9C66C0BD32C5C2A63966461F7
:108600009664D1F09D5AAFE65096830900820829FE
:10861000EF41072B198644AA462D4B142969225590
:1086200096A8A52952BA4895256A8D92E13BB55E78
:10863000CDA12C0713008209290F420733C93169E4
:1086400019B3345C8E69162E95314BB268F898E6F2
:10865000593519862452536DB863399EE339008227
:108660000A2A0F4207330D878F517D3868629E0CAE
:1086700087A89843C3210D736838E839B80D698E0F
:10868000A44334A439920E8708820C210F42071F9D
:10869000CCC1411C763CC7F3E17B8EE7788E0DE7B9
:1086A0003CCEE33CCEE3E19C6700820D250F420700
:1086B0003F87931CCC72288D75491A8648CFF11CD0
:1086C0001A0E3A94E339369CF3388F87739E0182F1
:1086D000122A0F42072FC7B3614CF2AC254BB3747B
:1086E00050E368B8C5D930685118E7713A886916FF
:1086F000A659980E529266550082142E0F420733E7
:1087000087976188E63CCEB3E1414BE23489C32CC4
:108710001B94A84DAB6461548B1229C9A2A4655067
:10872000A2A42D4A723805821C2B0E46071F19A4DD
:1087300061C8D1B02DCDA26CF81447599C0EC93038
:108740006561964449144BE56C18A23CCC912C878A
:108750003200821E280F42072F8787A74A3BD27517
:1087600078489376A4EBF010E6719E0ECA3085E54A
:1087700024AA67C310E9990E6500821F250F4207DE
:108780003B87737438E77114C65939AB0DDFF23883
:108790000AE3AC9C557324CD91304FB21C0A018280
:1087A0002A2E0F42072FCDAB838E55862192722C35
:1087B000A9634969C886A9984545A93129159352E5
:1087C0004B16B5644916251D872CC91100822C2F24
:1087D0000F42073387D3211CA4621615A5C6A451E6
:1087E0004AEAC83024C356CA32A956A92561524B59
:1087F000C22C6C4BB22889B2244CD4008235300F85
:10880000420733CDAB839866C930445292464963E0
:108810009694D26188B2A6A2544993929C94C2289D
:108820008BC2248CC2244AB261CC21008236320E23
:108830004207334EF370D0D22C19262909A3A43154
:108840004A1A874109A32C19262909A3A4314A1AD7
:10885000A32C0993300993284986218CC2008237C2
:10886000300F42072FAE23E1A08659320C8A14A69E
:1088700049314D6A95610AA32C1936290D93629AE4
:10888000D44A59942659320C4A53AAE51800823921
:108890002F0F42073387D3211CA4621615A5C6A447
:1088A000544CDA86830E65392625C39634664963AF
:1088B0005609A33009A34A322C6114260082472EA0
:1088C0000F42072F87734C19925B94D594AC450ADD
:1088D000B3A8341C92AD943525B54C69AB48D1A0F2
:1088E0004475244AEA91360C918E018258340F4225
:1088F000072F4CE2304AA44189DA92A824254A2263
:10890000254D2D4D95611986280B53291986282947
:1089100065955A1266619A55C2A4944559A20A8275
:1089200059340F42072FAEA78396845929932A51B1
:10893000A5320C4A450993611AA62C0A23291AA6C6
:10894000A49427A561CA925A9425B52849A441C97F
:10895000C22C018266340F42072F47C26C50B221ED
:10896000A995924159945A9225CAB04495EAB00CFF
:108970005A12E560140D43A444495322254D2D4D50
:108980002D4DD1F0A46300826F260D4A073387F383
:10899000E190E5489623D970C87224CB916C386475
:1089A000D528CCAA4918A7515889251D12827133A0
:1089B0000F42072BCBB1D2A00C83923565D9200D85
:1089C0006A9845C3906451CB200D43520A2B513213
:1089D0000C496B1845C3A044699275D29234490181
:1089E000827220EFC10733C7737818E43CCDD3649B
:1089F0003888FDE37010733C07A31C8C72301B1E7B
:108A0000827E250F420737CBB1EAF035CB29399268
:108A1000E6489A43598ED5C124877338C9C12C873B
:108A2000D258977450828B220F420733CD91341C59
:108A30003EA6397D38E8508EE7783E7CCFF11CCFDA
:108A4000F11C4D72384700828D250F420737CBB19C
:108A5000EAF035CB911CCFF1E110E65096635196C8
:108A6000977324CD9134C77330C9E110829221EFFE
:108A7000C10733CD91341C3EA63992E6584EC987C2
:108A80008F399EE3399EE3399EE3C32101829D2302
:108A9000EFC10733CD91341C3EA63952CBC11CCF58
:108AA00091E11DD5411DD4411DD4D128C7C2E1108B
:108AB00082A5280F420733CD91341C3EA63912D52A
:108AC000B12407B31C4A63254B24ADA666395687EB
:108AD000C21C0A7324CDE31482AC250F420733CDA8
:108AE00091341C3EA6399C637528CDAB391429C33B
:108AF00020A9610E853992E6713189CB0082AD1FC4
:108B0000EFC10733CD91341C3EA6397D3888FDE393
:108B10007010733C07A31C8C72301B1E82AF25EFB4
:108B2000C10733CD91341C3EA63992E6584EC9296F
:108B3000391887519E453952CB1131CD91348786F2
:108B40000D82B1280F420733CD91341C3EA6395314
:108B500056CEA2384C62514EC238CA74A8926649A9
:108B60009466619AA5C396830082B3230F420733AC
:108B7000CD91341C3EA63952CBC17CF89AE3393EE4
:108B80000C3992E6711ED7D34A9AA70082B9250FF5
:108B9000420733CD91341C3EA639BE0E438EE47895
:108BA0008E0F0731CD913447D23CCEE37A9A2329F8
:108BB0000082BD220F420733CD91341C3EA6397D81
:108BC0007807F3B81E0F0F79946375448CE5504E07
:108BD00072380582D12C0F420737CBB1EAF035CB82
:108BE000911C1F92418D922CCC922CCC92AC1225D0
:108BF0004D995447A234CCD22C4CA3785872188289
:108C0000D4210F420733CD91341C3EA63994C36959
:108C10005E1D0E3A9E9387731EE7711E0FE73C039D
:108C200082D71F0F420733CD91341C3EA63992E6FE
:108C3000F4E120F68FC341EC1F8783984311008233
:108C4000DB240F420733CD91341C3EA6397978C816
:108C5000D11C8F072DCECA5979D0E2AC8EE768922D
:108C6000C3210082DE26EFC10737CBB1EAF035CB56
:108C7000A11C1EAE391226C31487511C46F130C503
:108C8000691297C21C4A87430282DF280F420737C6
:108C9000CBB1EAF035CB911C1F0E610E653916453C
:108CA000C39686591A66E9B0A56196E33998E470CF
:108CB0000882E5250F420733CD91341C3EA6395278
:108CC000CBB11C19BEE6700E0FD7240EA3382BE7CC
:108CD000713E0C7A9C0182E6220F420733CD91341B
:108CE0001C3EA63912D5C11CCF87EF399E63C3390C
:108CF0008FF3388F87739E0182EB280F420733CDA5
:108D000091341C3EA63912D5C11C1F063DC7733CC9
:108D10008786839843610E8539140E0731872200B8
:108D200082EF250F420733CD91341C3EA63998E3DC
:108D300039323CE43B98D4A1F6AC9A0C4312A9A971
:108D40009EE3399E0382F1240F420733CD91341CF8
:108D50003EA63998E339369CB37256CE6AC3E724EF
:108D600007B31C4A635DD241018301230F420733DD
:108D7000CD91341C3EA6391295C3FE381C7428CC04
:108D8000A11C494B69292D0D0F399E008302290F23
:108D9000420733CD91341C3EA6391AE560160E6F9A
:108DA000698EA4599866619CA47192E6513D29A5EB
:108DB0009A12CA09008304290F420733CD91341C4B
:108DC0003EA6394B8EA783344C5918D5C2A81646F7
:108DD000B530AA35654D5954890625CC2A0083053E
:108DE000240F420733CD91341C3EA6397D38E47000
:108DF0000E49392A0F9F93B414A6598E88B198E46E
:108E0000700E8328270F420733CD91341C3EA6E510
:108E10001C4973241DD6280DA3D624CBE3744DE240
:108E20003489C32CCDD230D105832B26EFC1073333
:108E3000CD91341C3EA63992C675240EC3E19044F0
:108E40007530CAB1FA9843610E8539140E43028316
:108E50002C290F420733CD91341C3E26598EE570E4
:108E60000E0D1F7338CDD53889864189D21C4973C0
:108E700024CD9164386439088332270F420737CBF9
:108E8000B1EAF035CB91388FDBA32CCA4A5936644E
:108E9000431EB72761126651160DCBB0C709008378
:108EA00035260F420737CBB1EAF035CB598683D848
:108EB0002FC39084DD922C8CB2284CD224CCA1708C
:108EC00038883914018336270F420733CD91341C7B
:108ED0003EA63912D5B12407B31C6AD63249192EE1
:108EE0007A0E46F5AC1AD6931CCE11008338220FA9
:108EF000420733CD91341C3EA639797808F378388F
:108F0000E7F170CEE378F892E3399EE319008339F4
:108F1000290F420733CD91341C3EA6798EE7E0300D
:108F2000448318D59AB2A62C92B2629255C32C4CA7
:108F3000B2412B65890E0383491F0F420737CBB11E
:108F4000EAF035CB9986731E0FE73C1EEE583E7C47
:108F5000CFF11CCFF11C834A2B0F420733CD913444
:108F60001C3EA6392D1A06B194456194456194457D
:108F7000C97090C2288BC2288BB272568EC24AB575
:108F8000048352250F420733CD91341C3E26590EDF
:108F9000E6C3B71CCFF1E19093B37256CEAA611627
:108FA000256916C9E10083542B0F4207330D878FC3
:108FB00049966339361C72248DB524957324CEE30B
:108FC00074588631CAA2AC94356551A59414933077
:108FD0000283772E0F420737CBB1EAF035CB911CD5
:108FE0004F86439443990E55A2410AA32C0AA32C01
:108FF0000AA32C0AA3410A7328CC9330473200837A
:1090000086220F420733CD91341C3E467530CB8605
:10901000EF39341CC4C6E120360E07B13F25612D5F
:10902000038389280F420737CBB1EAF035CB19D536
:109030006CC8E3308AC3281A06254AB7284C4AB5BB
:10904000A812D5F2384DE21A00838A290F42073759
:10905000CBB1EAF035CB59A2308EC2380AE321CC2D
:10906000A1E19086E130C6511847611C25C3106507
:109070003904838E270F420733CD91341C3EA63925
:109080004B9C236939294695284EA22C8C6AC99499
:1090900025691EA77AA6833A02839620EFC107337B
:1090A000CD91341C3EA639797810B36A56CDEA5971
:1090B0007538E8508EE7783E7C83A2280F4207334C
:1090C000CD91341C3EA63912D5C11C191EC2AC9CD0
:1090D0005593A892556A799283590EA5B12EE9A0AD
:1090E0000083AB240F420733CD91341C3EA639CB0D
:1090F00070CEE3E19CC7C31DCB91E1214F7230CB11
:109100001155DBA10183BD250F4207330D878F6900
:109110008E453998A5C3439CE5501AEB929446625C
:109120009A0E0F693DAEA739120283C72B0F420773
:1091300037CBB1EAF035CB913CCEB3614886218B79
:10914000C2340BD32C1A24292B265935CCC224EB3C
:1091500034287A960083CA290F420737CBB1EAF048
:1091600035CB911C1F0E5A394AA25A9225C53C8E06
:10917000868312AF9562A916696192A7110083CC0C
:10918000280F4207330D878F694E1F0E620E85A987
:109190001446632FC39084D9164649294CA24AD855
:1091A000381CC41C8A0083CF2B0F420737CBB1EA8F
:1091B000F035CB734A321CB21C8972308B9221CAB3
:1091C000A224AA464DDB10855954CCA1304F7238E9
:1091D0000383DC250F420733CD91341C3EA639258D
:1091E000070771D8B1F6340773647888933AD4AC22
:1091F00065929AEA390083E02C0F420737CBB1EA37
:10920000F035CB9BF3681894348B8A591A25C31018
:1092100027B5344AB2688B92340AE3284BD224D261
:10922000140083E9220F420733CD91341C3EA63946
:109230009843C3414E73284B87EF5C87731EE7F159
:1092400070CE330083EF220F420737CBB1EAF035FF
:109250008B8787302B67B5E15B73561C1E72241F0A
:10926000BEE7788EE70083F1250F420733CD9134B6
:109270001C3EA6399843C34187F2E15B9E6669961E
:109280000D535A4FB21CDCA1ED0E0D83F2270F4295
:109290000733CD91341C3EA63992E650160FDA20E2
:1092A0006739561EB441CE72AC3A6CC39AE5581D6C
:1092B000AB028404260F4207330D878F699CE3C3FA
:1092C000531D290D839495F338191EF4386BCA9AEF
:1092D000B2E19483490E6700840A260F420733CD1A
:1092E00091341C3E467530478687302B67D524AABB
:1092F00064955ABE83491D6AD632494DF51C840CCB
:109300002D0F420733CD91341C3EA6397990862922
:109310008BC2288BC2689086298BC2288BC268902A
:1093200086294BD21C49F33049E508840D260F42AB
:109330000733CD91341C3EA6714E49864B94C661CD
:10934000548B2AF5304792E121CEE33CCEE31C4F0B
:1093500001840E250F4207330D878F690E1F763863
:1093600047868738A92352A48DE19A63C3435ADF05
:1093700072701FB42102842C270F420737CBB1EA49
:10938000F035CB91E19C958773561EEE580E0D0774
:10939000B197284C862109A33009732403843D2505
:1093A0000F420733CD91341C3EA6719A43E1A0666B
:1093B0006194265118856A145913791087B11F8753
:1093C000B1098449270F420737CBB1EAF035CB9179
:1093D000284B878730CAF268D0737C38E4503E7CD3
:1093E0004DEA88146963B8E7008457270F420733B2
:1093F0000D878F698EA5E130283994E558940E9F2A
:10940000755007874326C5F930E8713E0C7A9C01F8
:10941000845B270F4207330D878F693E9CF37838B2
:10942000E7F170CFE1E1A085699444499844495639
:10943000CCA17058EA70068461290F420737CBB17E
:10944000EAF0A9960F4F611645C341A9C6D970CA63
:109450009AB2E1943565C3296BCA2AA52C8E1400F3
:109460008463240F4207330D878F693EDCB11C19DA
:109470001E7224C78673561ECE5979B86339341CC0
:1094800074281F3E8466250F4207330D878F698E2F
:10949000E5D870C891341BBE1387731E0F772CC795
:1094A000866B9843C341877200846B2C0F42073749
:1094B000CBB1EAF035CBA11C0F076918922C0DB384
:1094C000341CB441CA9AB2A6412B65D9A08459254F
:1094D0004A72248C00846C250F4207330D878F69F4
:1094E000387C0B736450222D4CE6A8186A61320F49
:1094F0006A1D49C3E1639AC7F5108475290F4207B5
:10950000330D878F698E46E1B0D4A1AC254DD23C96
:109510004D862189D454CF91E121477238D1215110
:10952000DC91088477230F4207330D878F693A3C1B
:1095300044696D38E8508E0DE7AC3C9CB3F270C7BF
:10954000F2E17B8EE7008482270F4207330D878F7D
:1095500049968339341CE43487B2787850D2584E17
:10956000C3E19C95B3A49C453998E33900849928BC
:109570000F4207330D878F693A3C2839AA0D43946F
:10958000D3868758C716318F12599AB5A48E489141
:109590003625A19E03849C290F420733CD91341CAC
:1095A0003EA63979D0069DDB3024C390E5711E2696
:1095B000B5A494449548AA44956A92E6210084B2E1
:1095C000290F420733CD91341C3EA6499667A5E189
:1095D00010C569389CB2A624198E495699865B94A9
:1095E00035654D59522E0184B8280F420733CD916D
:1095F000341C3EA6F930E478160D8A9627ED5159B1
:10960000CB242D49E51C1B0E3A35AA15A32C018449
:10961000BC270F420733CD91341C3E467548D1110B
:1096200025D3C6701BCE793C9CF37838E77032DCCA
:10963000A23CCA86130084C4240F4207330D878FCF
:10964000690EE6C3C7341F861CD472391CDEF16C68
:1096500038888DC3416C1C0E120084C92C0F420740
:1096600033CD91341C3E26590EE6C8F0A0E4A8166E
:1096700035464994465914A7F17090A43412D31C6E
:1096800019861C49430084CB25EFC107330D878F12
:10969000690EE6D070D0A11C191ED21CCED3E1A059
:1096A000538783186551186551347C84D1250F4246
:1096B00007330D878F690EE6C8F0905387739E0DB0
:1096C000DFF278B82351168749BA8652A2C9BA0088
:1096D00084D62A0F4207330D878F698EE5D8701024
:1096E000A32C0AB32D8CB2281C0E3AB5980D4A242F
:1096F000A6731A66911266E3A00084EC290F420754
:10970000330D878F690EE65036CC492D0E77689B56
:10971000D61C898621AD23D920A739920CB7248C79
:10972000B3E11084EE28EFC107330D878F690EE790
:10973000D1704C73241A861C896AD330A4516B34BF
:109740000C691D49865B12C6D9700885112A0F4223
:1097500007330D878F694E1F0E629445619445E172
:1097600070D0B1281DDED21C51A3300993340AA356
:10977000B2D22A2A008513240F4207330D878F693E
:109780003E9CF37838E7E1F010654DC3434E1C0E64
:10979000799A43838EA8DA0E0D85142A0F42073377
:1097A0000D874F491A0F4F399824C329C7C361C881
:1097B000C2340B8721CBF16C38654DD970CA9AB28F
:1097C000E1A2008517260F420733CD91341C3E4697
:1097D00075344786B7E6AC3CBC3567E56C907338AA
:1097E0004AA25AD425CAA20A00851A280F42073372
:1097F000CD91341C3EA6397D183B0E637518A264CA
:109800000DE3281CA6242B2659D2182551A5AC6699
:109810000085212A0F4207374B87AF598E84393490
:109820002483982559A596A4499A278322E6D8909F
:109830000C772CC75AC35A25CD730485232D0F42AC
:109840000733CD91341C3EA63994E551366851A5B5
:109850003824ED4898E459940DCA30486D61944518
:1098600061944559390A530985252C0F420733CD98
:1098700091341C3E46752CC7868398A561342C61B3
:10988000522A865A1849C5E1A04339126561548E9F
:10989000C4618802852B250F4207330D878F693AF3
:1098A0003CE4488E65C39AE5C3B71C1F0E618E0F5A
:1098B000EF78D44B1855723802852C300F4207339D
:1098C0000D878F694E09076518D43017A32CC986F8
:1098D00041A963493225B5244C6A4998D492254A56
:1098E0002A5B94246396547301852D2E0F4207330F
:1098F0000D878F690EC74396A4512D4CA2362919A6
:10990000942889D3288CA36418322507936438C51A
:10991000799A85E1304400853D2D0F420737CBB160
:10992000EAF035CBA1B4D49CD4066518922C2A2930
:1099300051BF2C519229899464512D4CA324ABD44E
:10994000A230490385492C0F420733CD91341C3E88
:10995000467524CBA1E1A08979321CD23087864399
:109960001AE6D070107338AA855994456194250081
:10997000854A29EFC10733CD91341C3EA63992E6C2
:10998000600EB5855118150729274661144661A454
:10999000A449984495285C170085692C0F42073329
:1099A000CD91341C3EA671360C699446A561C8C29F
:1099B000340B8721CDE16478D0722C1A6E49D456CD
:1099C0004ACA511601856A280F420737CBB1EAF01F
:1099D00035CB911C1E9E2AED48D7E1214DDA91AE80
:1099E000C3434E8C6A6116655118650900856D2B5D
:1099F0000F4207330D878F517938E850180DDFC3B8
:109A000070388851520A872419C2C6E120360E499F
:109A100032845152CA2AA508857E270F4207330D8A
:109A2000878F693C1C7428478607258DA5255972A8
:109A300024C79664270F07B17138888DC34102850A
:109A4000842C0F4207330D878F690E4761341CD376
:109A50001C8986214AA35A380C599444E56418D2CB
:109A6000A869C8D368B815D330D200858A2F0F42B1
:109A70000737CBB1EAF035CB911C0A07356B8A86E4
:109A80004189925225CA862189B2A81265C39044A1
:109A9000399E258D51967487230085942B0F42079C
:109AA000330D878F51757808B36A1255B24A2D1954
:109AB000BED38683984361344861944561344861DC
:109AC0000E85C34102859B2D0F420733CD91341C77
:109AD0003EA6791A0F629A25C3106551960D5A1247
:109AE00086C32547D2414CB36418A22C4C0731CD14
:109AF000C21085A62B0F4207330D878F5179788BC3
:109B0000B27C3888511685C3418C72301A6E498EEA
:109B100026C321CBB1A8D254C992EE600485A92FE7
:109B20000F4207374B87AF594E49876818A25A4BE7
:109B30009A84DA7029656994B44649324C4A22A560
:109B400049940C5316A6599846D1300885AA2E0F71
:109B50004207330D878F699E5372241A866408B3B7
:109B600028476AE93028C358CA862189E2300A9317
:109B7000522D8AB428A955B3300285AF290F420768
:109B8000330D878F693C1CC4288BC2E1A023393870
:109B90000C490E65E1F0590787419D336918F43887
:109BA0001F060D85C92A0F420733CD91341C3EA6EE
:109BB000791A6583348C69940D5A9466C377301C86
:109BC000B62D8C92D2B04449141687B10585CD28A4
:109BD0000F4207330D878F694E1FA6380AE3611ABB
:109BE000A430C987A51AD5C261CCA9C3418CB228BB
:109BF0008CB2281A3E85CF310F4207374B87AF59B9
:109C000094A35138BC94D3241992742915932189B3
:109C1000922189925A920C492D692B25B5A834249A
:109C20004D71A6C4690085D02F0F4207330D878F71
:109C3000698EC4A91C4A49326C8914666245CA8679
:109C40003189C22C2A2692348C4916855116254B0F
:109C5000294BC2281585D5300F4207330D878F69F0
:109C60009EE3D93044831215B3618806252A66C362
:109C7000900C631E0DA725AB54B424912A83924502
:109C8000699245B10085DD2E0F4207330D878F693C
:109C90003C6839920DDA30444998D4922C5912A577
:109CA0009826A5414A121D49A3E1A0D3866F793AAF
:109CB0001C240085E42F0F4207374B87AF594E898C
:109CC0008724AA459562940C43366479341CA2B665
:109CD0007048A25AA474AA8D5994D492A64A964464
:109CE0005A0085E52B0F420737CBB1EAF035CBC3DD
:109CF0002C8C92258AA62419B3298C92A668480E2A
:109D000039920F5F933A2245DA18EE390085E92D32
:109D10000F4207330D878F699CAFC9A02351E7A479
:109D2000980DA7246A4DF22C49862119B2A8980DE6
:109D3000439845C56C18C22C8D0085F9300F420739
:109D400037CBB1EAF035CB734A360CC9B0A43932FF
:109D50000CD110A539320CD190E5F0302843925542
:109D600022A52919A26129E5880085FB2F0F42074A
:109D7000330D878F699C0D431AA5A56188724A36F9
:109D80002443949492284C8664C8E274190E529825
:109D900054B3A898689914A70086062A0F4207337F
:109DA0000D878F511D1C76288786B730CD9261882C
:109DB000C3A66110A3D66818D2A8311A6E51252AFD
:109DC0000D070586072E0F420737CBB1EAF035CBDA
:109DD00073481BA4314BB361D0C2281A066518B270
:109DE000302A6DC31029399694929EB4A494E31935
:109DF00000860A28EFC107374B87AF598EE47838C1
:109E00008851A53648493953D47010A31C1B94615E
:109E1000C8914E499F927E1D0E860B2E0F4207372A
:109E2000CBB1EAF035CBA16818A4248D93C3966416
:109E300061320CC9B066619664C39634465934AC3D
:109E400039AA46911C260086112D0F4207330D8733
:109E50008F59120F0F5116A6C9A00C59668C944445
:109E6000C9925212D5F1E129CBB1683855E2301AC6
:109E7000063D8E00862D2E0F4207330D878F693ADF
:109E8000688394350DDA20654D8336486929192E8B
:109E9000515A4A864B94F429192E5196D4A244AAB9
:109EA00028008638300F4207330D878F690E27D977
:109EB0003044D57018B24C0A076998925231290D76
:109EC000932215B368189241CAB3A4D3A044499B06
:109ED0009614863F2D0F4207330D878F693A3C4415
:109EE00059D3F01056E2340AB364189421AA47C338
:109EF000A04549940ECA30E448942695E19C038617
:109F00004E270E42073F87871DC991E1294CA33098
:109F10005193412BD6D241CBE16C50B36A56CCC29F
:109F20002889D248CA078650280F42073FC7871D95
:109F3000CAA1E12D4CB3309193410BBB0E628E4709
:109F4000C3204639383C24598E65C320E504865524
:109F50002E0F42073FC7871DCAA1E1210AE3281C33
:109F6000D46448B374D8A21C8CC2311A9262922570
:109F70004D4A29698C32254BE4481C06865B2B0F21
:109F800042073FC7871DCAA1E1210AE3281CD46408
:109F900048B374D8C2284EA2B6246A4B8668C8C299
:109FA000282DA5C9F09013865C2A0E42073F8787AB
:109FB0001DC991E1294CA36418D2B0160D83163542
:109FC00046C310468DD13064699E0C87248CD358CB
:109FD00001865E290E42073F87871DC991E1294C02
:109FE000A36418D2B0160D8316A561340C610E2738
:109FF000C32D8D93E1A08459691D865F320F4207FE
:10A000001F4B877450A2B4140D8312B5254314ED71
:10A01000D0100E4B9445613624698E0C5132C451D8
:10A0200012C55112C54954696A891A058667320FEB
:10A03000420733C707654873703847611C0DD1A0CC
:10A040000C591466431426519626C33228539E2475
:10A05000C39A94F22419D6A41426A5618B008671A4
:10A0600029EE4507E341C7A21C19926C50F3341C3A
:10A0700086288C1AA3C6A87118A23C8DC2284BC290
:10A08000414A0631537230867927EFC1072FC773D3
:10A090003C1B866810D3A49826C53429A649311DD7
:10A0A000C43489F3384FC27CC8C2AD1A0E07868A01
:10A0B0002D0F42072FCD91388FD3411906A529AB1B
:10A0C00094B24A29AB94B26C90B24A9AC4691227EE
:10A0D000613E64E11625619CE5502A868C2B0F4277
:10A0E000072FCEE33C4E076518A2A49826C5342955
:10A0F000A6496518A2414C93388FF36438646338DD
:10A1000085698EE47808869C2E0F42072FC7B361BD
:10A11000D072241BA4AC52CA2AA5ACD29825956152
:10A120005006554BE2242DA54994A54B184D6A962F
:10A130002375380386A424EF41076B38C451984730
:10A140007528CBC11DDA8EE1369CB372561ECE59EE
:10A150008E87D9F090E5580286C028EFC1072FCD31
:10A160009138CFD1411906A5314D8A69524C93627D
:10A170003A28C31025711EE749988FE114A6E170B3
:10A1800086C62BEFC1072FC7C3616C1AA4304A4A99
:10A190006194948629298551520AA3410AA3241C5B
:10A1A000C62E51184E613215A3703886C72AEFC1EA
:10A1B000072FCECB793828C3A0744E2A729494F21C
:10A1C000A4946583544CC2240F75A4946643920EE4
:10A1D000599226F93086CB2A0F42076778C8913406
:10A1E000CC722C1BD62C87922847B2E120E7D8707E
:10A1F000CECA59793867391E66C34396630900860B
:10A20000D42EEFC1072FC7733C1B066550E2A47321
:10A21000D26548FA94F4294906A594B4255192557B
:10A2200086244BCAD9120F51320C4A1A0786D929F3
:10A23000EFC1072FCEE33C1B866810D3A49826C538
:10A2400034498643D28E0D629AC479360C6112E687
:10A2500063388569381C86DB300F42072FCEB32860
:10A26000CFA2745086214A9AD224D1D2A49826C96A
:10A270007048066D4CC2A41A26D5A4545CA2CAA488
:10A28000557224C7430086E42E0F42072FCEE33CCD
:10A290004DC2414BC2A494555AA3245106A53B3646
:10A2A000E858120E6A98A54994A54392455B929589
:10A2B000071D2B0186F92F0E42072F87B361CC9122
:10A2C0006890942C29562AC39074AA74AA0CCA3098
:10A2D00024B5A856AA25C930644B140D511255D285
:10A2E000A81E0A86FB2E0F42072F8FC3280EB36CC1
:10A2F00050C22C49E428A90C4B8F59D2980D4A988A
:10A3000025D9B086519C44E5A93625599484A534B5
:10A310001E86FE340F42072B47D25411B32949063B
:10A320002D4ABA455952190E492DCA925A9424837E
:10A330001625AD8A984D629245E9965486249392EB
:10A340006212EA710087002CEE41076B38685116E3
:10A3500065511665C341CCE1E1206571920C43263D
:10A36000B5956AD930647116C5C3920C6A12E5506E
:10A370000287022D0F42072FCD913447C2611AA4E4
:10A38000ACD263524C9392A225C9142983346849F4
:10A390009C87839A84F9F0294C7324C74300871261
:10A3A000310F42072BC7EAD0942DD3A095925A299A
:10A3B0002955A2A4541992CA521AB4A494644963A8
:10A3C00096342651344853BEB467D930E618008716
:10A3D00018330F42072BCCA13087C27C50866450C3
:10A3E0003A454A2295945A1429B5281A966152D2B0
:10A3F000A8356A8992523425C93024B5340B7324A8
:10A40000C700871C2B0F42073BA7E4C8F0A084B904
:10A4100016B5256194459194A463B80C438EE5D09C
:10A4200070101B87830E85D9F090E30900875531A2
:10A430000F42072FCEE34A1A47C9304449245586B4
:10A44000256A4BA2D2A0446DC930448312B523695A
:10A45000122759944695CA30285235C9610087574A
:10A460002AEFC1072B8FEBE130248394264DC39054
:10A4700034A549D33024EDD8A00C87248FF3388934
:10A4800086215BC3252D0E078766340F42072BC735
:10A49000B32119A22C0A87250A95A650A90CC9A098
:10A4A000B423DD86433224919285512D4CB2241978
:10A4B00092DA92464B3189C22CCAA3308774340E8B
:10A4C00042072BCC91301AA2308A86658994524972
:10A4D000294583522A2995251A9626254B9221CA69
:10A4E0009252A553B42CD1908459922775244B00D5
:10A4F0008776300F42072B8EC24A1456A2685086C8
:10A5000043524AA24A29892AA5648892523E48C3E6
:10A51000258FB3E19484EB969496A89B56C742008E
:10A520008778360F42072FC7C3616C1AA4304A4A96
:10A53000431225A54A94942A515219066550E2A463
:10A54000960C495689922C694AB2251992214AE201
:10A55000240D933C4D00878D330F42071F0B87213D
:10A56000CBF1749086298B92281AA424CAA1244A7C
:10A570008621292569322C7D4AA25A380C5912B5F8
:10A580004549541906A9D18E00879E300F42072BEA
:10A59000C7C36190C2281CA461489A8A496918926D
:10A5A000A662522A0ED270C9C1284B3A257D5ABAEA
:10A5B0000C493DC9A124872300879F2A0F42072BFE
:10A5C000C7B3E194E5C38E25A561489AD2A4691862
:10A5D00092A63419A46148CA79394986D38E2D5977
:10A5E0006BBD0087A2290F4207338D934E25254A64
:10A5F000D2244BD22CC9B2E1414963390D8773563D
:10A60000CECAC31DCBF1301B1E723C0187BA310F7D
:10A6100042072FC7B36108B3A83428C310254D2DB6
:10A62000956188925A9C94B26C50063189F3340B30
:10A6300093E1908DD9102551635687440087C42E2D
:10A640000F4207334D872D47B2411A0629499330EF
:10A65000C98621518A69920C978A98A5790E0D07AF
:10A66000B17138E850980D0F399E0087EC320F42D7
:10A67000072BC7B32119A22C4AA261899248A90CC1
:10A68000C9A0D4B1A4340C4953CB200D43528C6AD9
:10A69000E13064491A2FC34B5A47723C0487F22CAD
:10A6A0000F42073FC7736838888DC34187C26C78F3
:10A6B000C8F1304E87659892282945C3328C719E27
:10A6C0008451320CC930C4790087F9300F42072B0E
:10A6D000C7076598B2304A92414A6A499338484957
:10A6E0009A54866D10D3A4320C5152AC25593A1CA1
:10A6F000C4C6E1A04369343C0887FB310F42072BF5
:10A700004CB3340BB3E1410D93D23024AD615219F7
:10A710000E4931A90C921429699466C329C9A274FF
:10A72000532A4BB225E528D1952C88052D0F4207D9
:10A730002FC7B36108B3A469503A259553524BC251
:10A74000A4724AFA34289D926C19B3A431E9717944
:10A750004A1AF324CAB141880D390F42072B87C228
:10A760006C88C22C2A0DCA100D495345A90C49A466
:10A7700094D2A4659092614AA2A49694B24C91B2EC
:10A78000A4969496414986244D5A9328C99128034A
:10A790008815320F42072BC7C361C8F27050864339
:10A7A000D296292525515AC3A4A424CAA0634936A8
:10A7B0009CF2388986219B9296254A9AD2A41D093B
:10A7C0001500881F310F42072B8C6AA562A932E859
:10A7D00058521906A5A7A42729E9294906651894FE
:10A7E0005A54CC14254C4AC5C5920C49A9528C32F6
:10A7F00059D10288222F0F42073F4786871CC9A1E3
:10A80000E1A02339327C4CE3E1204969240E431E48
:10A81000A78334684929A90DD2A04659940C433224
:10A820002C0088312B0F42073FC78673561EEE5807
:10A83000980D0F619C0ED2A025A5A43648831A65F9
:10A8400051320CC9B0138783186551347C88363374
:10A850000F42076B9006A91685C3328C4998542481
:10A86000459386839843E1701073281C0E6A9C0EF2
:10A87000D2A025A5A43648831A6551320CC9B00070
:10A88000883B2C0F42072B4CA36C906A713448CB49
:10A8900090E55016255334AC833C277D512A4B7BE1
:10A8A0000E0D07B17138E8501A0D0F0288402DEFD8
:10A8B000C1073FC77338C78683186551186551189B
:10A8C000655118655118655118655118655118651D
:10A8D00051186551186551347C884C250F42073357
:10A8E000C7A36108733887A31CCFE16838C9691210
:10A8F00087519CC7799CC7799C87499EA600884D43
:10A90000240F42072FC7A31C0BB329CD735A928380
:10A910005936285A9245499A859DC6FE4F49982333
:10A92000190088532D0F4207AF8E653A1226C9943D
:10A9300026699C63C9A087D1A0686294645B98294A
:10A94000511825A5304AC24A14F629096B19008806
:10A9500057270F4207AF8ED5A16850A6348F732CAE
:10A9600019F47C50C45212360D52D88F5398AC61F2
:10A970001426618E640088592F0F42072FC7872144
:10A98000CFC229CC916CD0A124CA91A83228CA3058
:10A99000557228CCA1301AB230AA85512D8C6A612B
:10A9A0003424C5A80D885B310F42072FCAC128C7C0
:10A9B00092615AB26A340C7A0E27C332244A98251F
:10A9C00095612BA659326CC5344BA2344B8621CAF3
:10A9D000C22CC9C212008861320F42072FCAC16857
:10A9E000C8A32C5AA22C0E071DE91E2595219106FD
:10A9F0002D2925B552522B0D5A31CD926188B23096
:10AA0000CD2A5192455914018863250F42073BA76F
:10AA1000E4783E7CCEF11C4E723409E32C8AB524D6
:10AA20004EC2384AC32CCE9334D6C51C0388682640
:10AA30000F42073FC7736478C8911CCFA1E1A043C0
:10AA4000399E0F5F931CCCAA6292266928D5E42414
:10AA5000167508886B280E46072B87C21CC9D1685B
:10AA6000187324CB91AC9823999266899A4549D65C
:10AA70001285598E84791A57F34C058870240F4239
:10AA8000073BA7E4C377E270CEB3E15B1E0F7728E4
:10AA9000C9C1AC2A26A192665A12E6B29A4300882E
:10AAA00077240F42073BA7E4C3F71C1A0E621F87E7
:10AAB000830EE570928359554C4225CDB424CC6564
:10AAC0003587008881240F42073FC7736838E850F4
:10AAD0003E7C270EE73CCEE3E18E546BC531C9A422
:10AAE00024CB1155CE1101888B2D0F4207334BF229
:10AAF000304AC564502A831AA5391247619E845191
:10AB0000AA23F9F035C941290B952CC9B424D211D7
:10AB100075CD2100888D320F42072BCDA13087875C
:10AB20002119A4B412874932286156C9945A1225B2
:10AB3000529694926450C2A41A66519266A5AC9C37
:10AB400085C390E5200088922C0F42072BA7E4C410
:10AB5000614886252DA5619686D930644A354AA478
:10AB60003489926A9824C310666998E3391E0DB738
:10AB70001C048896290E42072B8FEB70368C793493
:10AB80000C59A9562A29A54A2295A42419862C29AC
:10AB9000D54AB552AD54CB8621AB0688AB300F42B7
:10ABA000072B47E23CC7B3411A0631CAA2AC254C79
:10ABB0006AE9340C51D22D89B2240BB32849B32849
:10ABC00049B372942569540B93280D88B1310F4213
:10ABD000072B8DE2304A72A8344C591446591C296F
:10ABE000C396D452AD98B495A44A9A9492348B9259
:10ABF000348B92344BB2304BB230530388C12E0F9A
:10AC00004207B30E8551360C499686591AA6C3B72A
:10AC10003487C22C1906250BD3AC125532494B127E
:10AC2000250BA34A5429A999941688C22A0F4207D2
:10AC30001F8E86414C4BE120D5C2A825CAA2548C58
:10AC4000321D4AC45447F2E16B94C55A922A61A856
:10AC500025992E0B88D42D0F42073BA7E4C3D72894
:10AC60008BC3245DB25052E51C91868318655198C0
:10AC7000A449A80C8A186551180D529827618E6452
:10AC80000088D52D0F42072BA7A4498E46D13085C9
:10AC900069D418E769922A515691D22989063589D3
:10ACA000B234CCD2304BC32C0D0735CC220088D91E
:10ACB0002D0F42072BA764C390639541CCD264B893
:10ACC000A559986699920C439468719444399424D8
:10ACD000C31046495889C21E87B10588DC2F0F4230
:10ACE000072B4FD238CA87073547D23C1B86308B9B
:10ACF0006A4AA9451A86244A4AC5A454CC8621CC5E
:10AD0000A2621615B3A898850A0088DD2C0F4207A9
:10AD1000AB1847613C8439940C43328C7114C65192
:10AD20003468994EC987AF490E4A59A86449A62587
:10AD3000918EA86B0E0188E12E0F42072BA764C3EA
:10AD40009023516558A26A340C611615B3A8A62445
:10AD5000C310256A1825619E24C310C6799CC77943
:10AD600034DC721088F3270F42073FC7DAA3EAF0FA
:10AD7000A0E4A8345CC23C1EEE583E7C4D7250CA22
:10AD800042254B322D8974445D730888F42A0F42A2
:10AD90000737CBB1F2A00D72960FD99067F1A00DD5
:10ADA000B294A3F9F035C941290B952CC9B424D22A
:10ADB0001175CD210088F82C0F42072BA764C39092
:10ADC000235165905AA36108B3A898946AD330447C
:10ADD00049B1140DB7740E936A1615A3AC398F439D
:10ADE0000088F9230F42073F1FBE138773561ECEFC
:10ADF0005979B863F9F02DD24229D1622D49959243
:10AE0000665D730889022E0F42072BCCE2AC8E0CD4
:10AE10004A3664E5AC1A6662320C4AA4C491A29523
:10AE20002A519646839286591A6669B8A4C99846EB
:10AE3000690689072F0F42072BCCB13A3E3C2439D3
:10AE4000AA0C4398A561360C99528D126918922864
:10AE50008972288986310BD32889E254CF24359111
:10AE60000589102F0E42072BC7A361C8D3648886BB
:10AE7000218CD22C1B862CCC9564B82859292965A5
:10AE80005196946A71940D4B9463519E64391201EA
:10AE90008912290F42073F1F3EE678320C699486DB
:10AEA000D23064495A4A8643562947ED888E46591E
:10AEB000AC25A952D2AC6B0E018925300F42072B6D
:10AEC000A744C33947862819C628C7B2E194256D1F
:10AED0004A5396488914268D529686D970CA922C68
:10AEE0008CB2288CE230892500892A330F42072B47
:10AEF000A744D1A023B56490922C0D0731CDC26434
:10AF0000C932A532488994D4A2A429C992B6304B3B
:10AF10001AB3446B09B328C9A1241B0689322D0F2B
:10AF200042072B6FC7860725CBA36410B372960C1C
:10AF30009AD25322258312253D269541CCCAD93079
:10AF400068511847619CA419008944270F42073FA4
:10AF50001FBED3066510B3240B0765D0B37878887D
:10AF6000B37C38E8593A7CCD8A63124D49A6CB02AE
:10AF700089562C0F42072BCDA12C4787CB9064C557
:10AF8000A4B7286B1A4E8A342589D25BA267719EBA
:10AF90000C07294DE2304BB3344C7401895F300FFC
:10AFA00042072BCCE2AC8E0CC9900C59395AC628FA
:10AFB000E99644599428399648C31026391A0DB792
:10AFC00038CFA26294B5444918A53100896A300F80
:10AFD00042072BAC26C3210FA321C7A361D02A515E
:10AFE0009255A2245292615012390993643865E552
:10AFF0004CAA551AB324EA989492CC00896F3B0F5F
:10B00000420727CCB1301AB26848A21C8C92218921
:10B0100092218CA45A342451A444D190245A544BE4
:10B020000625CAC268C8A2444AA3A4222651A28403
:10B03000511225A52CCA0489722C0F4207B33C0C6F
:10B04000C92026593A0CCAA095B3411AB4523E48B9
:10B0500083560AA3481BF47CF8AAE4D01645531281
:10B06000E9883A897F29EF4107E3D72CC7EA587D61
:10B070003888511685511685511685511685493ADD
:10B08000EA489843610E85C341CCA108898122ED2D
:10B090004507E34398E548960E07A916B545D170D4
:10B0A00090F3E1212C87F194633B246D7B02898628
:10B0B0002E0F4207E3D72C1F0E629445E17050A378
:10B0C0001C8B8653984659320C699486D230644959
:10B0D0009647D130A4492D0EF7641B02898B21EFCE
:10B0E00041076F38E7711E0FE73CCEE3E19CC7795B
:10B0F0003CDC912CC7EA505852C31D1904898F2497
:10B100000F42072FC7C3616C1AA4B0388C7D198613
:10B110006418FB71D8923049A32C09B3A8A447F551
:10B12000708993250F42071FCDA161888631CDC25A
:10B13000388B7296E19CC7C3398F87731E0F7724B3
:10B140000B33311CF24189962E0F42072BA764C3A3
:10B150001066693248696918C22C0DB3349B862188
:10B160004A5A9328A986D93084691287511C46B55A
:10B17000A62C4A0789AA320F42072FA78483340CD2
:10B180004996639D0631C92AC3A0646938A861162F
:10B190000D4392A5E1A025B5248B5AA22C939228A9
:10B1A00009A3240B430189BA2A0F42076BA98C8D8E
:10B1B0004B65CC922C9CA2314BB26C7850EA913406
:10B1C0005CC23C1ECE793CDC912CCCC470C807011B
:10B1D00089BD2C0F42076798E2281C966189C250EE
:10B1E000CC86651892284B5A86072D8F87731E0FC1
:10B1F000E73C1EEE4816666238E4830089C0340FCF
:10B2000042072BCBB1D2A00C87AC298B96839474C8
:10B210008B96250BA368D086258BA4AC920CCBA073
:10B220004561120E531246599444C31225511A0A0D
:10B2300089D2260D42073347737018C43CCBB364E0
:10B24000384861292C0D07292C85A5E120859534E6
:10B250004CD228D1B10489E32F0F42072FC7C36115
:10B260001BC2288BC2A8316919942C4C8A69524A96
:10B27000D2411AB4A4294D8AE9A00C4394144B4935
:10B28000D82D14330089F8300E42072B87C361484C
:10B290008628E954A948D930248314279561482A7F
:10B2A00052960CCAA0F4FFCBA00C4AB74ACBA0D44C
:10B2B000D2449313008A001F0F42073BA7E4C377D1
:10B2C0008EC341E73C1C74CEC341CCA13087C2E1A0
:10B2D00020E650048A02270F42072BA7E478367C29
:10B2E000CBF17410733C1DC41C4F0731CDC2340B1D
:10B2F000D32C4C0731CDA2248753008A03270E425A
:10B30000072BCED33C0D8721CAE174D0921C8CA2AE
:10B3100041AB435932686956CDAA5975D0D2AC0EAB
:10B3200087008A08270F42072B2FE771380C598EA8
:10B33000A7839863C36510733C1DC4340BD32C4C96
:10B34000B3301DC4340B733C048A0A300F42072B00
:10B35000A744C30E46D930D5C1281CB22807A37014
:10B3600048861D8CC2218BC2288BC2288B2A51563D
:10B370004986AC52CA421D49038A0E2A0F42072B46
:10B3800047E23CCEB36108736C189441CDF1705024
:10B3900073AC3848C52C2A666998A5E1A086592562
:10B3A0008743008A132A0E42072B4CB3523D8A86EC
:10B3B0002189EA516588DAA3CA10B54795216A89BF
:10B3C000BA445DA22E4392454994C4691E8A162A46
:10B3D000EFC1072BCE913447C278189261C87364CD
:10B3E000D849C334C8391C0E629A95B328CF923815
:10B3F000199438C9A261088A1829EFC1072BA7E45C
:10B4000078382CC310E77834E8391E0DD2B0436188
:10B4100034487916E5599467519A0C529A64D93098
:10B420008A1B2F0F42072B4DF230C9D1241C96A83E
:10B430008E44A52191923C89C421AA83893A444A29
:10B440001AB5466D49D4960C512D896A439E038ADC
:10B450001D2D0F42072BA764C310E6D93024510ECF
:10B4600046E120D5B1E2A00C838E898396845925CC
:10B47000CCA2629664E130D62A391C028A1F2CEFD6
:10B48000C1072B87D2525A8A8621AA835934486130
:10B490000E25513428519663E9A0C559392B65A56D
:10B4A000301A946150B2280D8A232A0F42072B2F9D
:10B4B000E771382CC39083513488510E46D1204611
:10B4C000F97019C434AB845925CCA22C1BA4AC252B
:10B4D000CD0B8A2A2C0F42072BCE91388FC36119CE
:10B4E000061D8A072DC7E3411B74AC3468A5AC293F
:10B4F0006BCAA2301AA430CA9228C99130038A2D8F
:10B500002E0F42072BA784831A66D13024598ED57B
:10B51000062595736850862187C26890C2282B65DE
:10B520002D6116A68396845994E5882A8A31280FBE
:10B5300042072BCDA130C7E36119861C89D221C9EE
:10B54000723C1DD21C1B2E435A4A4B69294D87B4AD
:10B5500094E678088A342E0F42072B87D27C4786E0
:10B560007058723C478628C7874119A22CC78A4366
:10B570001489514D8B6A49D416254312969230474F
:10B58000D20C8A3A2A0F42072B2FE770920D53965E
:10B5900043693424619463E910E6A8960D7118A5F7
:10B5A000A5308B4A5A36C46114EAD80C8A502A0F47
:10B5B00042072BCDA13087C2789886214FE241A95E
:10B5C00083513C68838EC5831667E52C1B96AC3C83
:10B5D000687156C753008A552D0F42072BA764C3C5
:10B5E00010C6E130643918950629897228A90D62C0
:10B5F0008E0D97414CB330CDC2340BD3414CB33098
:10B60000C743008A5B2AEFC1072BA784831A66D140
:10B610003024598ED50669D0B1DA206539561BA47D
:10B62000412B654D5953960D52D6320C028A5E2F2E
:10B630000E42072BC7B361C8726818E47C50924170
:10B64000CFE164500625CF926450B2A4960C4A2DE7
:10B65000C9925A9E0C7A9285498E46008A602D0FB7
:10B6600042072BCE9138A764C332E478960CA99296
:10B670002FDB90253A98D4862CA9452D59D4972CA8
:10B680008A06314BA22CC9E1148A622C0E42072B88
:10B69000CD9130478787248D2B433444795419A2A8
:10B6A000F6214A86A825EA1245439444D564C891F8
:10B6B000529AE468048A632E0F42072BCDA1B093FF
:10B6C000340CC98E560629CDA1611974DA300D5299
:10B6D0001865511865D1306551180D521865D1B0F3
:10B6E0004361028A662E0F42072B47E23CC9D168AC
:10B6F00018D21C1A2E439CE3E1102D3918854316ED
:10B700008551168551D6942D9521D992528EE8787F
:10B71000008A692A0F42072B2FE778382CC39083C1
:10B72000E990E6D87019F21CCF8668189428CFA249
:10B73000AC298CB221CFA234C9E10C8A6B28EFC1AD
:10B74000072BCE9138C7860725CF4943BA23433C00
:10B7500084391E0FE1205586380AE328AC0C612598
:10B760004A07018A6D320F42072BCE9134878765D5
:10B7700058D23CCD866818F41C19A264D0915A3472
:10B78000444916B534B544595409932189C2244A11
:10B79000B241CD21008A71310F42072B87D2780840
:10B7A000B3211C862CC7D34119061D4B0731C7D3C3
:10B7B000411986284BD2284BD2284BD26850D22828
:10B7C0004B862147D2048A72280F42072B6FCEB3D3
:10B7D0006119061D4B0731CAB1D2200D3A1C2583D1
:10B7E000982559539668ADE120265977440D8A7300
:10B7F000280F42072B4CC376288B869D325C8634FB
:10B80000C7D3211A861C4C87B4940C97282DA5E920
:10B810009096D21C0F018A792C0F420733C78741BB
:10B820002E0F0F89948451520BB3E121CAF168188D
:10B83000C41C8F8641CCF16818B472960D8314C66F
:10B8400011008A852C0F42072BAF45391885C3326A
:10B850000C3912A54392E5783A24C31D1A872CA906
:10B860004559528BFAA721C92A519AE321008A87A8
:10B870002C0F42072B2FE7D8F02DC9C12C1BA23467
:10B880004F06251972D27019C238CAF2281A86A832
:10B890008E44438E44D5248733008A8D2FEFC10711
:10B8A0002BA744C3A0639561A9E5482D1A92620EA7
:10B8B00055A2210A73248A87B49425514B35899265
:10B8C0005A920C492DA96543048A93280E46072FE6
:10B8D00057866588B31C5A8683564D6AA11446C3A1
:10B8E000434E1A0E3A6D38E8B4E1A0E550361C24F8
:10B8F000008A952E0F42072BC7C21C99976998B2F0
:10B900001CAB0D5125872A8764A963496D48BA4548
:10B9100049B7A83428511D19927A960D638E018A71
:10B92000982E0F42072B47C66CC8F17018736CB87D
:10B930000C5952879A8624AB0FDB903565511865F8
:10B94000C9A044E56488E2244AC2242E018A9E2CC0
:10B950000F42072BA744C3A063E9B0E5E8B00D5937
:10B960001DAB0DC970270D391845C31615B3A8981E
:10B970000D519845D1B04361048AA0300F42072B86
:10B980004FD238CAC12819C61C1B2E4392E558292C
:10B990001A922CCA97281A926E51D22D4A4A619453
:10B9A000942A83A274AB89591A8AA1320F42072BB9
:10B9B00047E23CC9D16818D21C1A2E439C634971D6
:10B9C0008892E66148A2214A9A5A9A5AA22C4AA21F
:10B9D0004A322451A2D4C24887C2008AA329EFC1A7
:10B9E000072BA764C39083E130E660541AA2762443
:10B9F0002A0D517BD26548FA24255212A5A5341D83
:10BA0000D252321C8AA42A0F42072BA764C3902368
:10BA100069322C698E0C4334E4AC43340C39980EF3
:10BA20006929192E515A0A9370C89AAA79018AA6CF
:10BA3000320E42072BC7B361CC916418122547C35D
:10BA40004119863CAA0C4A541F866450A24A964467
:10BA5000952C1986244BA2CAA044952C89EAA100F2
:10BA60008AA8310F42072BCDA13087C2E121C9E15D
:10BA700064980629CCA1248A06A9920F97410AA3AB
:10BA80002C89DA922C89B2641894418FB230C9E1C2
:10BA90000C8AAA320F42072B47E230CAC12C1A96F1
:10BAA0003047E2685086250FB3210A7328CC866898
:10BAB000D8A22C0AA32C0AA32C0A87288B92280927
:10BAC000A3341E8AB02F0F42072B4DF230CAC17823
:10BAD000588641CFC221D1722419866888B21C2BA6
:10BAE0000ED130446D61540BA35A3844C3A0447541
:10BAF0003C078AB2300F42072BA764C390235165DD
:10BB000058A23A320CD110B523516988862107D347
:10BB100021192E51384659528B3A0D495689D21C5B
:10BB20000F018AB9350F42072B4EE234C9D1241BCD
:10BB30009421197228098730C9D1241CA265C792A3
:10BB4000700893300A93300A93304A8664488630EE
:10BB500009A330C9D124038ABC24EFC1072B6FC7C6
:10BB60008607256E1AB241C76A4356C7066DC89A42
:10BB7000B2A66CD0A2AC36644DC9708ABF2F0E42FB
:10BB8000072BC7B361C8A3681892A89E2CC910B52B
:10BB90000F433244699E2CC910259D2A9D2A4BA92A
:10BBA0009A0C499C444998A471028AC42C0F4207FC
:10BBB0002BCE9138C786EFA461888628CD91618805
:10BBC000869C360CD19067511C46C97089D2744846
:10BBD0004B5992C329008AC72B0F42072B2F265996
:10BBE0008ED4862189EA58120E591D51A321CD7297
:10BBF0002C1DB2246A4BA25EB2284CC2216BAAE66D
:10BC0000058ACB2C0F42072B2FE7D8F0310787216D
:10BC10001AD21C1B2E434E1B866888D2A8340C51A6
:10BC20006B541A866888D2A82DC99130028AD22B0B
:10BC30000F42072BCE9138C786EF8C43340C3992D4
:10BC4000464394E6481A0DD13044D55296D4A24EBC
:10BC5000439255A22CC9E1148AD62E0F42072B2FEE
:10BC6000E770920D539643693424C9A0E4A4211AC5
:10BC7000861CE9344449536918A296A696A6214A1F
:10BC80009A5A732454008ADC310F42072B8ED22C2F
:10BC900089722889A24119EE49940D5112E550325A
:10BCA000644394E3C3A00C6929192E5138465952B4
:10BCB0001BA24E5B1D0B018AE7300F42072BCCE223
:10BCC000AC942F9561C9742829254324D5A3E41089
:10BCD000E6E83044439446AD516918A2D66888D24C
:10BCE000A8340C399226008AEE2F0F42072BAF455D
:10BCF000399A0C072DCC91301A122DC78A4354C99A
:10BD0000A1248B862C4DA26C986A61540BA3210B45
:10BD1000A3DAB04361028AF12E0F42072BCE913491
:10BD200047872119A6301F2E434E1B866888D21CD8
:10BD3000198668484BC97089D25292A543325CA2D9
:10BD400034C743008AF7300F420727A744C3394F4F
:10BD5000865189932D5AB2723228D1D273D2694951
:10BD600006254A6AA5A4969492CAA0444B54891207
:10BD70001DD1722C8AF82D0F42072B2F67F9B00CBA
:10BD80004318E560920DC970C7D221CCE1611A2237
:10BD900031AA14A3DA30D5C268C8C2A836EC5098CC
:10BDA000008AFA2D0F42072B6FC786079D16464360
:10BDB00018E5D030284314E650160E512275CCA257
:10BDC0005A944415291A92348B924C4722158AFEB4
:10BDD0002D0F42072BCDD230CB91E1539663496DA5
:10BDE00048736CB80C610EE743364C2531AA14A396
:10BDF0005A180D5918D5861D0A13008B002B0F42B7
:10BE0000072BCDD230CB91E1539663B5211B74AC97
:10BE10003664756CD086B4940C97281CA32CA90D9D
:10BE2000512F591D0B018B022E0F42072BA744C324
:10BE300039CB86653867952119EEA4211A861C49ED
:10BE4000A3211A86A8352A0D43D41A0D511AB525F7
:10BE5000391246008B04370F42073BAA0D51528C12
:10BE60009261C8A22C8F86433444591825512D1A4B
:10BE70000E511D4A866418B22807A36418B2280719
:10BE8000A36418B22849A3481986088B05340F42C9
:10BE9000072BCE913447C2E12189B21CE932488395
:10BEA0009243613248951C296583340C4996445964
:10BEB0009229BD4583920C5A9864512547C2088B3C
:10BEC0000A2C0F42072BCDD230CB91E1535287C3BE
:10BED0002119EE483E64393E4C430E4659528BB20E
:10BEE000A41665496DC8924E2DE5588B0E2DEFC1F5
:10BEF000072B47E2304AF228A90C4B4587B270085D
:10BF0000871D0C8744D2B1681BA2A4A92425515BCC
:10BF100018D5C221A947DA308B172E0F42072BCE36
:10BF20009138C78641199630C7A2704886739E0C17
:10BF30005A1D4C876418A45A1E65831665B5210ADC
:10BF4000B3A82547C20C8B19330F42072BCDD24A19
:10BF50004E1C9661D0A1241CA261C8B1A43424C394
:10BF60001D4A4A43340C513109A34CD1A24AD39003
:10BF7000444994446192A349068B1B2D0F42072B21
:10BF8000CDD230CB91E1539643C3100D591D192EDC
:10BF9000439A83C3100D514FC310F5CB7019A234CF
:10BFA0006A4B72248C008B1D340F4207270EB3306E
:10BFB000CD872C199428CB876448A65A3E64D114A7
:10BFC0004979949496412925A116255992454954B9
:10BFD0008B96AC9464493B9445008B202C0F420710
:10BFE0002BCE91308787211994A80E45E290E9A0C5
:10BFF0008E0CD130E4593AA4A564B84469A9D31091
:10C00000F5340C399E008B2C320F42072BA744438A
:10C0100032E450382C5112E5499424431225518EB4
:10C0200025D99069B9162543A84691564AA5248A70
:10C03000B66888B528D4B1198B392BEFC1072BCD41
:10C04000D230CB91E15396638336A439380CD110AA
:10C05000B523C3100D6929192E515A8A86211AD287
:10C0600052321C8B3E2E0F42072BA764C30E85D184
:10C07000B00C3B14664334ECC42119063D89926828
:10C08000488641AA8351346C51168543A846915D78
:10C09000168B4931EFC1072BAF0C499443496950C6
:10C0A0004AF52C898624CD934189861C8A87211BD9
:10C0B00092348B92348B9261C8A224CD86280BA334
:10C0C000E1208B4F310F42072B8C8A59544F5A86EF
:10C0D0006549F6A834243D2FC9216A1E0EC9106592
:10C0E00061544BA2B624AAD4926448A24A290913E7
:10C0F00035CC028B58380F42072BCCE2304AF22164
:10C100008986398AA3241C222947864332C43934BC
:10C1100024513224511225511225A5CA90942A5136
:10C12000251992A8524A8624D1B1028B5A2F0F4268
:10C13000072BA744C31D4AB24119CE5112254332E1
:10C14000DC4943340C39924643340C516B541A8603
:10C15000A89A0EC97089D21C0F018B5C300F420760
:10C160002BAC86510E0D833268510E2551120D9164
:10C170001D8BC22119EEA4211AB6A89845C52C8A98
:10C18000866D88C22C2AE6D030018B662D0F4207BF
:10C19000AB180E831447D9B00C8B96A459920D4955
:10C1A000584AB2241B924453937CF84E1B0E3A75A6
:10C1B000388839140E07098B6C2B0F42076B10D38C
:10C1C0002C19866890B27A920DCB302859980ECAF5
:10C1D000B015732C1FBED386834E1D0E620E85C311
:10C1E00041028B6F2E0F42072BA764C390235D86FD
:10C1F000651872301DA261C8C17448863B926543C0
:10C20000988451340C51B5940C97212DA5391E02F8
:10C210008B70300F42072B4CC35A8E0C1F73701853
:10C22000A221CDB1E13284491D912A4316855132B4
:10C230005CA22C0AA34C290DC99694B228D1952C46
:10C240008B74320F42072B47E274D0A3A4322CC95F
:10C25000A023593864C3909386441974A4160D51D1
:10C2600032482D715419A4962C1AA264902A753064
:10C270001B068B77300F42072BCDD268B8234DC3F6
:10C2800054C786411912290787211AA23A380CD1BE
:10C290001055A3681894A88E44C9304843D614EEAC
:10C2A000D0368B7D280F420733C9316919B3345C0E
:10C2B0008E69162E95314BB268F8D63A1CB41C4CD8
:10C2C000A2E1941387731E0F37008B802E0F420755
:10C2D0002B2F0D772C1C9661C86943329CA3244AEE
:10C2E0008664B8A7D1100D43D41A9586216A8D862D
:10C2F0006818A25A1D4A13008B8A2D0F42072B4C37
:10C30000A36C906A713448CB90E55016255334AC39
:10C31000833C277D512A4B630E0F8730497368D0C9
:10C320001155DBA1018B92320F42072B1CE428CC64
:10C3300091E13228713E0CD2906451BE6C4392D58B
:10C3400087411992B0341CA24A9445956190864C5D
:10C3500009A34A94A4DA208B932D0F42072B2F0DAB
:10C3600077CAB0DC914E43B4EC50960DC97047B219
:10C370006C48864B943525C325CAA2241A22AD9455
:10C3800034E590188B95380F42072B1B92218B2A8E
:10C39000513C24C3414AA27848866448B27232288C
:10C3A000C99064E564509221E953920C4A29E953FB
:10C3B000920C4A3224D1944449CF59248C37230F0C
:10C3C000420733CD91B816B646619283590EA5B196
:10C3D0002EE9A0369CF3388FF3388F87739E018C3B
:10C3E000412F0F42072BA7A449360C516B12D6A23E
:10C3F000D220E669120E52966669320CC9A06461B9
:10C40000960D52D6943565D9200D5A298B008C464D
:10C410001ACFC1076778C8390FE73CCEE33CCEE3BB
:10C42000E14E6FCDA12C1D3E8C481EEFC1073F870A
:10C43000C21E87834E1C1E72EA70CEE33C1EEE2C99
:10C44000690E65E9F0018C4C320F42071F4A8731B3
:10C45000C786739E0C4A1AB52351B40C49944449BB
:10C46000940C499444B152D2A448296551122559DB
:10C4700059CAA2210BA3341E8C4E2A0F42076758BB
:10C4800086A99845C39445619664C3584A936C98AD
:10C49000B21C4A93E121A70EE73C1EEE690E65E946
:10C4A000F0018C50240D46072F4D9764EAA42CC947
:10C4B0002235294BB2484DC3830E0F0F396538E63C
:10C4C000E170CEC2E1218C54310F42072BA966C323
:10C4D000104649A765B84549B768B80C4BB76838E6
:10C4E000E578920C9741270D4334286994548621AE
:10C4F0004A4A5925193E048C61280F420733878721
:10C5000041CED3E12909DBD27038E83A2865A196FB
:10C51000D41149DE941C52A2582B6D49A8E7008C17
:10C5200062290F4207AF3DAA0E0F710E0DDFF234E4
:10C5300019A6489335290BB5A48E48F2A6E888922F
:10C54000A55A986C490EE7008C6A250F42073F47B1
:10C5500086879C3A9CF378B85387072547A5E11254
:10C56000EBA05487147D527444C9B449068C6B32D5
:10C570000F42071F89076D90A3304BA2E154C9A257
:10C58000AC940D43320C522D4FB2248B32A52D8D1D
:10C59000C44C52B238A9A551A4644A314742008C18
:10C5A0006C310F42071F0B8721CB916C50B238CAF8
:10C5B000E4248B92E1108D7112C691342C91A26407
:10C5C0009552161507250BB334CC2AE120A6590243
:10C5D0008C79270E4207538BD5504C72A4342C51C2
:10C5E0003592E22947B2A41A354E5A4B56AA6F79B2
:10C5F0009A47499A8479048C7A2B0F4207534DF558
:10C600004C2C27691845C320E99994CA49A8465972
:10C6100092495A122751354AB24C4B7324AD844982
:10C620005C048C892F0F42072FCC9134564A831C0F
:10C6300085591269695409953447B4244EA24C9225
:10C6400092585B863189C2482AC6519825D930361E
:10C65000018C8C2F0F4207538CD5541C0631A946F0
:10C66000AD99360C89540D936A1625C390485A1219
:10C6700027599246599269516BD4250AB728470029
:10C680008C93330F420753CA42318BC4E19644590D
:10C69000292BEAA0140D4398946A51125524252A97
:10C6A00026C93064511255B4242A27512D89862178
:10C6B000CCD2048C9D24ED4507673848395487A2B5
:10C6C000E120E5501D8A8683944375281A0E3A2D81
:10C6D000AD673994E460008C9E270C4A07370787C2
:10C6E00021CDC17838283994E450321C941C4A86F4
:10C6F000839243490E25C3414BC33CCAA1048CA07D
:10C70000250E42073387737418D43CCCC364386851
:10C7100039940D072D87B2E1A0E550361C747226BE
:10C720009B742C8CA12C0F42071F0C0735CCD230E8
:10C730004BC3411906254BC32C140751CC2A615613
:10C740000907A98E5593388DD230AB643914028C09
:10C75000A224EF41076B38E8508EE7C377DA7010F8
:10C7600073281C0E620E85C341CCA17038C8695E67
:10C77000CDA1088CA7240F420737CBA134D6256959
:10C78000182235CCB52495736438E7F170CEE3E117
:10C790009CC7C33DCD6B008CA8240E420733CB91C0
:10C7A00030D2C4314986500A6BE9A0D3866B9E0E05
:10C7B000D73C1DAE793A9CD3388F008CA9320F42FA
:10C7C000071FCD86782A0D695447862847A2681826
:10C7D000A2962C1AA2248B5AB2A84B3644951CCA96
:10C7E000C2242B464996445912657194068CAA239B
:10C7F0000F42073F87931C336B99240D43A44339A1
:10C800009C43C3398F87731E0FE73C1EEE695E039E
:10C810008CAB1DEF41076F3867B5E15BF370A70F75
:10C82000E73C1ECE793C9CF378B8A7790D8CAC21FF
:10C830000F42073F8786830EE5D870C7F2E13B7150
:10C8400038E7F170CEE3E19CC7C33DCD6B008CAF00
:10C850002E0F42071F8A0731CDC2344B86411994EF
:10C8600038C9E428CBB141C72AC3A064613A8839EA
:10C870001E27691C85691625618EA4008CB32C0FB8
:10C8800042071F8B92E13B160F4392E3E9302839B0
:10C890001E0F4312A7493C0C515A4A87214A6B4943
:10C8A000340C599255A5B4008CB41F0F42073FC7F2
:10C8B0008673561EEE583E7C270EE73C1ECE793C12
:10C8C0009CF378B8A7790D8CB62C0F42071F8E0603
:10C8D0007548B26448B31C1BC4344BC32C1906659D
:10C8E000D0A32CCEAAE120E6709E64391225E54C37
:10C8F0001B76028CB724ED4507E38356D36AC383C6
:10C900008E0F072987A2E120E550341CA41C8A86DB
:10C910008398D6B31C4A008CB8250F4207338BE2AC
:10C92000300BD56150924147E2ACAEE4B0369CF397
:10C930007838E7F170CEE3E19EE635008CBB230D3D
:10C940004607330B87D72C8A8683544B87B7308BA7
:10C95000864BA20FC970CCC3E19887C3B53D028C4A
:10C96000BC310F42071F4B0731CDC2340BD3411CE2
:10C97000942C4CB3301DC4344B8621CA92341A9483
:10C980003447D22C89D22C4AD2284B862189D30411
:10C990008CBF220D4607531FB261C83329CCB49A0D
:10C9A000A29492B1361CF37038E6E170CCC3E1DAA0
:10C9B0001E018CC0270E42072F87737098062DAA80
:10C9C00045599445496950B21C89866B9E0ED73CE7
:10C9D0001DAE793A9CD3388F008CC2310F42071FAD
:10C9E000C9872C8FB2418B8AD9906861242569143C
:10C9F000C64396A4514D8B925819946187C22CC995
:10CA0000C22C2A465934EC5018018CC3230E42071D
:10CA10003316A341552BC97088D23C1A869C385CCA
:10CA2000F374B8E6E970CDD3E19CC679048CC431C7
:10CA30000F42071F4B0731CD926150B2F2A0C5598A
:10CA4000344C59144683224699324C591446831467
:10CA5000E6D0B025599845C5288B2AF52C028CC7FD
:10CA6000260F420727CDA17018D224CAC2348AD615
:10CA7000240E333192B5E19CC7C3398F87731E0FE3
:10CA8000F734AF018CC820ED4507E34398A5C341B7
:10CA9000AA45D170D049C3310F87631E0EC73C1C15
:10CAA000AEED11008CCA330F42071F4CA2418D928C
:10CAB0002C0DB3641894410DB3A898452D83D492DE
:10CAC0000D43946451251AA44A0E65619255A24AF9
:10CAD000A6D492285AA3308CD2300F42071F4B079E
:10CAE00031CD2A611665D9A0A451A60C4A2DC706DE
:10CAF0001DCB86439285E9A044490EB525B5523138
:10CB00004BB228097324058CD3290F42073F47866F
:10CB100007254795E135CA522DD1B11D190ED20E08
:10CB200085C341CCA170388839140E0739CD6B000C
:10CB30008CDC32EF4107679086298BC2288BC26854
:10CB40009086298BC2288BC2689086292B67D130AA
:10CB500024831225E5A8122559D425CA92AC94E85D
:10CB600061028CDE280F4207AF3DAA0E0F4A8E4AA3
:10CB7000C325CCD3E120E650381CC41C0A87839817
:10CB800043E17090D3BC9A4311008CE0320F42070E
:10CB90001F8A0731CD926188B21C1B94302B15B3CC
:10CBA0001C1B946150B21CAB6383320C39926649F2
:10CBB000946651924659320C499C26008CE228EE2C
:10CBC0004507E3322C519825C39425619644C398B8
:10CBD0004569120D0745CAD3E19AA7C3354F87733C
:10CBE0001AE719008CE3210F42073F1FBEE7D07000
:10CBF000D089C34394350D0F611E0FE73C1ECE79DB
:10CC00003CDCD3BC068CE4320F42071FAA0D5A2924
:10CC1000AB0C49960CE9202659354AB24CA90C8A2E
:10CC2000942859296B19924119723CCA923409A36C
:10CC3000344AB24C4964518CE6310F42071FCD068D
:10CC400059CAA2A52D4E9241CE2AC3A064A56CD08C
:10CC5000A2AC52CA2A89920D4A298792284CA22452
:10CC60004AA24AA2B40DE15C8CEA240F4207D736EF
:10CC7000AE713E2CC3548BC2288BB2521645C339B9
:10CC80008F87731E0FE73C1EEE695E038CEC2EEF60
:10CC90004107679086298BF22C1AB441CAB368D039
:10CCA0004AF9F0A06449394BA2D2A044490E656903
:10CCB0001285A5A41665892AE7008CED330F42077B
:10CCC0001F4B07314BB264586A61140D629265C301
:10CCD00021C9C274D0E22C1AA62C11A36109736871
:10CCE000D8922CCCA2629445C3928709008CF42E72
:10CCF0000F42072FCEE37018A2210DB334AB0D43C2
:10CD0000322C51254CA2CAB00C431216876D0BA3CE
:10CD1000A4342C511D4CA3346C8B038CFA360F4277
:10CD2000073F0B872C49A31C8C926190862C49A34A
:10CD30006418B2284B6A43325CA22CA945C93064FE
:10CD40004396E4A0222651D2164949B455723409BB
:10CD5000018CFC310F42071FC9B2216B4A864B94EC
:10CD6000D5866818A25A53325C86B4140D43D4D3C6
:10CD7000100D438E442DD17089AA491665498E84C1
:10CD800011008CFD2A0F42073F478607252B4AC317
:10CD900025CEF2E1A067E9F031CD876B9226913480
:10CDA0000C9198E6C830E450964369088D052C0F25
:10CDB0004207334D8721CA91705886294BB3244AC4
:10CDC00086414AD23C1EB224CCA22C4A869394C7F8
:10CDD000C3398F877B9AD7008D08330F42073F8D69
:10CDE00086AC2907A364B80C495689923E25D19494
:10CDF0000C49568992E112E5E0100D438EA4519240
:10CE00000D43D49A64D130E4489A008D0A2A0F4227
:10CE1000072B0993749006A91665C3900C4396944A
:10CE20009230922AB528D486731E0FE73C1ECE7925
:10CE30003CDCD3BC068D0D350F42071FC9876CD073
:10CE4000A2621625C36588922C2A4995281A066580
:10CE5000887224AA0C523B3244C9A02339524B0693
:10CE6000A91265499644839C55008D0F2D0F4207EA
:10CE70003F1F3EE5F870D0A9C341CCA17038E8C48B
:10CE80006550A6A4969496412925B5645A06255165
:10CE90004A49942C4AA6058D13330F42071F9576F5
:10CEA000A4DB30281DB32519922CE99425C912253D
:10CEB000C93624DDA2A4651814696992939294542A
:10CEC00086A4294913354CD4300B8D16340F4207F4
:10CED0001F4B8764B84469291A8668C8C128192E6F
:10CEE000511225513224C325AA46A561888628CD32
:10CEF000916188922C8D4AC39064ED509A008D1BED
:10CF0000320F42072F4D87211AA42C92C224D586B6
:10CF100021917668C80631CD92618806296B1AB4D2
:10CF200041CAD270908621C9D270502B71984500A9
:10CF30008D64240F42073FC7733C8786830EE578D4
:10CF40003E7CCD72AC1E65511865A5ACA885DD91FF
:10CF50002CC9D3188D66300F420733CD913447D298
:10CF6000749872281CC62C4C8641C9C2242B2659A1
:10CF70002949B4244B9A92A8524BA3B4142659526F
:10CF8000AB64D5008D6B300F420733CD913447D25F
:10CF900074580639CD91341C866418B2244BE224AF
:10CFA0004BC224714BFA29C992A82D49A3C6A45497
:10CFB0002B451A008D70240F42073FC7733C8786AC
:10CFC000830EE5783E7CCFF11CAB63D9B066395651
:10CFD00087922847B2E1A0138D742B0F420737CCFC
:10CFE000A13087C278987228D49130C9864189E2ED
:10CFF000308AC3380AE36848E2288CA3304DEA58E7
:10D0000034BC138D772B0F420733C7733C1BB461BD
:10D010008DF3388F862119E4AC98643952CB916432
:10D0200009B3240BB3241CA44407A3E19D008D8104
:10D030002A0F420733CD913447C2241CA624CFCAFD
:10D0400051CB3044612D4A93344EC2ACB26461126C
:10D05000A7495A11E36878278D852F0F420733C7F8
:10D06000A36148C32C1AA62C0DB3348B926418C448
:10D07000381BB6240BB3240BB36409B3241BB624AA
:10D0800007131D8C8677028D8A300F42072F4ED2F0
:10D09000380AE374508621CCA23C8B2AC31215B304
:10D0A0002849B328C992AC982C5212255994486B40
:10D0B0001625391A0DEF048D952B0F420733C7C380
:10D0C000410DB368980635CCD27050864107C341F4
:10D0D0004BE23489D3E43044499C267198C86134CA
:10D0E000BC138D992F0F420733CEB3A858290D6377
:10D0F0009E0D4398A5C3A00C4398A551920D43944F
:10D100006469942C6994649528C9C228D1C168784F
:10D11000278D9F300F42072FCEB3A85889A2414ACE
:10D12000AAD93084599A0C4B1A66C912664953928F
:10D13000254DC9922C5192A5D1164A498E46C33B22
:10D14000018DA3320F42072FC7A341CF9264480637
:10D15000A598654B9455A26418925292655B9825E8
:10D16000599464895439254D4A94246B1225D53835
:10D170001ADE098DA8310F42072FCCA16C18C2A866
:10D18000160D4AC76C50C29661C9D43087B2618807
:10D1900092A816254BA7241B9428094B5BA625397A
:10D1A000980D07018DB323EF41076F38E7711EE734
:10D1B000711E0F772CC773AC8E65C39AE55012E5CC
:10D1C000502547C2E190138DB42DEF41076710D36E
:10D1D0002C89D22C89D22C89D24189F22CCAB3282D
:10D1E0004D96284DB26292159328AC0C6934C575E2
:10D1F00024CCB1008DBE2FEFC1071F4B0731CDC22C
:10D20000344BA2344BA27450A23C8B86308BD26438
:10D2100089D2248BD2248BD2248BD26489C231CA86
:10D22000A1E1108DCB310F42071F4AC2418BB2A63C
:10D23000AC391B0EC920E5509843E130254B2D4AEF
:10D24000B2248B922C4AB2248B922C19C26CABE480
:10D25000591D51038DCC2F0F42071F4B0731CD9223
:10D2600028CD9228CD9261880625CAA32C8FF36C15
:10D270001894644C9334099334099330AB4C59346B
:10D28000A679018DD133EFC1071FC90729CF92615C
:10D2900088B2248D32391A944109B34A9855A26450
:10D2A000C99228C906254AB2344AB228C992258BA8
:10D2B0008630CE9161088DDD2FCFC1076750864142
:10D2C000C9921CC9921CC9921C19946108B334CC30
:10D2D000D22859D228C9D228C986214AB21C4996D7
:10D2E0007CCCF161108DDF2FEF4107675086AD12C6
:10D2F000669530AB0CDBA0846916A6D9B0254B2D02
:10D300004AB224CA922C12932C4A9325CBC624CA23
:10D310002151CF018DE1310F42071F8A0731CDC264
:10D32000341B0E49161507A91C4671944449940CE8
:10D330004954292551A5A9A51885C9926563964325
:10D34000951C0943008DE8300F42071F4B87B494AA
:10D350000C97284CC228AB0D511A26CAA064399AE2
:10D3600044C325D9E224CC936C18A24447921DCB28
:10D37000C1248733008DEA330F42071F8A072DCE61
:10D38000A261CA9234CAD46C508641AB6395414ABB
:10D39000965A946449162559D294644994254B7140
:10D3A000C8A230CE063587008DEF2C0F42071F8AAA
:10D3B000072DCEB2212B652D8D8398A7491C666958
:10D3C000962AC93468499855C2AC126695298BD6FD
:10D3D00041C74A008DF3310F42071F4AC2414BC279
:10D3E000AC1266495392454A69D012B512A7891A00
:10D3F0002AA564694AAA4998A44998845125994A5A
:10D40000439845713A8DFA2BEF4107679006AD942A
:10D4100035654D593648599A459116656972189483
:10D42000729AA4631226B564892A5B3B96E32100B5
:10D430008E0F340F42071F4B87344BA26451A25A00
:10D44000528BB2A436448D5152ABC649360C51B200
:10D45000A45192A551920D4394486932A639320CD9
:10D46000399226008E10310F42071FAA0D5A29ABA0
:10D470000C49960C691626D9A04659AAD43229D14E
:10D48000D2284BB664486A439AC451254EB2648D83
:10D490008658A98B028E1E33EF410767508641C91B
:10D4A0009238C99238C992615006258BB372360CF6
:10D4B0004AB264619215932C19965A1226C9521CCD
:10D4C000B2288CA361CDC2008E222EEF4107679057
:10D4D00086298BC2288BC2288B866990C21E872919
:10D4E000D9E2241C86A416259D5A2A536908A32C28
:10D4F000872A391226008E292D0F42071FCD06716B
:10D5000088B264CE9AB2242A0D52520D73284E93DB
:10D51000C3A054C7244C6A4998D49225AA6CAD6123
:10D520008E87008E342EEE410767508621C94AB59A
:10D5300050AB0C433228512D1B86AC54490E43523C
:10D540008B2AD54A360C49B265431AE65912A70907
:10D55000008E44300F42071F8A0731CD926188B296
:10D560001C2B65D9A0257134DCA2AC928C51251BF3
:10D570008628C9A2962C6A59222519A32447733CF0
:10D58000048E48300F42071F1C924119D22CCC92B6
:10D590002CC9A2248B2AD120E5509C67D3564E92E9
:10D5A000254E6AD3528B935A9C244B3C84C3A0C70C
:10D5B000018E4B35EF410767508621CA9234CA92DB
:10D5C0006188B2248D066518C21CCFF16848862494
:10D5D000D9C2A45489925A12254D952849B670088B
:10D5E0009328C99130018E64330F42073F2A0D51B1
:10D5F0002F59549292A84BD31025519245532D295F
:10D60000A65998254B94644916254B2D4AB2248B74
:10D61000922C592AD29844BB0C8E663D0F42071FAC
:10D620004B8724AB4449568992E112E5E0900CC93E
:10D63000904595288B2A51521A9221498628899221
:10D6400052254A4A433224891225D19045499426CD
:10D650001525CC9228018E6C34EFC1071F0C87640E
:10D6600048A2240A93524B9445592519A2348C920E
:10D6700041C9921C4BB2618892258D922C8D926C7F
:10D6800018A2444A9335CB8743008E6D320F420770
:10D690003F8D86AC2907A364B84449561992DEA28F
:10D6A00068CAA2AC521A2EC98E25D9304449964672
:10D6B00089340CC998E6C830E4489A008E72340F59
:10D6C00042071FC9B2214CC228192E5198845134E7
:10D6D0000CD110258D99314B9628C9D228390C517F
:10D6E000922359120D97440AA335CBB1A40E6700BB
:10D6F0008E812B0F42071F19B441CA9AB2A641ABC3
:10D70000638372CC92C62C694A9E92384DA2E15234
:10D710001D9329298D513DAB6321008E87330F4224
:10D72000071FC9B2216B4A864B9425B528CD92219B
:10D730001A962C8EC238C99268B8245B9C84C39414
:10D7400064629428C9B04CC51C1A76284C008E8A95
:10D750002E0F42071F4B8764B84469291A86A80E0A
:10D760000EC970CBB1DA3084639A44C3A58E26D13A
:10D7700070A943956119062D29E59B028E8D35EF21
:10D7800041076748866448A2B012255112255125E9
:10D790004A92218992280BA3380BD368B8244B16E0
:10D7A00026D93028B562920D83922C59360E839E6D
:10D7B000038EA5310F42071F4A87643848495492A7
:10D7C000B2302AC643A46DE52C9B965A9C2487410F
:10D7D000A9452D99A2444916B5488A928C51262B09
:10D7E0005A008EAB250F42073B87737438E7F17000
:10D7F000CEE3E194E549986BC34147931C8C724892
:10D800008BD76C4E7238048EAC2D0E42073347C353
:10D81000611AE4288BA3418EB268900629CEA23803
:10D820004BD2614886550E93388BE2288B9328C9DA
:10D8300092388D008EB22F0F42072F87D3411BA441
:10D84000AC29CB06296BCAB241892225D3D22C1927
:10D850001EC41CD1E6244A8A5112B56999948439B0
:10D860009286008EBA320E42072F4EC3A832484924
:10D87000946451521AC45A320CC9A0A44996A449BE
:10D8800096248721E9A8744B7AAA244B2D49A5A494
:10D8900096845198008EC0320F42072F87B3E13231
:10D8A00024395489066948A22CAA44593424D12029
:10D8B0005572A8921C06A537A5A7A49F92E49025AF
:10D8C000399624C32D07018ECA200F42073FC77324
:10D8D0006478C8911C1A0E621F8783D8C7E1A043E1
:10D8E000F9F03DC7733C078ECB2C0F420733CD9127
:10D8F000341C2E3992A6C310A5516BD43A0C511A80
:10D90000B546ADC310E5489A0D87240BD32C8C8700
:10D9100030C7008ECC2D0F42072FCCA13087C278A4
:10D920009872281AC6412A26A5E2201593527190B2
:10D93000CA61940D4312D59AB2A62C4AB724870027
:10D940008ECD22EF4107677850D2584EB3E1A04305
:10D9500039369CB3F270CECAC31DCB87EF399EE334
:10D9600039008ED22A0F420733C7C3418DB361D02D
:10D97000F2381C862C8C6AE13024C312D5C261C8EF
:10D98000F2381B062D8FF3388FF338038EDF2D0FFF
:10D9900042072FCD913447D27418A2416C1AA4AC1F
:10D9A000D2940E629A14D3414BE234C986214AE2E2
:10D9B000304BC32CCDD230CA038EF8290E42072F2C
:10D9C000EE6D18B2381B866450A24AA7CAA04495CF
:10D9D0004E95411986AC140DA75AA956AA65C39055
:10D9E00055038F032B0F42072FCD91388FC3611939
:10D9F000062D470729ABB446C39E3465D920656917
:10DA0000251B862889EB691287591AA9028F092DCF
:10DA10000F4207334D87214AE2344A868F69385CCA
:10DA200072248DA26188FA6918A2248B5AB261C847
:10DA3000F2381A0E49634DCCD2008F14300F4207D2
:10DA40002F4ED2380AA3E1631EA783320C51D25461
:10DA50001A94A8A5320CD1A044C52CAA0CCB3084B2
:10DA60005954CCA2621615B350018F152B0F4207E3
:10DA70002FC7B361D072701892A8562A0D532D6922
:10DA80002A0D524B3B3628C3A0C5E13064799CC7B0
:10DA90007934DC72108F1B2B0F42072BC7B3E19434
:10DAA00087831A67C38392654A5B362C92A52FC37E
:10DAB000D253A61C862432654D59535629657102EE
:10DAC0008F1D310F42072FC7A3E110D52A8D69A200
:10DAD0000CB7381C9661C892A82D8986214BA2B636
:10DAE000241A862C49E324192E91984669984321DB
:10DAF000008F25310F42072FC7B36108B334199641
:10DB000034CC86211A94344A5AA341198628A96331
:10DB100083924559B654862553B3729694B24CAA53
:10DB200015078F29260F4207378B076D90B37CC8E6
:10DB3000863C8B076D9093FA70D0A11C1BCE59794F
:10DB40003867B5E17B8EE7008F2A300F42072FCE72
:10DB5000E33C4DB26148B2344BA3611994EED8A0B6
:10DB60000C4394F469503A66C3900C83D298258D87
:10DB700059D298A561162A008F2F330F42072FC75D
:10DB8000C3410DB36818922C0D076DD0B1A4320CAF
:10DB9000CA206595D2A00D52968683340C4996868C
:10DBA000D190458392E6489A2311008F38340F4272
:10DBB000072BCED3240EB36C50D2304A06651872B0
:10DBC0002CA90C59322851D2A7A4322843522B2514
:10DBD000954189925A3624B552D694D42A52048F4C
:10DBE0003B320F42072FC7C361C8727018A2414C65
:10DBF000B368D04A496D90061D4B4AC3900C525BE6
:10DC00001845C3A00C431646B530AA85C390856954
:10DC1000008F3E2F0F42072BC7B361D0CAC9A0C4E3
:10DC200059360CCAA0442D4DA5414986A5536950CB
:10DC3000A262363C284D59A5316A8D22294CB2503A
:10DC40008F3F2C0F42073FC7924116B3291BB428C0
:10DC50004B6AD132285396D4A26CD0A22D9BB241EC
:10DC60008BD2CAF09D98A73994E560028F442E0F9D
:10DC700042072BCECBD9F0A0E451314A0669189265
:10DC8000D670908621690D076538E5E1200D4316B1
:10DC9000A6599866E13064619A008F45310F4207BA
:10DCA0002FCEE33C1B866418F368B80C3A96548672
:10DCB000211A94344A5AA3411986304DA261882A08
:10DCC00061A6A589520A43310B63008F49320F4286
:10DCD000072FCEA3E11687C3320C6116950665188F
:10DCE000A2A4A93428C31025C52C199461D072248C
:10DCF0001A9661D08A6998A57192E619008F4D3203
:10DD00000F42072B6CCDC26C50A241CAD22C89861F
:10DD100007A54729199421E95352199421A99592ED
:10DD2000CAA00C519845C52C4A6A2529AB88018F99
:10DD30004E320F42072B47B67088AB83329CD22CF1
:10DD40001AA434E93228C3106551521BA44147B3C9
:10DD5000E141C9A32C1994284BB224CA924189B23B
:10DD6000588F5F2C0F42073F8786830EE5D870CE11
:10DD7000CAC339AB0DDF73AC6D18926148DA92D229
:10DD8000A00D52524B2AC3900C439667008F9B22E2
:10DD90000F42073BA7E4D070D0E9690E65E9F03D7A
:10DDA000C7733C4786871CC9F11CCFF11CCF018F7C
:10DDB0009C250F42073F4786871CC9B1E19CC7C31A
:10DDC0001DCBA1E120A73994A5C3F71C1A0E3A94E4
:10DDD000E3399E038F9F2E0F42071F8A0731CDC262
:10DDE000344B8621CA726C90B27A12A6C3A00C6220
:10DDF0002A8595281986A414C651180F611C8539E7
:10DE00001E028FA32A0F42072B2FE7D93024C39875
:10DE1000E369960C4396442DC31215B36108E37071
:10DE2000D8E63029966A5D7224CCA1108FA6320FF5
:10DE3000420727AC666998A5D1A064833AE4499467
:10DE4000444956C9A241A90C529664619664D9947A
:10DE5000445B250BA35A53564A6A512D8C008FA858
:10DE6000310F42072B47E2304BC32C1BA464D091E7
:10DE70001CE99484519245C39024831625591A664F
:10DE8000D920456316A659584BC328CE722C028F51
:10DE9000AD2E0F42077388C2210FA35A9A25C38360
:10DEA0000E2659B5120D1FA2A4561992ACAA0C4AFF
:10DEB00032245929A93565A5A456C9B40C8FAE31B1
:10DEC0000F420727CDD2B02DC9A241A90CEA902755
:10DED00059250B4B835219A46890C24A946DD916E8
:10DEE000255A1825A52CAA4459258CD212008FAF8B
:10DEF0002D0F420727AC86ED503428079D944453DC
:10DF000092E5503428072987C26CCBA624DA2A5917
:10DF1000982559712B2659948311008FB026EF4113
:10DF2000076B78CBF11C4F86638EE7F8F016D5911E
:10DF3000A81646599246619AA56196845128AB3934
:10DF4000048FB126EF41076B78CBF16438E6F8F027
:10DF500010255953988451926999BC63E1F031CDF1
:10DF6000A130872A399C028FB22A0F420737CB870C
:10DF700083186551381CC4288BC2E1A05387B71C95
:10DF80004F86638E0F0F519235854918259996C992
:10DF9000038FC226CFC1072B1B86B48EA4399EE304
:10DFA000E9900CC73447D21C497324CD913447B251
:10DFB000244FB23C1B0E018FC426EFC1073F87C21E
:10DFC0001CCB86418B7238270DD390C7A91EE65013
:10DFD0009686591A86C398C3490E66C3218FC525F4
:10DFE000CFC107271A86382B6775AC8E15974189E4
:10DFF000B37256CA8A49564CB2AA568E921CCC8627
:10E0000083008FCE2CCFC1072BCDA1481AC2288BFD
:10E01000F22CCAB32819A22C0AA32C0AA32C0AA3F7
:10E020002451C2484AD228CBE34A5A1B0E018FD151
:10E0300023EFC1071F0D7364CC863CCBF11C1FDEA0
:10E04000CA59392B67E5288CA3304ED24A0E66C3D5
:10E05000218FD42BEFC1071F0DF3218C861C8972F1
:10E060003CC7874119A2388C922C8D2A7194E551B6
:10E07000254EA22C4DAA599283D970088FE226CF43
:10E08000C1072B1B06B1EF50982359920C515A1B14
:10E0900086304BC32C0DB334CC8621CCE12407B39E
:10E0A000E1108FEA23EFC1071F8AF3721E0DE7AC60
:10E0B0009C55A6AC69B8455953D694350DB71C4E3E
:10E0C00072301B0E028FEB29EFC1071FCAE31C0938
:10E0D00073281A861C4973248D86282D0D431AA592
:10E0E000A5B4949686218DD230C9C16C38048FEDC9
:10E0F0002AEFC1071FCAB32847A23A120D831EE5B3
:10E100005875487324190E599A23619287519C853A
:10E11000699486490E66C3218FF027EFC1071FCA95
:10E12000E3244EA3B48E0D77481DC23D4BCA59124D
:10E13000A5512D4CB2629A23699EE460361C028F71
:10E14000F728EFC1071FCAB3A89A25519A2575343D
:10E15000C786CB90E648B86749396A4DB2629A23C0
:10E16000699EE460361C028FF825EFC1073B0D6BFA
:10E17000718E27C31DC972AC3664E5643864CD590D
:10E18000390AE3288C93B49283D970088FFD29EF64
:10E19000C1071F8BEB48340C6214E7713E0CCA10A8
:10E1A000E5609483D1708BF22CCAB368B84579943A
:10E1B000E460361C0290002CEFC1077B18C22C2DA6
:10E1C000A5A561C8913447D2688886218D6A61947B
:10E1D000256914C65192A5911A467196E460361CC1
:10E1E0000290012B1042073B8FD2A298C5798E0D69
:10E1F00077301DE21C897324190E5A9C236992877B
:10E20000599CA561528FB21C5287430090032EEF98
:10E21000C1071F29A7499E44491446493BA4E86009
:10E22000120E992247496B1225519845791615A36C
:10E230002C0A93744B72301B0E01900625EFC10718
:10E240003BCDD2B02D4D86830EE5783A654D5953BE
:10E25000D634DCD2300B7328CBA1A40E65C3419019
:10E260000F2BEFC1071F1BB32147D21C49863BD29E
:10E270000E350D499669D13067E52C1AC22C0DA3D5
:10E28000300993384C72301B0E0190102BCFC10710
:10E290002B1B0631CD913087932C96946808133947
:10E2A0008B92349194344CA2308B8A899687499C06
:10E2B0008471361C02901429EFC1071FCAD324CFE2
:10E2C000CA519A2783A243E990E648321CD31C899D
:10E2D0005AA35A9864C52CC9932CCF864300901733
:10E2E00024CFC1072B1A8E399ED3862147D2688846
:10E2F000D2D230A4391EA5B572321C7338C9C16C94
:10E300003804901928EFC1071FC991384792E19846
:10E31000D38621A70DD130A4391E0D431AA5A5B46B
:10E32000340C699486490E66C321901A28EF410780
:10E33000271B063147D250C9E11C1B2E53D69435FA
:10E340000DB7286BCA9A865B94356549292947D948
:10E350007010901B2ACFC10727CA72244A92412B02
:10E36000E64A9663B53119B44C4B13254BC32C0DBB
:10E37000B334290D531D4B72301B0E02901D2AEF32
:10E38000C1073BCDC2702BC9599443C30E46C32D60
:10E3900091C24C89C2642A6651318B8A49A918D529
:10E3A0002A599E0D0701901E29EFC1077B18C22C28
:10E3B0002DA5A534478621A70DC9704C7324CD9196
:10E3C0006818D23A92E64832DC921CCC8643009020
:10E3D0001F28EFC1071FCAE31C4986639A83C390B5
:10E3E000235169885AA36148C33D4BCA516B9215AA
:10E3F000D33CC9C16C3804902029EFC1071FCAB3B0
:10E400002847A26148932CC7736CB80C399EE3D19E
:10E4100030A4515A4A4BC390466998E460361C02B6
:10E4200090222B0F42073F87C2618DC43489EAA82E
:10E430000E4AD290C85A9A23D130A475241A86B4B1
:10E440008E24C331CD9330CE864300902324EFC178
:10E45000071F8AF3CA7090E21C1BCE59651A6E51D1
:10E46000D634DCE23C190E529CC795B4361C04909D
:10E470002E29EFC1071FCAE31C8986212DE5C32180
:10E48000874A43340C699215A3D62C2947AD4956C7
:10E49000CC923CC9F26C380490322CEFC1073FC9D2
:10E4A000C3288F865B94E5909623C930284394E572
:10E4B000519647C32046591E657934DCA21C4B7225
:10E4C000301B0E0190382B0F42073F47D21C0A0722
:10E4D000350B7324CC91E1904C5953D634DCD224C3
:10E4E0000E23358C9252D6541D923A980D07019006
:10E4F0003C29CFC1072B1A8E391E0D438EA4393209
:10E500000CD190E3C9704CB262321C93AC980CC72A
:10E5100024CF921CCC864300903E300F42071F8AC6
:10E520002B7198A5591A2B83A253A621CCA24A94E9
:10E53000454312655125CAA22189B2A898452D5993
:10E540009468951CCC86830090412DEFC1071F1C59
:10E55000A26CD0A32C8FB21C1BCE593844C93046B4
:10E5600049584A86314AC252328C491456A2614BEC
:10E5700072301B0E0190422CEFC1073F4B4B71983C
:10E58000E4C970877238C992219194344CE42C4AC2
:10E59000D24452D23089C22C2A264A3909E36C3837
:10E5A0000490472FEF41072B1B86346A8D86214745
:10E5B000A23A320CD190E648321C93AC98644931AF
:10E5C000C9963049A4244CF23089B52407B3E11030
:10E5D000904B28CFC1072B1A8E49568C8621077382
:10E5E0007018A2216A8D86218D5AA36148EB4832AA
:10E5F0001CD33C09E36C3804904D300F42071FC90F
:10E60000913847A26110A3388FF36150862807A381
:10E61000611023A531E9314986219492C62CC9C2E3
:10E620002CD4921CCC864300904E30EFC1077F184B
:10E630005BB32149B328C9A14A8E0C8332447118B7
:10E640002543124649948451322461148751988499
:10E65000511A2639980D8700904F2BCFC1072B1BDD
:10E6600086344A4BC39023698E0C43346439160DAB
:10E6700083986445A5298CE2301A96304FB224CF96
:10E68000B2E110905328EFC1073B0D6B718E27C389
:10E690001DCAD1618886282D0D431AA5A56148A3FE
:10E6A000B4340C699486490E66C321905428EFC196
:10E6B000071FCAE31C898621AD63C31DC9B2214C63
:10E6C000F26438A639120D435A4792E198E6491888
:10E6D00067C32190552D0F42071FCAE31C8986216D
:10E6E0000DB37C38E494211A86344A4BC390D691FA
:10E6F0006818C424CB91643864699EE460361C02B7
:10E70000905928EFC1071FCAD3618CA46249C7760C
:10E71000681FB2618DEA489A23C9704C7324AA8598
:10E72000D13068490E66C321905C2CEFC1071F569B
:10E73000A24119D3280DA31C8BB23C1AA24D4B93B6
:10E740002DCA4AC39485512D4A6A4953B7244CE2D5
:10E75000301B0E02905E350F42071F1C926C98A36F
:10E7600070C8A2308792615093281BA2241AA36418
:10E77000C8A24A3644951C4AA264089352514AB230
:10E7800024AAA44A1DCC86830090602C0F42071F48
:10E79000CAE31C898621AD63C39D3444C390466996
:10E7A0006918D2500B33A51A25519C44591AD69298
:10E7B0001CCC86430090632C0F42071FCAB36148EC
:10E7C000A3D668187230C786071D8F86218DD2D2D6
:10E7D00030A4510E46C39046696918C22407B3E1BC
:10E7E0001090692D0F42071FC99B865B98E56092C8
:10E7F00043C365CA9A865B943525839245499664DE
:10E80000513228599467512C2539980D0701906D84
:10E810002F0F42071F2927C3410B933C19CE5112DA
:10E82000C5C36548A2240A93E198E3D130A4515AA4
:10E830001A86344A4BC3102639980D8700906E2DE6
:10E840000F42071F8A73248E864354C7A32C8FB2AE
:10E85000E87088DAC2A81646D12026399A74CAA46C
:10E860004AD49644491DCC86830090722D0F4207EE
:10E8700077386579160DB728CCA14A3D3B558A51AA
:10E88000926651258EA2618B92288EC2384986539A
:10E890009256E2301B0E0290752D0F42073F0BA3DC
:10E8A000E120A5491C0DE72889E2245B26398B86E7
:10E8B0005B9467D170CB9134190E5298A51531C96C
:10E8C000C16C380890772CEFC10777B8A5499E0C2A
:10E8D000C7244AA278B843F1900C872C4A2BC9A0D0
:10E8E00084521665D9206769180E5B9283D9700827
:10E8F00090782DEFC107738886A8B76488862CC9E5
:10E90000922C1DA221CFB269B885591A6669321CB2
:10E91000A4304BB3348CF228C9C16C3808907A2AE1
:10E920000F42071FCAB36148A3D6681872308786A2
:10E93000EF78340C69949686218DD2D230A459395F
:10E940004AC32407B3E110907C2F0F42071F8AF3BC
:10E95000CA70C8D22487922CC987219A542D49861F
:10E960002189B234CC86218CF32C2A46594B9464ED
:10E970005112C6D97010907F2DEFC1071FAC0D59F1
:10E98000185506A91D8C922C1DA22499C2414AF249
:10E990003019B4508992416A0BA3210BA35A250761
:10E9A000B3E1209080310F42073B87B2B43248690F
:10E9B0009245F9200D619644C9616B4CB261506A71
:10E9C000511C4643162659946452528BC2244CEA79
:10E9D00060361C049081310F42073F0BA3E1208574
:10E9E000599A0D438E44756418A22D2A66C310C629
:10E9F0007934DCA22CA945C9A064519A64512C2514
:10EA000039980D0701908428CFC107271B6E512527
:10EA1000CAA2E14E1E1E743C1B86304BC36C18C24A
:10EA20004A569392303185491646D97010908A2FF4
:10EA30000F42071FC9B36110A3A4144695FA30E82A
:10EA400060BA0C872C292659540B936458B230872E
:10EA5000C241CDC2340AC52407B3E120908F33EF01
:10EA60004107271A0E521265516538C859928751CD
:10EA7000B244C93025C31466D130554A613224C32B
:10EA8000142651985486214A4A719283D970109065
:10EA9000911FCDC9076738E6611E0E77D27090C20C
:10EAA00052580A4BC341CAA13AA883C9F00090A2A8
:10EAB0002CEF4107671894418BB2A62C0AA32C0AAD
:10EAC000A32C49A32C4A868314465953D694356502
:10EAD0004AD61266D5300BD32C0490A328EE4107FA
:10EAE0006798062DAA951AA3A6614AD2A8316A1A78
:10EAF000A6AC542BD5A22C52B25292454914D672D0
:10EB0000380490A6280E42073387C341AC0D9728DE
:10EB10000DA3344CB261AA86511A66C3250B6B55FE
:10EB2000254C93304EF33047420090AA2BEF41071B
:10EB300067189441CE4A59296BCA5AB2308BA2E168
:10EB400010C55A31C99AB2529629519825519AE561
:10EB5000482D87C21090AF290F42072BCBB1DA2086
:10EB6000654D5929192E51D61266A5AC291BB452F0
:10EB7000D69435659992B584831667753C0490B137
:10EB800029EF41075B1AA421CCA23CCAF228CB93FF
:10EB9000701892286BCA3A654D59539629593424F6
:10EBA000A541AD23391E0290B52FEF41076718A28A
:10EBB000412B654DB530AA454994646116253954F9
:10EBC0001BA62C0AA32C0AA32C0A23250BA3241C66
:10EBD000A6388C723C0490C12F0F420733C7D3E193
:10EBE00021CACA511847D9302561A924469564988D
:10EBF000B2288CB2288CB26898942C8C92B01447AE
:10EC0000491467450090CA2B0E42072FC7C341879E
:10EC1000B2E112E558944559928551254EA22CCA6D
:10EC20005AB262AD92295929C9C228CC911C0E0151
:10EC300090CE2B0D4A072B87C3E12065625409A3B0
:10EC4000CA3025511855C2A8324C999E4961A66513
:10EC50004A29899228898A7298870090DD2E0F426E
:10EC60000733C7D3411986280BD3282DA59568B83B
:10EC7000446194456194554A529694929A544994A9
:10EC8000AC25CCAA5192858D0090E12FEF4107670A
:10EC900018A2412B654D95E120855994A459541A29
:10ECA00086A89667519E25C310654A1829591825CC
:10ECB00061291EA6388C420090E8300F42072FA72A
:10ECC000A483320C4A9663511646C5284BA2E12014
:10ECD000E560948359344C5914465914464A1646F3
:10ECE00049384C7118E5780890ED2A0E42072FC775
:10ECF000C3E121C972A8344C8D51920D531D8BA2D2
:10ED000061CAD2AC580B874449063189C33809F32C
:10ED1000340490F42B0F4207AF8ED586AC296B4A92
:10ED20008664488A5925CC3251D2926C992A7D4A00
:10ED3000BA45A64CC95AC2AC9C95B31A0090F5319D
:10ED40000F42073B4787685086340BD328192E5152
:10ED500096D49230A945C97089B2A4564A6AD9702E
:10ED600048B23055D24A3C44E110A739120290FD16
:10ED7000310F420733C7B3645086A51646AD491616
:10ED800025C34189D3288CA36C98B2448C32258C3E
:10ED9000B26898942C8C92B0140F531C46210091A9
:10EDA000022CEF4107E734289DB2A4536999EA6029
:10EDB000920D435407A364B864519E45C394E591F2
:10EDC000922351924375A4964361089109370F42EB
:10EDD000072BCCA1341AA26C48A2244AA2244AA22E
:10EDE000244A2A433424C5A822665152AA0C493425
:10EDF0002C611426A55A5451B228516A99526CCBF1
:10EE0000B10C9112350F42072FC7E3411A86244BEC
:10EE1000A22C89B2A4533628AD6112655112B544B3
:10EE2000596918922C89B22453BA28D9A0B48649BA
:10EE30001C25511A662100911630EE450767980689
:10EE4000258CB2248C4AC354C7926818942889939D
:10EE50002819062593936CB86472A224C3A014A346
:10EE60002C0DA3304E42009119310E46076BD0A1F4
:10EE70002C1AA42CCAA241AA8651321C92388CA208
:10EE80006148A26A9225C9524B7A4B922551A2340D
:10EE9000A90D4392567238049127320F420737C9A1
:10EEA00091291BB428A925B5A816462D43D294272D
:10EEB00051364CB530CAA230CAA261CAA23052C281
:10EEC000284BF221498734CE4300912D2F0E420763
:10EED0002BCBB1241B1E92AC9245D1302451A537C7
:10EEE0004B54594AD5244B8621C9C2DA7051C224E9
:10EEF0004BC22C4A2B618E84009130310F42073374
:10EF000007A3D22025B56C38245196D4A25EA2ACBA
:10EF10001255A3D6284B0E49266551967452B268F5
:10EF2000486A6914C6510E462100913233EF4107F9
:10EF300063488664989228C9A4244AA26448862417
:10EF4000CAC1241B86A89F8621CA92A82D1986288B
:10EF50000B5325192EE53447D21C4943009149270C
:10EF6000EF4107E3D72CC7CAC3439435654DC52C81
:10EF70004AE221D2B12807A3E121CAC12807A3E1AF
:10EF800021CAC104914B280F42072F2FE769387C13
:10EF9000CD72AC3C3C445953318B927888742C1A16
:10EFA0001EA21C8C72301A1EA21C4C00914C290E01
:10EFB00042071FCB86214B93B4120E4F99D2516951
:10EFC000569A3225D9A2B1A286C930C86AACC6C346
:10EFD000A025D53002914D30EF4107E390634936CB
:10EFE00088491E0D431A25AD51D21A252D8394242C
:10EFF0004B1689499C26F13024719AA46A920E839B
:10F00000340C698E0091522DEF4107271A0E529A47
:10F01000C4699243C3258C92A8162551A5944461D6
:10F0200052DB223999F22C1A6E519E4579160DE762
:10F030003C0191572EEF4107E310659530ABA44991
:10F04000340C498BD217A553A4748A94646919931C
:10F050001635290D176D4D52354987411906350F63
:10F06000915A370F42071F8D86214BC2244DC2246F
:10F070004DA26188B2A45396F4AA549441A96C514C
:10F08000226651926651320C5994A45196A451961D
:10F090000C431225553102915E330F42071F0B8737
:10F0A000218B93344ED27018B230A90C87A42D4C0A
:10F0B000DAC224D942314AB2344AB26188922C4D24
:10F0C000B2284DA46818A44A9A079163380F4207E2
:10F0D0001FCA926188B24A9855C22C198664189446
:10F0E000A62CE994259DB2A4326589180D4A1A65AB
:10F0F000C9304459924659924659320CD1A0A45174
:10F1000096009165340F42071F4E86211CA2241BD6
:10F11000D224CE8621CC92C62C691906A5314B92F9
:10F120006D1233A51A2595618892484DA22C0DB316
:10F130006108B334CC00916A370F42071F0B872157
:10F140008B9374C892304B8621694A1AB3A42D89D7
:10F1500092A62CA92CE9180D4A1A65C93044599277
:10F160004659924659320CD1A0A4519600916C3761
:10F170000E42071F1E06298B9230292561920C83AF
:10F1800094244A5392282DCA9054944549A6241990
:10F19000A32451A32419062949D42849D4284986EF
:10F1A00041095535916E32EF4107E3900C43946469
:10F1B000699464E93028C9A27455BA2A5D162559A4
:10F1C0005AC6A4454D5A864149163549D5241D06CF
:10F1D000254BD4244C009175360F42071F0B872115
:10F1E0002B25D1B044491A25C3904549CB70481A04
:10F1F000B3A42D4C92E190884916A55A360CC9301B
:10F20000A8619686D9304449966621009176330FDD
:10F2100042071F4A8721CA937098922C1E06655098
:10F220003A65492729E99474391CA32C4993523231
:10F230000C499454936150E36418B2244AC30C916E
:10F2400077380F42071FCC86214AD2244CD2241C87
:10F25000946188922CE994258D59D2320C4AB223BC
:10F26000628EA4D1A00C439425699425699425C38A
:10F27000100D4A1A6509009178350F42071FCC8698
:10F28000214C93344EC22C1986641894B6244A9AA1
:10F29000B2A46F4AB20D891865491A65C930244D68
:10F2A0006998A559120D4394256992069187330FE9
:10F2B00042071F0B87214C936C18A224C786211A82
:10F2C000944E59D26950BA23956950C4344AC36CDC
:10F2D00018926150C32C0DB36188922CCD420091DD
:10F2E00089300F42071F4A87218B936818A424C7CF
:10F2F0008621C9A2A45B9454947ECB946447C42C09
:10F300004C870F599866619A85C39085691602915A
:10F310008B340F42071F2A0D43544CC2284CA2E1E4
:10F32000534B534B653824ED48E5B0884998A449C0
:10F33000980C43322C691226691226C3900C4B9A02
:10F34000840900919233EF4107E3100D5A1266953C
:10F3500070508621CA924E83D2314B9A922C49A684
:10F36000411193284BC36C18A24149C32C0DB361C2
:10F37000488641CD1100919A370F42071F8D862193
:10F38000AA4449542925599228C3906451D2362C55
:10F39000AD515299A42459A2454C5AD4444A8641AD
:10F3A000C9A234C9A2544987211BD61C01919B34A0
:10F3B0000F42071FCA926188B24A360C511266C9C1
:10F3C000308459D29644495396F4AA24D3A088B5E0
:10F3D00034CC86211A9434CCD2301B866418D41CC9
:10F3E00001919C350F42071FCC86218B936C18A28C
:10F3F000248BA26150A248691906A553A4748A946B
:10F40000E470CCC2348B926188126B940C6A1265E2
:10F41000C39044912A0E919E30EF4107E3100D5A9C
:10F420001226B5244C2AC310294AA72CE93428DD1A
:10F4300091CA8E88C930A849CB30282D6AD2A2261D
:10F440002DC30735470091AB340F4207671892214F
:10F450008BC2284B862454A46CC8924189B228C917
:10F46000C46148A21C0B93E16B960F073109A350AE
:10F470001EA3410A73281C0E120091AC2F0F4207E5
:10F4800037CBA36CD08628A9278D83988451320C62
:10F490004A1665518E24D2F035CB87839884512843
:10F4A0008FD1208539140E070991C0370F42071FED
:10F4B000CC8621198628C9D1245B8643D2A2B41CEC
:10F4C00092A62CE9320C4A326589980C831A65C9D8
:10F4D0003024C3A04649962652325CA4248DC20033
:10F4E00091C1300F42072B198644AA4691922C896C
:10F4F000548D22255912A9D2940C1FA24A545B9212
:10F50000398F873B92E588AA2DC390AC612E8A0083
:10F5100091C7240F42071FCCC1411C763807B37A2C
:10F5200094E5690EE6C8F090EF605287DAB36A5846
:10F5300052533D0791C92A0E420753CC86B8312950
:10F54000A6D33064A5681892A8562A6951E93024D8
:10F550009D2AB52892B2A856AA65C390550391CBAF
:10F560002E0F42075387866C18C22C694A2AC39013
:10F57000AD79360CC930E6D17012B3704CC2A432EA
:10F580000C5112875134DCE23CCEE31091CD21EFD7
:10F59000C1071FCCC1411C763C1FBEE7D870CECA44
:10F5A000C3392B0F772C8786830EE5C30791CE2CAA
:10F5B000EF4107671892416A8DBA64C39085513153
:10F5C0008B2AC3320C5914C6491A87C390E5711EA1
:10F5D000E743960D6912E6480891CF21EF41076F86
:10F5E00038E7F170CEB3E13B713867E5E19C958770
:10F5F0003B9663C31DCB91E1210191D123EFC1075C
:10F600003FC77338C9C12C87D2BC9A0C4312A9A931
:10F610009E43C3418772AC3DCAF2A8387C91D82A78
:10F620000F42072FC77338498653310DB33019C2C3
:10F630003CCEE37018B23C0EA3244C13B512E74342
:10F64000160E6192E6290091DC260F420737CBA106
:10F6500034179334AAE5880E4ABAACE9D8E18EE5AE
:10F66000780E0D071DCAB1F6A83A3C240091DD2A98
:10F670000F42072FCEE34A1A47611A666132847936
:10F6800034DCE27018B23C0EA3244C13B512E743ED
:10F69000160E719A23210091E32D0E42072FCDD330
:10F6A0003809E3281B94300995210AB36A9666C38A
:10F6B000A045591C49499E243AD20E65433CC8498D
:10F6C0009443110091E92F0F42072FC7B3414DA278
:10F6D0002C8D922C4CB3CA94C5991467496D589AD5
:10F6E000B3A6A41626521625B5523684D190A54B42
:10F6F00096430091FA280F42072F47D278C89268A4
:10F7000088A330CD913059F3388F868F791C4649C4
:10F7100098266A25CEC7704F73240492092D0F4294
:10F72000072FCEE34A1A47C9302869942953AD29D7
:10F730006BCA862169CA2A512225899654A438A900
:10F74000C5D9120F61A55A01920D2E0F42072FCE77
:10F75000E34A1A47C9302839122653631615B3A84D
:10F76000322C51311B86244AC2A8A256E22C1BB36C
:10F7700021478624870192142D0F42072FCEE34A9A
:10F780001A47955A989492648892AC296B0A8721FB
:10F790008BC2384AA2244CB244CF923C1EB27008AD
:10F7A000E5500792152C0F42072FC7B3614CC228B2
:10F7B0008CB228CBA3CA18A5A5341BA661CAD23027
:10F7C0008B2A5156D15AC22C9DB2681B2E390C92ED
:10F7D0001E2A0E42072FCDD338C9F2281A96345567
:10F7E00096380B6B69360C597B22256194246296FE
:10F7F000D4C46C1FF224CAA1089223310F42072FF0
:10F80000C7C3618892388DD2B01265C910454316BE
:10F8100046711865C3904471380C529223151D4AE5
:10F82000EA5836E4839E4439160192342D0F42077C
:10F830002FCEE34A98A4519684711625536314463B
:10F84000599E0DCB3084399444499C255A4B9AC417
:10F8500063B823610E6500923E2A0E42072F6E4D5B
:10F86000D252581D06656A2BD54AD13024512D1B22
:10F870000629295512A9A516D596281AC26148D27B
:10F880000292402D0E42072F87B3618892A897A855
:10F89000924691320D4356AA95A26148A25A360C5F
:10F8A0005252AA246A98C4F198ED618E6400925174
:10F8B0002D0E42072F4FF330494BD1B08449A80C8D
:10F8C000519885B5301C0665D8C2504AA23049B45B
:10F8D0003029D686241CC46189C3009257300F4258
:10F8E000072FCCD2300B93AC18D58AC32119A22C88
:10F8F0000DB334CCA26148B2341CA44A9455B496DA
:10F90000304B87248B8670D0E22C02925A350F42FE
:10F91000072BC7D33C89B42189922889D42889929E
:10F92000218992A81625512D4AA2618992A896286C
:10F9300051255112A74A498DD22DCAC62C87C20C17
:10F94000925B2D0F42072FC7C3414CB262542B6705
:10F9500051B255B3548B7264D8D17058A2240AA303
:10F96000440BA3242C4E61B20E531C26009264302B
:10F970000E42072FCC91304FA21C89926148C25889
:10F9800019F22C1BA2AC140D4312D54A91942443B6
:10F990009424524B1DCAF6214FA21C8A0092782C47
:10F9A0000F42072FCD91B892C651320C4A0E275BF9
:10F9B000354BC3281F86284BC32CAA644998884915
:10F9C00098C4F996646B565405927B2C0F42072F0E
:10F9D000CD91344FC2218C6AD5A496AC799AC4617A
:10F9E000160D4BAA85835489B28AD61266E99445CE
:10F9F000EBA0C5590492802D0F42072FC7B3614C6D
:10FA0000A2B09484593A4CC914A6599866C3342CB0
:10FA1000B5304BA296929848D5242B2FA568B4A454
:10FA2000390092852D0E42072F87B3618892288D69
:10FA30002A6992268B32A55935AB1C86A45BA52278
:10FA4000257D9192A52DCD967408B3A41A26009217
:10FA5000912F0F42072FCEB3284EA272940C4394DD
:10FA60004661B264799C47C3A77218655112151399
:10FA70002D0A93AC942D593464619464F1009298EA
:10FA80002C0E42072FCDD338C986A9922661922524
:10FA9000C998A471351CA61CC986414A943049B442
:10FAA0003029D6A6704887250E03929C2D0F420759
:10FAB000AF8ED5A12C89A6304AC3BA32E46134286E
:10FAC0006229498629EC12255118255A1825617199
:10FAD0000A932D09A3340392A52F0F42072FCD912E
:10FAE000B892C651320C4A9E26638E84491E26D98E
:10FAF00030244A1446492455A262A2B584593A25B5
:10FB000051B28A491C0392B3300F42072F8FC3288A
:10FB10004DB2629484591827C9900C4B564CB3309F
:10FB20001A9630CD86A91215132D0A93308A972C78
:10FB30001AB2304AB27892B7320F42072F8FC3A859
:10FB4000254CA2B6A414D692211A862C4CB3301D93
:10FB5000066518B2309592284D126D1892629A0D72
:10FB6000493A8859520E130092BB340F4207AF989E
:10FB700086599864511A25C310E54894246B14667D
:10FB8000C3106651382C519E0DA724D392444BB21A
:10FB9000A41625B5218B92294C73240492C12E0FF3
:10FBA00042072FC7C3614BB2308B8A5198844932C8
:10FBB0004461711873701872301B4E493949A4386A
:10FBC000A9C5D9200FDA3028691C92C52B0F42072E
:10FBD0002FCD91B8120D4316E5589C45C998C4D154
:10FBE000708BC361CCE3304A92618812B512E7632F
:10FBF000B8A739120292C7320F42072FC7B361C8A4
:10FC00009228CDA2248DD2614892290DB334CC869E
:10FC100021199634CCD2244A926188121D4CC22CF0
:10FC20009DC2648C93300F92D22C0F42072FCD913E
:10FC3000344FB2618B6AD5A496AC79A8A891140D03
:10FC40008334A8711825D1A0256A251A6E63B8A738
:10FC500039120292E4380F42072B87C21CCA9268FD
:10FC600088B228895AA364488624AA44D910255109
:10FC700016558625AA44D910255152AA985A122DF4
:10FC8000524ACB904443244639160992EA310F4236
:10FC9000072F4ED238CA92643815D31C09936918BD
:10FCA000C22C2A665165588621CCA24A94945AA443
:10FCB0006188922C2A2E51658C5A430592F8330F95
:10FCC00042072FC7B361C89228CDA2248DD26148C4
:10FCD00092298BB372363C28599C352595414AA40C
:10FCE000248B922CC9C2A5968CC92085519600926E
:10FCF000FC2F0F42072BC7B3E152CA9328A9256AEC
:10FD00009444C9900CA7AC29AB0D4B4F59D229E9AB
:10FD1000C5940C4AA2E5D1920F599AC415009304D8
:10FD20002D0F42072FCCA1701093AC182561960EB1
:10FD30005A32D7E368F8984759262595254AB4A43E
:10FD400096645171C8B2214DD23C059310310F42D7
:10FD5000072F4CF2304A932C47A264189434AB2CF2
:10FD60005A9C24C31066B561C9E26C189228A98513
:10FD700089948549565E86839823690E93182DEFE2
:10FD8000C1072B87C27C88926C48A3344C87CB90E8
:10FD900025C53429A649695086539A14932C2925E0
:10FDA000D270D1E3353C0C090093202C0F42072B75
:10FDB000CEAB49345CA22417F368C8D16C38E5E1B6
:10FDC000A0C66114275134248916A55A525E2271A7
:10FDD0000A0731C7009322300F42072F8DD25A25D0
:10FDE0004C86A832A4619644C9904659AAD43229B7
:10FDF000194ED5CA2025C990266A5489937408A340
:10FE000041555A450193262C0F42072FCED33CC9AA
:10FE1000862D2A46F1B0245B581CC6381CC63C1BF4
:10FE20004E49294B12A996D4A2A4B644953DCD9132
:10FE3000109328300F42072FCCD2300B936438B583
:10FE400095B328D9E16C18C22CAA0C4B54CCA24A09
:10FE50009424C3102552972C2A2E51651C8628AD58
:10FE600000932B2E0F42072FC7C3614BB2308B8AF2
:10FE7000513C2CC916F6382CC39623E13048492949
:10FE80006951A24A63545BA26C88A3A41C26009308
:10FE90002F320F42072F8DD2529884511825C3A0BC
:10FEA0008451CB904569360C5A0E0E43328C2D513D
:10FEB000128551A20D53121687244C867098E23099
:10FEC0000193332E0F42072FC7B361C8923C8CD2E7
:10FED0003047C2E4708BF33009872D47B26148A2E6
:10FEE000A4A7444A9A922C695CBA6CC325870193F3
:10FEF00041330F42072B47D25298245B1889C358CD
:10FF00004B96AC6988D228C9B221A9A5519255A2B5
:10FF1000244AB2A59484511225E194648954C9C23B
:10FF20006A00934B2B0E42072F87C3414BB2A65A50
:10FF3000142F952D29568AD9F090A459659192BE17
:10FF400048496FC9922DE9106649354C00934D2EF2
:10FF50000F42072BCEAB49345CA2246A8D6A433230
:10FF60009CB2A89845433428395619B6A4942589DB
:10FF7000D4A655C221CDA64C8923519358380F429F
:10FF8000072B07A36C0893523189922889D42189C1
:10FF900092218992A81625516D48A2618992A816CE
:10FFA000255125199248D1B14454A32909872CAA77
:10FFB000A47902935B340F42072BCD914CDA92283F
:10FFC0004BB228C992285D6A431265529663A541D7
:10FFD000199425CA9AB2A4964489B4D424315DB246
:10FFE00024DAA22C4FD200936C340F42072BCDC2DF
:10FFF00070CA9264CCA262144749658B9252342431
:020000023000CC
:10000000891626513444626D8B9228E9B4D4922C1F
:1000100089B224D3A28A1AD591620093752FEFC1B9
:10002000072B47D21C0993E420B525E56150A63083
:10003000C94A83166DD9902583162559254A8641CC
:1000400099C2340B53A52E65C310937A2E0F420725
:100050002FCEE32C4AA261898A511D2925875B9CFA
:10006000A7E9300D63262651A28451A20D53121622
:10007000A7305987290E130093822B0F4207AF1A1E
:10008000D6C224194EC53447C2641A8630CEE370F6
:10009000588641CBC12809D344192EE57C4BB23593
:1000A0002BAA02938A2E0F42072FCEAB49340C5253
:1000B000639447956918B47216655132AC71369CD9
:1000C000922C4EC4414AD22C9CC2648D92280D239E
:1000D0000093962B0E42072FAE452D59528BC2EA44
:1000E0003028539A55B36C7848D22C1B0629A92680
:1000F000899426B561C87664CDA2B40093A22F0F6F
:1001000042072FCD9130474AC39045491AA59564BF
:100110001A8630CBB16C7850722C1B4E498E549499
:100120007E4ABAEDC89023A51C8B0093AC2E0F42DB
:10013000072FCEAB49340C521D8B8725D9C2E23034
:10014000E6E0B00C83569692CA9054A4244ADA9200
:1001500021C99678082BD50A0093AE300F42072F9D
:10016000CEE34A329C8A693A0C4932A561360C6169
:100170009626C3320C61962651920C43944869949A
:1001800044C36DCAA2318DC23C93B3320F42072FD4
:10019000CED33C8986218B92344A872149A634CC20
:1001A0008621CCD2645886218CC32849864149C413
:1001B000310993EA1255B6961C090193C82FEFC175
:1001C000072B47D21C099328198624AA9593411A14
:1001D000C2A4160F5AA6B40C523268619626D1708A
:1001E000D18A62962EA56CCA860193DF2F0F420733
:1001F0002FCEAB49340C521D8BC32419A3341B06DC
:10020000AD6D589AB36418A22491C244CAC2244B5B
:10021000866D08B32DAC45C31093E1300F42072F14
:10022000CD91B8120D4316D5EA49961C6E399E0D34
:1002300043322C69980D431225D5289186214AC254
:10024000289E4A43984549A60E93FD2F0F42072B3F
:10025000CEB361C89234CAA2E11D89B26918C2380E
:100260008F922E43B2245B94554AC369C99A96640F
:10027000537AD192AE61960094102C0F42072FCE84
:10028000E34A340C5914A6952E5B354BC3281994B8
:100290006188B2341CA44A9455B4414BE27C4A4A6A
:1002A00063D42E029418310F42072FCEB361C89247
:1002B000AC186549180E876487B36108B3A8322C5F
:1002C000C3106651254A92618812B5920D43388653
:1002D000DB70C96100942E340F42072B8FB3E152BB
:1002E0004AB2521225593A5C86244AD22C19B65287
:1002F000521994E19445492DA90C4B2255422D31B8
:100300000E4997494AA2B092019433300F42072F09
:10031000C7B361C892348E86431266993229891810
:10032000E7999228C38E66C3904449A945EA920D85
:1003300043B84495316A1D86049435330F42072B28
:10034000CDB46C503A66A56438E4603624831266F6
:1003500095523628C9B0275136285A92654A220D3F
:100360008AA46649B42DC9904D898E1594442E0FE8
:1003700042072B8FB3E1524EA36818929C3224C3DC
:100380002907A3701892418DB3E194E458220D1708
:100390001DCB96C3A025A57C530094522E0F420777
:1003A0006798E2281C966189C250CC86651892280D
:1003B0004B5A866518F21C557444D5966148F61C54
:1003C0001A0E6A568F8AC3079470320F42072FCED7
:1003D000D3244DB26294244B14E6CA340C61963493
:1003E00066C3900C3B9A0D4312253D2552D294646E
:1003F000C3102E5DC6A4290D150094722D0F42075F
:100400002FCEA3E194E468949CD2A4CBB48CB534F1
:100410001A3E6569341CA224CA2ACA70294649B802
:1004200068D19694CA62009477350F42072B1B0659
:100430002DAC25D9B045C5281EB6210AA76818C419
:100440001C8A864F59122559924C4B22255112690C
:10045000D3B6244A32484332E4509800947C330F98
:1004600042072BC7B3E152AA4449944449A40E97CA
:100470002D6C692B25C3A00C899285D9A06451529B
:100480005A06658872A4A6F4A22595210733009424
:100490007D380F4207AB122561342483944449947C
:1004A00025C9900C5BA2694BA23425519249D930E1
:1004B00028831267D93068493949A46190B4385B00
:1004C000864119EB489C00947F320F4207A7CB90DE
:1004D0002659140D83128559122AC3900C71186580
:1004E0004A222559540B87214A72450B556D1986AE
:1004F00064CFA1E12047C5E103957724EF4107735D
:1005000038E7F830E8393E0C7A8E0DDFA21CCCCAF1
:100510006192A73912657992DA112D07019580252C
:10052000EC49076390862DCAB4281BA6618B322D37
:10053000CA8669D8311DD3311DD3311DD39144876B
:100540001200958325ED450763D086AD366CC35602
:100550001BB66107D5544DD5544C4231CAB43092C4
:10056000724487121D4B00958926ED450763D0869E
:10057000AD366CC3561BB6610EE5501A064515C55F
:1005800024D4A250CA423109D52CD1B104958B2A6A
:10059000EC45076390862DCA8669D8A26C98861DA3
:1005A0009386498B322DCA946150B428D3A24CCA89
:1005B00032254C121D4A00958F25ED450763D086E4
:1005C000AD366CC3561BB6610795E1A2A6D2304486
:1005D0006AAAA6CA70D1411D4A742C019591270DB3
:1005E000460763D086AD366CC3561B9664585335A8
:1005F00055868B9A8AA396D4A42625ABA8A99A25BA
:100600003A9600959328EC45076390862DCA866933
:10061000D8A26C98861D9386490A236998A43092C3
:1006200086490A231DD391448712009598290D46C7
:100630000763D086AD366CC3561BB66107A56188CB
:10064000A426691822A9491A86486A525335D5A1A9
:1006500044C7120095A1280D460763D086AD366CBD
:10066000C3561B8668585365B888B1569306518D9A
:10067000224DCA142DB46492A8E8580295A3290DFE
:10068000460763D086AD366CC3561BB6618CB56128
:1006900092D248A965E22869D2900FD9A06935ADF8
:1006A000926883940095A52A0D460763D086AD36DF
:1006B0006CC3561BB66107B5A4263529D2A01CA26F
:1006C00048AA6452164A958A94648A14273A269551
:1006D000A8280D460763D086AD366CC3561BB6619D
:1006E0004DA56188D454192E6A2A0D43A4A6CA7058
:1006F000D1411D4A742C0195A9280D460763D08667
:10070000AD366CC3561BB6614DD5541A86486A92F5
:100710009AA46188D42C51868B0E253AA863029541
:10072000B12B0D460763D086AD366CC3561BB66140
:10073000AB4969A40C97254DA6349286211293509B
:100740004C422DAA48E1A2E4880095B92A0D46073B
:1007500063D086AD366CC3561B9664186365B84883
:100760004DCA7059A2CA340C91D4240D43A4668991
:100770003C243A2695BB2B0D460763D086AD366CDC
:10078000C3561B866818636D98A43452A29A244DF0
:10079000521A4969242D939446521A49C3900895D8
:1007A000CA2A0D460763D086AD366CC3561BB661A8
:1007B00007A554D1924DCF94683885993A285A921A
:1007C000255234284A9EE8580295CC290D460763E5
:1007D000D086AD366CC3561BB6614D95E1A2A6CA54
:1007E00070517A51A22951868B96D4A42625ABA8A4
:1007F000A10095D62A0D460763D086AD366CC35648
:100800001BB66107A56150A4AA340C9154958621AA
:1008100092AAD230283A9428BDE8482295DC320DBD
:10082000460763D086AD366CC3561BB6610A3325C6
:100830004AA24499262989924419922111935089F8
:10084000922851866448C424D4A28A94550095E124
:100850002C0D460763D086AD366CC3561B866418D4
:10086000A2A4495A261D948621929AA46188A4269E
:100870006918223555868B1A2600961C250F4207CB
:100880003B87737038A439920E8734C787839843A7
:10089000610E85C34187723C1FBEE7788EE70096E4
:1008A0002E2CEE450763508621C972A88E453996D5
:1008B00044C321CAA22CCAA2AC542BD54A35258BDD
:1008C00022252BA95924A64396430096322E0E4684
:1008D000071F4907B1169692E110657112C65116AD
:1008E00047D9B0645198645198645198285998D464
:1008F000D224AD845912656906963B2DEE450763F7
:100900005086294BC2A8316A8C926C981AA3C628CB
:100910004BC2284B86294BC24889C228C9C2280D20
:10092000A36C38E83000963F31EE45076350865B94
:100930001CD5A3D290444916255197A84B94255114
:100940001265499444593224911255A22447A21C9D
:100950008B72A4944319009640290E46071F49073D
:10096000B11696A2E15456A23889EA5131CA92AC26
:10097000250AB36455A234A9A5495A898725870158
:100980009644330E46073F8B06298BB2288B1AA359
:1009900096614822318A94306A896A49944459128E
:1009A00025519684911285519285511A4669944435
:1009B000699601964B32EE45076348864394864913
:1009C0001C2651322C5A524A4A49298992A6244A55
:1009D00012A52929264A63524AA2A4986451982351
:1009E000E170C86100964C2EEE45076350865B5857
:1009F0004AC3284C936C1892A89A44D5244BD2240D
:100A00004B8621C9923451A234A9A5495A4987215C
:100A1000492B00964D2D0E46073F1EA4388B862588
:100A20002A46955296A4621499A22DDAC25A320C23
:100A30004916864A2D4CA2E19023618E8439120218
:100A4000965030EE450763488621AAA45112A5515D
:100A5000120D43A4A55112A5516518A24A9425511F
:100A60001295949A964459D816265914AA638E0062
:100A7000965B2E0E4607370B87248B9228C9922847
:100A800089162D89B250AB29515293126D90C23400
:100A90000A53251906A55A4FF3341B0E3A0C965DDE
:100AA0002C0E46071F4987308DC23449868392A693
:100AB00052966449D44BD4A4F49425D992256192DA
:100AC000B566C534CAF224CAA10096612E0E460747
:100AD0001F0A07B1960C4312A5619486491C46C9AA
:100AE0007088D2300B6B4914664934244A544CA2A6
:100AF000A45812B37098720C96622F0E46071F49C5
:100B000087348C92E19044B9524FC4614A7230CA22
:100B1000B128190E5116654A16654918656916A956
:100B20005924A6439643009663310E46071F0A07D1
:100B3000B1960CA7348CA261486A5125EA1245C3CC
:100B400090644954C992A89225C39028699844C3D7
:100B50002147C21C0973240496642CEE45076308E0
:100B6000D3284C93300993ACA6A551521994294C23
:100B7000A3308D92615094304DB2A416466D2D690C
:100B80009225710C966A2F0E46071F4907B1960CE5
:100B90004312E558548C9230CAA21C8B92E190E526
:100BA00050964359320C8912A5492D4DD24A3A0C20
:100BB000495A0196702D0E46071F0A07B156C9A261
:100BC000ACD49225A52C93A261AA47599A558621A7
:100BD000C972484986439296B3281D86240E130095
:100BE00096732C0E46071F4987308D864352AD44BD
:100BF000C31069514B340C5125EA320C513155B2B6
:100C000031C9925A183569D99EE6290096752F0E7A
:100C100046071F0A87348CA26148CA611287DA70BE
:100C200048C22C6AC992288942291B2425D2A224B1
:100C3000AA643912E649966A51260B96762B0D4620
:100C4000073B1EA2388A86418962A5751C22254A67
:100C500042290BA56150A42C5C3A29515212074934
:100C60000775A41D8A009677290D46073F1DB234EB
:100C7000CA06A51626A5309272A41A46C93444495C
:100C80002C25F1924C4312C5622CC6E2708C03965F
:100C9000782C0E46071F0A07B1960C4312A56194E3
:100CA0008649341CA2ACD49A645AA685B56418123D
:100CB000250D9338CC91301C0E390C967D2FEE45C6
:100CC00007639086258BC224CA8625CAC2A4382C05
:100CD000518E45D1708BE22C1A062D8992642955CC
:100CE00094308AD428D393E62C029685300E46079A
:100CF0007B1892216A89BA44D13024B5A8528B2A34
:100D0000E23024E5304AC328190E5192654B2D4933
:100D100094281914314DC45C8C0596862A0E46071A
:100D20003F1EA261AAA451D2560947CD94EC53327A
:100D30000C51318D922855926150DAD27018A23C34
:100D40008D867718968A2C0E46073B4D86AC54C785
:100D500092683824696A54B22893922869CA22A9F1
:100D600069524A49C728A9669126667992E54808DA
:100D7000968B300E46071F4987308D92E190847123
:100D8000920D43A21593CA70CAB1281A8624AA26C6
:100D90004A340C492D4DD26148D24A9A25D53002A9
:100DA000968E310E46073BCB06258BB46469AA4963
:100DB0002D25259322A96588C2344B8621C99234FA
:100DC000C9923451A261486A699256D26148D20AE6
:100DD00000969431EE450763488643946349360C88
:100DE000492D4DC434A90D4312E558940C8728A908
:100DF000254B29899468388459266699982589183D
:100E0000270096952BEE4507639086258BC224CA52
:100E1000C224CA86A50E46D1702A6BC9704B622DBA
:100E2000190E49142BD9708FCA6192C60196982B5E
:100E30000E4607B7344461D456CAB124192E7550F2
:100E4000CC2A511A457A1225C310553A293D25510D
:100E5000D214264DD1F00E039699340E46071F0A80
:100E600007292965495489922C93722CC9862189B6
:100E7000AA49140D439225699225C3906461A86420
:100E80004929C9A24A98657212E62900969B2C0E40
:100E900046073B1FA2AC940CC952AAF42F5A9245A4
:100EA0004916469564484A3A22E598920C83526D59
:100EB000A985515B524BE218969C340E46071F0AD7
:100EC000076518922CCAA2629245C9704872308A8E
:100ED000862189AA49960C439225699225C39028B8
:100EE000699844C32147C21C0973240496A7300E95
:100EF00046073F8B062D6A89922C0987A51CCA4993
:100F000096244A9494926CAA44491625254B4D691F
:100F1000AA342651166661960CA71C0396A8330EB8
:100F200046071F0A87683869699424C3526B8992FF
:100F3000E18E2689322C51524CA22419962829265A
:100F40004A65584A49988449A664491E65C3109663
:100F5000AA2A0E46071F0A07B156C9A2ACD49A9412
:100F6000924191722CCAB1CA254B7A4BBA28D1B2A0
:100F700014B328CEA234E9981596B1330E46071F54
:100F80001A1ED42889B2246A89926818A2244DA511
:100F9000E15207A36418A27A54198648C9A3241AF7
:100FA00086284B6A499644492265831296B4370EC7
:100FB00046073BCB862CCAA264480629CE92A832AB
:100FC0002899BA0DC9A0E459940CC920255192451D
:100FD000C9900C4B29C992684806314AB2304A225E
:100FE00031910696B82D0F42072FCEE3701892610B
:100FF0005BA34A6538D5A2301CA641CCC1A8320CEF
:10100000496B3A26A5A496445225AA558A495C05FF
:1010100096C0270E42073F87B26A166661548975EB
:101020004CC7A45C0D95E1A08539321CC23A321C34
:10103000C23A321CB41C0396C12BEF41076B78886F
:10104000723C8B92348B8A51340C51D7C4942ACA87
:1010500030445DA3D6281A86A8631615B36818C451
:10106000280696C4310F4207B39287519CE5C332DC
:101070000C5926C55112A5E9B025591446591446F4
:10108000D9B04461142751354BA270588621CA92B9
:101090001C8F0196C5300F42071F4AC261AA47390B
:1010A0001245C31055A43452A2308B866918A45C33
:1010B0002A27D1302651356ACCA25A180D439644BE
:1010C00039560696C6280F420733CAC12C87868335
:1010D00026E6C970888A39341CD23087868398E521
:1010E000C3D7A40E356B99A4A67A0E96C7280E42D4
:1010F000073FC7F3E129C7A2E1294BF22C8AA3E1FC
:101100009468B1320C5A94C5D1304859352B86C3F6
:1011100035470096CC330F42072FC99238C9A23405
:1011200089F2A4340C498B1426431285496998929C
:101130005231291593D23025A562522A268B142EBE
:10114000CA708B723C0696CD2B0F42073BA7E4C3B7
:10115000B73489D3288CA26148B2440A87A4148783
:10116000C31635665171C886358BE2304AD3E11C0F
:101170000396D5330F42071F4BB261887A89A3CA01
:10118000B024A72CAA44D93024C3922651962CA56A
:101190002C6919969EB264296569126569322C59C9
:1011A000522DA50096D6340F42071F4AC2418BB27A
:1011B000529E45C3900C8A1447491487C3320C4988
:1011C000944595288B2AC3320C491487519C44E5D9
:1011D00028191E941C4D620096D92C0F4207334EDD
:1011E000A32C0A876558A448AA0CCB30D5A2705806
:1011F00086A91685C3324C718E0CF73487B21CDC7D
:10120000A1ED0E0D96DB360F42072B4FC23C8A86AE
:101210002149A32C199696291B945258199628896E
:101220005AA22CCA86211986284BA22CE9940D4A71
:1012300029AC0C4B94446998A50096DC330F420707
:101240002F4DF2308A8621C9F161882A521A29511C
:101250009828C9B04499148751360CC93096C2A455
:10126000548B2A511C25C3901473248D0196DE36AD
:101270000F4207734AB2218DC22C89A3CA30245968
:1012800022A559128559342C8316C5619446D1B0D4
:101290000C4312C561940D4312A549360C4916C57D
:1012A00069120396E2300E46072B4ED252320C4999
:1012B0009E64C3104553A55335191E92280DA3688B
:1012C00018926148B224AA74AA2CA56A320C595209
:1012D0000DA31496E3360F42072BAB845929190648
:1012E00025CFA2611A14298E92281B866458A24A1F
:1012F000940D4312C5E1B00C4312C561140D831265
:10130000A549364C5914A7490A96E825EF4107E349
:10131000F71CCFF11C191EA2B494965AB2284BA206
:10132000D6524B166549D45A4AB324CAB10896EA34
:10133000280F42076B38E8508E0C0F4A1A4B4BB2FD
:10134000E4488E2DC94E1E0E3A9EE3E970C8F11C8A
:101350000F87838E470096F2250F42076B38E850BF
:101360008E0C0F4A1A4B4BB2E4488E2DC94E1E0EFE
:101370003AC7E1639A5787838E470096F62A0F4251
:10138000076B38E8508E0C0F4A1A4B4BB2E4488E6C
:101390002DC90E2539669642494DB561D0F11C9292
:1013A0007254A7A40096F723EF41076B38E8508EDC
:1013B0000C0F4A1A4B4BB2E4488E2DC94E1E0E62DA
:1013C0001F8783D8C7E1200196F92B0F42076B389E
:1013D000E8508E0C0F4A1A4B4BB2E4488E2DC99E32
:1013E000C3C33547C26498E2308A872189EB3994B8
:1013F0000E870496FB280F42076B38E8508E0C0FBF
:101400004A1A4B4BB2E4488E2DC94E1E0E62E37051
:10141000101B87830EC5799C23C310970028EF41CA
:10142000076B38E8508E0C0F4A1A4B4BB2E4488ECB
:101430002DC94E1C3EE7D87010A35A18D5C2A85229
:10144000CC910C97042C0F42076B38E8508E0C0F90
:101450004A1A4B4BB2E4488E2DC99CD5A3F27010AA
:1014600073281C0E620E85C341CCA130472400971F
:1014700007280F42076B38E8508E0C0F4A1A4B4B67
:10148000B2E4488E2DC94E1EDE723C198E393EBC28
:1014900045599415B5501D970D2C0F42076B38E830
:1014A000508E0C0F4A1A4B4BB2E4488E2DC99EE564
:1014B000D070D0C43C190E51318786431AE6D070E3
:1014C00010731097132B0F42076B38E8508E0C0FD8
:1014D0004A1A4B4BB2E4488E2DC98EE8D841CCA1B4
:1014E0007088063187C2E12087B5341CF241971617
:1014F0002C0F42076B38E8508E0C0F4A1A4B4BB238
:10150000E4488E2DC99EE6489A0ECBB0A6F2A6847A
:1015100049A7446A0BD31C494300971C2E0F42076E
:101520006B38E8508E0C0F4A1A4B4BB2E4488E2DA4
:10153000C9CE920DD3B084A1366C891446956458F7
:10154000B2629A0D6B162600971E2D0F42076B385C
:10155000E8508E0C0F4A1A4B4BB2E4488E2DC94E00
:101560001E9441CCD270500631C7076510E3281C89
:10157000343595140097272E0F42076B38E8508EAC
:101580000C0F4A1A4B4BB2E48CF1B00C63D296A606
:10159000D3304459A8B44589344CC52C698B92305A
:1015A0000B230097322E0F42076B38E8508E0C0F3A
:1015B0004A1A4B4BB2E4488E2DC98EC683346895C7
:1015C00052368872362DC98E25E1A0255316AD837B
:1015D000049738320F42076B38E8508E0C0F4A1AC6
:1015E0004B4BB26475681892412B65D920656938F8
:1015F00048C39064514B160D4332A861960C83D2B8
:101600009A95009739310F42076B38E8508E0C0FCE
:101610004A1A4B4BB2E4488E2DC98E87C3320C490F
:101620001865D1B025593C0CC930865A3428C920D8
:10163000A65998019748280F42076B38E8508E0C3E
:101640000F4A1A4B4BB2E4488E2DC94E5E8E498F1D
:10165000CB9D383C845935892AD1F0019752220F0D
:1016600042073FC7736478C8911C1A0E3A940FDF83
:1016700089C3398F87731E0FE73C4E93B80897567E
:101680002D0F42072B2FE7D1F0310787212D66C997
:1016900070C872308A86216A8D926C18A2244BC35E
:1016A000651892318DD22CC9913002975B310F426F
:1016B000072FCE6BC3900C4316A6C9A0A4610E0ED3
:1016C00043320C39180E6A9845C5418A86248B8AA4
:1016D0008354CC22254C9A06254A7204975C330F1A
:1016E00042072F1FB26C088721896A69240D3A1AB4
:1016F0000ECB3064510E46D1A00C839285513488B4
:10170000512D1AA6418C6A619A9492340A5300971B
:101710005E250F420737CBB13A561DB661CD72AC8C
:101720008E95076D90B31CAB6375AC3A6CC39AE5AC
:10173000581DAB029760250F4207AF8E0DD7301FA3
:10174000BE1387731E0F77248B076D90B37CC886FA
:101750003C8B076D90B31CAB029761300F42071FA3
:10176000C991E121AAA6C332689136264A37258D50
:101770008A511C46F1300D5218C5C9100D5918A5D3
:10178000C9200D4A1A8571140297622CEF4107E3B4
:10179000E71CCFE11C1C0E629445619445613448FE
:1017A000619445619445613448619445619445E193
:1017B00070107328029769230F420733CD91341DAF
:1017C0001ED23A92E6C830E4600E0D07B18FC341D5
:1017D00087F2E17B8EE7780E97732F0F42072B8BF2
:1017E000B3EA7050D62CCA072987C278189261894B
:1017F0002A511655A26C1892280EA3683844711805
:10180000C559392B4761049774340F42072B09934C
:101810003409936C18A2244DB2A8B445B54C4AA221
:101820006189B4A4544C4A8938484A1C46D93024AA
:10183000511C46B530AA85D916C60097762F0F429F
:10184000072BC9D1241A866458A25A12B54D8D5956
:10185000541A94A8A5320C51D21A0D4A8ED5872558
:10186000C7CA59390B8721CB4100978B2C0F4207F0
:101870002B49E3240D872119B6248DD73C4E0765EB
:101880001894762C29A6839887C3320C591EE771C9
:101890009E0D83968300978D2E0F42072B09F3240C
:1018A0000D87314E92E1B4E4599295062D4E92E1A6
:1018B000903465D92065691646C3A4C4F53489C33C
:1018C0002C8DD404978F2A0F420767900635CCD20F
:1018D000504AB2254A92418AC5341D1ED23A320C72
:1018E000399843C3416C1C0E3A940FDF73009798EC
:1018F000320F42072B89D3248BA2619092A8122623
:10190000B5B9380CC920A549539A340D43324869FA
:1019100016A6C3A00C4316A6599866619664610585
:1019200097A0300F42072BC972A4160F43320C51F7
:1019300012C5D19235262D8336258D59D2320CCA47
:101940002066D56918946EA5AC9CD5915A0E2500D9
:1019500097AD320F42072BC972A4363C28519A44E6
:10196000C9A04D4963A4340D4A3248499F923E0DA7
:101970004A328899940D8352CEA23C8BE42C89D2B2
:101980004C1497CB240F42073BC7736C38E4489A3A
:101990000DDF89C3398F873B9643C341877228CCBB
:1019A000A1E11DC9F11C97CC330F42072FC77374F7
:1019B000588621CAC268B845399444C930255112A5
:1019C0004649940C4B548CA36418A330CD9228CD77
:1019D00092610A6B95304A130097D32E0F42072F5E
:1019E000CEE33C1C966188B2301B0665D0B1D23084
:1019F0000D521865D1300D6A1C0ECB30847118C59C
:101A0000E13064799C670097ED23EFC10737CBB1D4
:101A1000F2A00D72966375AC3C68839CE5581D2B53
:101A20000FDA20673956C7AAC30797F3210F420779
:101A30003BA7E4D070D0E9690E65E9F09D389CF3CE
:101A4000388F87731EE7F170CE330097F6320E425F
:101A5000072BC7B3614806AD0E6549D69484D930CB
:101A60002851922359342879160D4B1685C92085A3
:101A7000491685491685C9200D4B16850197FB34FB
:101A80000F42072BA7A483346875AC94658396E452
:101A9000D83024C39023693248C39064519A64D1EA
:101AA000302483942659340C491626D9A095B2289F
:101AB0000D97FF310F4207AF0E65433224431225C5
:101AC00051160D492D292551322443A26451122566
:101AD00059A6D4B11C1A0E7A960EDFF27838E7F1C7
:101AE0007003980127EE4507E3839AA339381CC297
:101AF0001C0973241C0E618E84C321CC913047C213
:101B0000E190C6698E64399600980228EF41077FFC
:101B1000F896A739920D4398A5619686D9308459D5
:101B20001A66C310666998A561360C61AD92A55915
:101B30003D980328ED4907231CEE619C86C3900C59
:101B4000499A8469120E4312A649940C43524A13CF
:101B50002D4DC261C8B33CAD0798052AEF41077F00
:101B600018742C1CB61CC98621CCD2304BC36C18FF
:101B7000C22C0DB36108B3345CD2641C8628CE72CB
:101B800028CD0B9806330F420737C72AC3A034A6C7
:101B9000492D4E2AC31025AD51D21A259561889240
:101BA000D628A90C4394B446496B945486214A4ADA
:101BB00059142669AC0798082A0F420733C7A36156
:101BC000D0E2AEC39064515A4AC36C18B2308DB2A1
:101BD00064189230494B69980D439666D54A9A0726
:101BE000980C2CEF41072BC98621AA96C2344C864B
:101BF0002989923089C2C6614BC32C1DA65A18652B
:101C000051980CD33065A51C0B73240E981026EF49
:101C10004107679086216D49F37058B330198624C7
:101C20002C25C39844617118FB7118D3284BC25AF4
:101C3000180798112EEF41076790862107733847E0
:101C400087651892304BB2304BB2614BB2304BB219
:101C5000614BB2304B1AA3481AA662540F73240E7C
:101C600098122DEF41072BC98621AA96C2344C86C3
:101C7000294CC2240FA3411AB6A89845D1B045C536
:101C80002C2A4659344C59A9250AD3280E981330CA
:101C90000F42072FC7B361D0E27018A21CC986217A
:101CA0004A5AA3A4354A2AC31025ADD1A00C4398A3
:101CB000A561968649320CA156CDD2BC0098173446
:101CC0000F420733C7B36108E37018A234AA0C525D
:101CD00025CAA262160D43324869924549140D5235
:101CE00025CAA2ACA9120D4A94E5501825399825A9
:101CF0000098182D0F42072FC7B3619092348EB20F
:101D0000381C0625CAD2529A23C3900C4B1A27C3FB
:101D1000904669946469160E43584BB3342F982447
:101D20002EEE4507635086531A46611A45C3902428
:101D30004B9A744D5A8621E99A24872189AA4954DD
:101D40004DA268189261C972248DF300982D2FEF6F
:101D50004107E3900C438EE5703C48C39445619481
:101D600045619445C33448610E0D531685599285DB
:101D7000597258861CCDA31C0B13009830310F42AA
:101D80000733C7B36108E36CB8E44838684929AB46
:101D900094B24A699092A59664D9B086599864C560
:101DA000281AB43047D2288972244B0098382BEF78
:101DB0004107E3900C43D21A26C54A6D98925218F7
:101DC00025A5308786651892B0388C7D1C926119E4
:101DD000D2288BC31C89039839300F420753C7C6DA
:101DE00061C8F26C18B23C1CB62D8C925298449586
:101DF0006187C22CC9862DC9C22CC9C22CA90C531B
:101E0000A445599485495C983B2E0F420733C7B3CC
:101E1000618892384DB638C9862DC9C26438E6D07B
:101E2000B066619654862D698C22294CC26858C3CD
:101E300028142B6A1C98462FEF4107671892618976
:101E40006A61D43A0CC920B564514B160D4332A8CF
:101E500061960C8332885B4B298B5A0625CBF13473
:101E600089C32C01984C2FEF41076B508621CAC2C1
:101E700074D0E22C1AB441CA726C508641C9D27037
:101E800050C3AC32248396A449988459946869124B
:101E90000DEF04984D2F0F42072BA784C38398A5FD
:101EA000599C0EDB108551168549DB30B625D9309B
:101EB0006551980C43124659344C59291BA430CA19
:101EC0009238984F2F0F42072FA764C3900C439668
:101ED00066F569D82A61340C629445C3540BA32972
:101EE00019A62C0AA35A186DC31085519B14465B82
:101EF0001C985837EF410767189261C9D2304A2BB6
:101F0000833248499664513228599464C920258304
:101F1000924559364849226551D22D92926490B229
:101F2000248F923089C32C01985B300F42072FC752
:101F3000C3E1418CAB83344C591446831446593465
:101F40004C83144659344C831446591426C3900CC0
:101F50005B124659294C5239985E2F0F42072F07C2
:101F6000A3CA3024ADD93064B1384C49294CA24AB7
:101F70009843C39844612919966148C26E49366CEA
:101F8000511665A530890B9867360F42072FA76455
:101F9000C3900C4316A6515A19A46148B228A995BA
:101FA00092281AA46148B228A90D5232285994D413
:101FB0004AC9A00C525287A2414AD25A02986B34A5
:101FC0000F42072F07872119861CCC86210BD3646B
:101FD0005892A598F4980C4332EC50180DD2306505
:101FE00051180D521865D1300D5A946361320C723C
:101FF00000986F2EEF4107E3900C831A66C390851B
:1020000069322CC39084511685499761B984511661
:102010000D4B8FC925CCA161E9D4D23147E200989C
:1020200071360F420733C7076510F36C18A430CA26
:10203000924119B64A942559920CCBA074CA926465
:102040009006A553962483942539322CC390239D62
:1020500092683864019874300F42072BCBB1D2F0EC
:1020600029CDAACB414ABA45CB9285513468C39257
:1020700045523628C9B064A5AC362C8316E5E0304D
:1020800025619C250098A82EEF41076B38883914EC
:10209000A64B980C612FC3908449540993A812262B
:1020A000C390844914B64449140E49CB90254D3948
:1020B000B2C30198C431EF4107E3900C6292958658
:1020C0002189A4A46589923E0D4332E858521BA48D
:1020D00041C792D23024AD61B2749212A992256D9B
:1020E000A994E50198DB2BEF41076738E478942643
:1020F00059924D591446591E855116A5C970D0B430
:10210000A835AAC4516316E559A958A9A60A00988A
:10211000DF280F42073F87931CCC7228C9622D939A
:1021200094E1A2E5F170CEE3E19C236926C5A91EE6
:10213000857112A73A920098EF340F42072F87C299
:102140001C99926C48A37A1225F1300D5316255133
:10215000344849548B92281AA4A41627B5248CC25B
:10216000A816264D4926495914A70198F22F0F4267
:10217000072FCD91344FC23CCA062989923019A647
:10218000AC254A0731CDC274D092304FC2244DC223
:10219000286B29659994A451980798FC350F42073C
:1021A00033C7B361C8921CC9A23C4AA26149865D8B
:1021B000C9F268500625CA922C8906254BA2745094
:1021C000A224AB4475244AEA911426590E4500987E
:1021D000FD330F4207B30E8539521AC62809B324BE
:1021E0004AA3611992B6244AB2418992AC3224D9E9
:1021F000A084591A25599215A36A94B44652344CB6
:10220000390A98FE320F42072FCCA130476A3912A3
:1022100045C39094A47018B2340BD3411986284B4F
:10222000A2D2A044AD514B16F5A444495392496142
:102230009A23210099032D0F42072FCD91B892C602
:1022400051320C4A294786296B49A3614FB228CBEA
:102250000629AB276192266194566A4928D58AAA35
:10226000009905300F4207330BD3304A931C8D92EF
:10227000614BA224CA86A9258B8A8354CC86D3209D
:1022800015E3284CC2288CB2284CDA4229C9C22650
:1022900000990A2C0F420733CDA12C1E1E722487F1
:1022A00086839E43C3B7D6641892484A2371187236
:1022B00024CD916148E24CC9934C972300990C308E
:1022C0000F420733C7B361C892AC18D52A51924563
:1022D000C33428B528CB06296B1AB441CACA59257C
:1022E0008CA6D29064493993E22CC712009910321F
:1022F0000F420733C7876408933C1B8628899230B6
:102300008B93290997444B242591878324A59138E1
:102310000C3992E6C8302471A6E449A6CB11009985
:1023200012320F42072F87C27C88926888A3304BF5
:102330004A5A340C5125CAA27C10D32C190665D0F8
:102340004A711825D99445A99814934C8AB42894B5
:10235000039913340F42072F8F43454C9229C9A28A
:10236000962809A36C50864B9445E1904549548BBF
:102370009268C8142D9CB4248CC2284BBA6852921F
:10238000288D4A1A07991E330F42072F8DD25A25DE
:102390004C86A832A4499425D1B046499629954146
:1023A0009112252B6583960C493AA4491CB52659F0
:1023B000528D1229535A45019921300F42072FCDD2
:1023C00091344FC2418B8A511289D130E45016A604
:1023D00083322D591227831227E9B4D4E2242A2705
:1023E0009D13291906258D039928300F420733CDF7
:1023F00091B8120D43162569944469344C83528B6D
:10240000B26C90B2A6411BA43CCE9370986A6194C2
:1024100094C2488A86290E03993E320F42072FCD77
:10242000916819A4A4189594A852AA44C3D2A744A9
:102430002A0D611C25C36548B24A98554AC3254AEE
:10244000B24AA2641525192E611E9945310F420723
:10245000331CD4300B936C10A35A254A0669D891CB
:102460005A320CD1A074CA926188061D4B872D097F
:10247000B352988449319522250C0D994B320F4265
:10248000072FCEB361C892A82D4A86214AA22C1CE0
:10249000BE64393628C31065491A0DCA304469290B
:1024A000C986216A8D92CA304452AD5A019951337E
:1024B0000F4207AF54CCA25AD2A7684892A516552E
:1024C00006A54FC9921CA24EC34119A22C4CB3249D
:1024D0004AB24A54A9251525AA244A3151B2300BD3
:1024E0009952310F42072FCEE34A340C5914A649B2
:1024F000343C48611625D3210AB328D2B2611B941B
:102500001C4FA2E1126551986851A844599484E97E
:1025100000995E360F42072F1BE4284C936418B4D1
:10252000488E9268189441C9A296DB906495281A47
:10253000066548C2DA704AA25A54190629D1945045
:10254000899228296683009996280F42072FAF8623
:10255000C3E71CCEC1E120E6509843E17010732818
:10256000CCA17038883914E650381CC41C8A0099F4
:1025700099230F42071F9A871DCEF17CF89AD4A1A8
:10258000662D9394E1A2E5711E0FE73CCEE3E19C3A
:10259000670099AC24ED41076B3848613E1CB230AE
:1025A0001F0E599887F970D0D12C6A895A4A2D3A52
:1025B0009843490E460099AD2CEF410767187224E5
:1025C0000A076918A2AE51340C51D7A835C9864103
:1025D000A9634929E994259DB2A44F79524F6A799C
:1025E000920699AE29EE4107271C06298BE26C184A
:1025F000F2284792614893288FEAD170D0B1A8D2CF
:10260000A9D2A9D2A91EE5498E460099B12E0F4242
:10261000071F0C87210BA3381C862C8CC2611986DE
:102620002C8CE2308AC36190723029257D4AFA945D
:10263000F429D7E2A49627690099B32F0F42071F08
:102640004B872D8DD27458AA519624D2B0244A5467
:102650009B9A94281A96529E244A7F4A7A537A5318
:1026600093344BB261CC310099B4310F42071F4F04
:102670008621CA92284D2AC310254D6952198628F1
:10268000694A93A634A90C83D28EB4287D51FAA24C
:10269000F4454F5A93629CA40199C1310F42071F20
:1026A0004F8621CA92284EA26108B3284EA26188A3
:1026B000B2240A2B510E0E8392E5484DE994F42979
:1026C000E95B9447499C44F5280C99D0300F4207A8
:1026D0001F0C8721CCA21C1C866850A23C1B863094
:1026E0008BF22CCAB36150061DC9A2A45B94748BF3
:1026F000926E519EE54932CC390299D22F0F420792
:102700001F4B87214AA3341D866458A2B0320C6A3D
:1027100012A54B294D2AC3A0B4232D4A9745E98B16
:10272000D2554F2B5992A7110099D52C0E42072F45
:1027300087737098062DAA45599445496950B21C73
:1027400089866B9643C335CBA1E19AE5D070909210
:102750005296442D0299DB310F42071FCD8621CCC2
:10276000A23C1B866850A234A90C439434A549535B
:102770009A5486411974248B9216A9D2A7A4539611
:10278000477A12D5A33099DD300F42071F0C8721FD
:10279000CCA23C1B866458A2B0320C4998446929EB
:1027A0008DA26150EA58A2253D26BD29BDE9499672
:1027B00026D910E7080099ED2D0F42071F4B07356A
:1027C0004CF27050864129A7831855D22C4AC24139
:1027D0001BD4280DB3A4AD9454B44A350B2B699285
:1027E00055233599F12F0F42071F8A87298EC22161
:1027F0001B96AC54290E5B1A85491865B56148E5EE
:102800006490926E51D22D4ABA456992A54934C856
:10281000590999FF2F0F42071F0C87B194A6C39443
:1028200045B56148862DC9A2308B6A49960CDB906C
:102830004759D2294BFA2969CCD22C4993AC9AA595
:10284000019A012D0F42071F0C87B1940DD3B0449C
:1028500049541BA6618992A8364C75707890A334B0
:10286000E99CB40C4BE7248DC3244CE21A009A0E69
:102870002E0F42071F4B872D8DA26188862D8DC29A
:10288000241C96AC140D8312E5D9B02C39D229E959
:1028900053D2B244499FD29630896B009A19340FB3
:1028A00042071F8A07314DB2615006254E6A7132C8
:1028B00028C3A0D472A4962383320C6AA2F4A2F493
:1028C000451986A429A98851D29644491666A100C3
:1028D0009A30370F42073F2A0D59528BA261888ADE
:1028E00071940C97210AB32819062952A22C89A2A7
:1028F000618886A81A45C310758DA26150A21C4A32
:10290000A2A48BA42309009A3732EF4107675086AF
:10291000214AC2248A0629ABA449388869122A5A56
:10292000124991328839940C439434B534B55486A5
:1029300021096B95E110E650009A3E33EF4107679D
:102940005086214AB2A83428C3102559541A9461DC
:102950008892344EC22C1B944147C234A99592648C
:1029600038248D999844C5442B8622009A4530EF2F
:1029700041076350864392E5C8A04483528BB264FA
:1029800050A22CA9458352CB9141498E4917A52FBE
:102990004A5F94964396E468329C74109A55320FBD
:1029A00042071F9406690893381D94E190A4593496
:1029B00048C9D2162591126F838E47C39034A5491A
:1029C00053B2744ABA45C9924669A6850A009A5715
:1029D0002D0F42071F4B07314DD2241CA4AC92A5EA
:1029E000D1B00C4A3B9AE4E8A09C934E499F92CA0E
:1029F00029296551186569D26B92159A5A300F4290
:102A000007AB180E831447D9B00C8B96A459920DBE
:102A100049584AB2241B92445373703888756838F9
:102A2000887568788892A8966451459A5F360F42F7
:102A3000077B1807254A96DA9025831225DD86281C
:102A40001A9448899268503A4BC9A00EE9B026A55D
:102A5000244B3A29515253A2304AA23099B2300D38
:102A6000019A62340F42071F4A077150CAE9A00C4D
:102A700083528BB26450862DC9A22CA925C332285B
:102A80009D936490923E252D8394B42399320C69D2
:102A900094B449C3019AA8250F42076F38E7F13073
:102AA000C561148751383C28392A0D97308F8773B8
:102AB0001E0FE73CCEE334898B009AB82F0F4207F4
:102AC0001F4B0735CCD270498641690C87218B9208
:102AD00034CAA2411AB46A940C6296644D83A2B5BA
:102AE0008659986449AD5452039AD2340F42071F55
:102AF000AA0DCA302859295B722CA90C5FB2284D47
:102B000096CAA04489944552920C52A86449291B44
:102B1000946150B252D69425A5AC548C009AD33A05
:102B20000F42071F0C076D58B2244A972819A2A418
:102B30002445C39024C39A4383A20C5116255134D3
:102B400048C9106551124583940C511625512D4AE0
:102B50001229E91C25D9209AD4350F42071F4AC2F1
:102B6000411986284B3A2DC93044495F860725CD47
:102B7000A141198628CBB1411986284BD2685086CD
:102B800021CAA2AC4B9824C32189720C9AD8280F71
:102B900042073BA7E4C377EA30E4489A23698E0CE6
:102BA000434E1E1EA21C8CA261885AA3D6A8340CC8
:102BB000511D53009B032B0F42076B18EBEAA068D3
:102BC00075441A06458BB2541A8664C772647888B5
:102BD00072301CEED4E121CCAA511266619C009B9C
:102BE0002528EE45072319A221D1C24C19A221D1D3
:102BF000C24C19A221D1511DD5511DD5511DD55100
:102C00001DD5B1440713009B272CEE45072319A2BD
:102C100021D1C24C19A221D1C24C19A22111733564
:102C20005686931A4BC390496D52A464522554C3DF
:102C300044AD009B3C280F42073B87737038887D6A
:102C40001C0E629686591A0E073DC9F2A88E444999
:102C50009466C9A0857192C6FA30049B41300F4238
:102C600007334F4BD930444916B56451311B862484
:102C7000CAA2962C6AC98621DCC24155D23091B2D3
:102C80003019B4529E4539240E87009B42310F42C1
:102C9000071FCBE17850862147A23A12D5916148AF
:102CA0008641AA85512D1C862C2E854A564AA46140
:102CB000889241C9922807A32C0E87009B44330EAB
:102CC00046072BAEC6E13024831255B224AA64C94C
:102CD00030245912550625AA64C930245935CB949D
:102CE000288B12699892614BA21C8BB2341C029BF8
:102CF0004F310F4207534CD71CC986211906A936FC
:102D000075A90C431245521D898AD93024C39647B0
:102D100099929512A9922583568A93A8B689430061
:102D20009B542D0F42071FC991E121AAA6C3326807
:102D30009136264A37A516558663921593E1986415
:102D4000C56438568A95418BA42CB10E039B5A2238
:102D50000E42073787737418E26A9C0E2FC55A58C3
:102D60001B0E5A580B6BC34127D54A594DCC0A9BB1
:102D70006F230F420733878741CED3E129098BC3E5
:102D8000416C1C0E5A9734AB0DE73C1ECE793C9C2F
:102D9000F30C9B9135EFC1072BCEE3789086298BFE
:102DA000C2248BD2685886244AA2244AA2244AA26A
:102DB000241A962189922809A3244AA2241A962C1F
:102DC000C752A5ABD2340C9BAE2F0F42072B0DB3CD
:102DD000388B8630CAA21C8BB2615006314D8A698D
:102DE000521AA6414C93629A54864119C41C0F93FF
:102DF000B63069CBF1109BC92CEFC1072BC7C3615B
:102E00008886A8BF44D930448312B534B55486218E
:102E10001AC43429A6496518A241CCF130690B9334
:102E2000CA709BE82F0F42072BCEAB83320C4A9619
:102E300043590E0ECBA025519255A224CB8625AB2B
:102E400044C9A02551960E4B3BD4D22D537A8753BB
:102E5000009C132EEFC1072BC7C3618886A8BF440F
:102E6000D930448312B534B55486211AC434A986A6
:102E7000492D290D4A314F42A5A24489D236019CE1
:102E8000492C0E4607236A4D6AC34BD425AA2C4A07
:102E90004949B4524B140D4324A5F170C892AC3A81
:102EA0005CB3EA708C6A51186509009C57310F4277
:102EB000072B47D25265089352398BB26150062DC9
:102EC0002925A5966EE1208551525A964EA5414A74
:102ED000941C4B06A5294B7ACC9134019CE5230D1B
:102EE00046073707736C38E6E170CCC3E198A3C39B
:102EF00041CAD1E1A0452D514BA94547EA60049C48
:102F0000F3330F42076B3888391426C39084591A5B
:102F100026C39084499A84C9302461922661320C78
:102F20004998E461321C933C4C864B1D52FA6587EC
:102F3000A4009CF42C0E46071FC9D17888862189ED
:102F4000AA49140D43125593281A8624AA47D17012
:102F5000AA47D1F00E4949AF49D73C0715009D0952
:102F6000320F42071F4A8729C7A261885AA3D2306D
:102F700044AD49160D43320C3A260D8326E5501216
:102F80000D8394E45012255DB4A4A7A49EE58802A5
:102F90009D15310F42072F4F73281B86304B9361CD
:102FA0001986244CD2244C86214A73248A8641A94E
:102FB000E588380C4A8E2699D29BD29B9C0DA98E0F
:102FC000009D1B2D0F42072B1DC441C99A2245A904
:102FD000A559140DD370C8943C1ECE793C9C737CCB
:102FE0003888393E1CB4A494455912250A009D2600
:102FF000230F42073FC78673561B3E2739B4DDD2E5
:103000006D38E7F170CEE3E120E6F870D0F1A88BDF
:10301000029D282E0E46071F4907294E2AC3907489
:103020004D5A8621199434691986A47B52191E922F
:103030003CA90C83946351A553A5533DCA11059D2A
:103040003B300F42071F0B73248E87711893301A81
:10305000A62C0AA32C1AE62847A26818922C8AB537
:103060006818926C4E9229E994255DE31C55009DE9
:103070003F2E0F42072BCED33CC986216A4DC26436
:103080001872244D0669187224C7878728CFA2E1D9
:1030900096435AD26558BA68499EA30A009D513199
:1030A0000F42071F4A072DCEA26148B2284D06697C
:1030B0001872244D066918922CCAB3687888F22CCD
:1030C0001A6E39342C5DB4A48B96E492AE009D5DEB
:1030D000310F4207B7AA68E19424831625B552360A
:1030E00028C3212B65831625F52849864991D249A5
:1030F0001AA63A12257D929216251C933853009DEC
:103100006C320F42071F0C97294D5A0629E91625E4
:103110002D83B42C5994B40C52D2396919964B9C16
:10312000B40C4BE7A45392584A49A245499845A28A
:10313000029D72340F42072B49E324CC936C5886CE
:1031400029CC926CD8922C4C86211976281FA46128
:1031500048B228CFA26148061DA94549B728691978
:103160009438C962059DB42F0F420733CED374182B
:1031700092414ABA85513468C39245523628A52CEB
:103180001F9661AAE551364CC31CB534B5340D7396
:1031900094430A009DD7300F42071F0B87214AF343
:1031A00061C9C32419A26129159352342CC910C5D1
:1031B000F970489638691906A57D4896163DA90C00
:1031C000E71C55009DF92F0F42071FC991E121CA45
:1031D000A2248DA2614B4CA9A20C5BD41A45C31644
:1031E000E650340C6994968621CCD2301B2E395A85
:1031F0006951009E752A0D4A073747737418D41C0D
:10320000CD8783944395A812D5A25A9245495489F3
:10321000B2248B6A5125AA44C341CAA1089E7933BE
:103220000F42072F47C41CA90D697118B2308B8655
:1032300021C9A29641D9942C51BA254BA22C4A5FA0
:103240006C4A45892A4B320C4A96A84994E8511693
:103250009E7D300F42073F1FA4E1921593281C0E5C
:10326000699825C3214BBA0C4B94444A26454B160A
:10327000259192252DC332DC69C3418CB2281A3EB8
:103280009E7F2B0F42073FA7E4C8F01065E5AC3CDA
:10329000BC35654DD9F09684791266952149B428DC
:1032A00054A3304BB244C9527148009E932C0F4234
:1032B0000733CD91341D9661DCD6A427A949CC9261
:1032C00078782BE5C341CCA2E270109330AB0CC9E7
:1032D000904561A80DD1209E972F0F42076B58860D
:1032E0009D36488356CA322992B22451DAA11C195C
:1032F000DE4AF97010B3A8381CC424CC2A433264C7
:1033000051186A4334089EA5270F42073F47868716
:1033100034AA23513DE99A6D7952879AA550D286F5
:10332000494CF348C9E11C4E724C8B770C9EBB2E66
:103330000F42073FA7E4C8F01065619A856916A699
:10334000C3900C5216A6919846C7A445C9925252F2
:103350004AA224AA84B534CCA130039EBC2D0F42CE
:10336000073FA7E4C8F01065619A85693228439643
:1033700019232551B2A49444C51CCAC2341AD65884
:103380000EC5281B0E399E009EC3210F4207334DE8
:103390008787B48E0C434E1DBEE7D870CECA5979CC
:1033A0003867E5AC3CDCD3BC069ECD290F42071F35
:1033B00019C461C773647848A37A56CD922CD25A47
:1033C000A3B296495222456AB22352248AF5248731
:1033D00073049ECE290F420757CAC741CDA2241AB3
:1033E000B628DC5A9A92A83147EA9859CB24A949C1
:1033F0004DEA507B568D92304772049ED123EF41A7
:10340000076B38885DA24A1825A57038E8508EE70A
:10341000D070D0A11CCF87EFA45A5FC2AC029ED45B
:10342000320F42071F0B87210BA35AA82452922563
:103430004B946451258B8641C9C228CB8641CBC3AE
:10344000411DD268877224CC92C62CA986391402F9
:103450009ED8310F42071F0B87214BA2B62851126D
:103460002D4A92250BA368F890E571380C599E26D9
:10347000F11025D99CE450924549B72829A5499ACD
:10348000079EDE2F0F42071FCC8621CCA262A62406
:1034900062962CE12015B36108E33C1B866418B2E8
:1034A00030CD86241DD272922A5D95DA30E869000B
:1034B0009EE82B0F4207AF3DAA0E0F4A8E4AC32546
:1034C000CCD3E1202651258C9252381C7428878653
:1034D000830EE5C3A75A94855994009EF42F0F429A
:1034E00007AF39E91A258DD9A064513C68C99044C9
:1034F000599C949461E929694B94A596244A5B32BE
:103500004C619761A9E5482DE9169F0E2E0E4207E2
:103510007318F2341F86304AA3241A862889D228C9
:103520008986214A723019B441CD72280B876D907B
:103530006AA55A25AB8959019F132F0F420733CE35
:10354000E36C18B43C1B86300E873107876998B24C
:10355000288CB2288CB268D8922CCC92304AF321B5
:103560004AA221CDA2380D9F202B0D4A074F47B606
:1035700041CAA16850062987EA50341C744A298937
:103580005AA2240A4B4994442D519288154B220D7E
:10359000991A9F3B210F42073B0787731E0FE73C99
:1035A0001EEEE4E120360E07B17138E8B4E1639A0B
:1035B000C721009F4A2A0F42073BA7E4C8F01067C3
:1035C000399864D2A0246B94B446496396946A4AAD
:1035D0002269793C9CF37838E7698E64009F4B2F11
:1035E0000F42073F1F3E27613428C91046496B949C
:1035F00094B24849A42C87C2E120E650381CC44E3E
:1036000049298C9228C9A296280E23009F52280F80
:1036100042073FC7EA5836AC598ED587AF591E6569
:103620005198F4A865E27010A32C0A931EB54C1CA7
:103630000E3A1E019F61350F4207334E93384D8677
:103640002C4DD2241A062949932C2925152D49944D
:1036500044CCD2649086218D92C62C694A3225D101
:10366000C268C8C22DCCA130029F672B0D46072F20
:1036700087862119B4344A062DCAC26C1894B668DC
:1036800048C2281E1EC22C4D7A1A0E522DAAF4349E
:103690001C7434019F72350F42072F4796DA20269B
:1036A0006B9884C38312B56451A4B40C9744CCD2F4
:1036B000647850A248E9A4289D922149946190869B
:1036C000241DB2244BE2244C009F8D2F0F42072F64
:1036D000CDA1301EA661AAE588383CC839342CC378
:1036E0001487D1B00C531C46C3324C71180D4B18C3
:1036F000C551128549160E029F90360F42071FC909
:10370000870725CCD2645886A86BA60DD130885186
:103710008E0C51322C69122643940C4B9A84C9109A
:1037200025C392266132444994D4A42C1B029F9451
:103730002B0F4207B33C0CC92026593A0CCAA0955E
:10374000B3411AB4523E48439845611469839AE5DF
:10375000C341CFD2E1639AD7009F9C360F4207370F
:103760000787839843E1A00C3A521F923A9624C3EC
:10377000320C4994A449A29486A4294F4AD190249A
:103780004A352925C93024C39A5493211A0601FECB
:10379000300A025D0963C89121FF010A425D08E316
:1037A000833404FF03114C4908D3C7E141129D86BD
:1037B00007D14700FF041B4E45085B478643248A18
:1037C00043A823C38E0E3B220EA16938E4880CFF68
:1037D000051C4E45086B888750324AE210E9988EE6
:1037E000EA98348492281987788800FF06194E4594
:1037F0000873988DB228CBC33C8C432C0D3922C959
:1038000043388C02FF080D86D907531225D1675122
:1038100016FF090E86D107431665D127511201FF05
:103820000A0FEEC408DB68721E66C9D12C03FF0CB8
:103830000B8458076388A42102FF0E08445808E34C
:1038400020FF1A0BE4D808E3A0A3C320FF1B0E241B
:10385000D907E3A0A343240D1100FF1C0F2A4D0834
:103860001F91BD633AA6633A26FF1E102A4D0843F6
:10387000C7744CC7744CF68E00FF1F174C49086B79
:1038800018241D197244C7744447744C67D1311110
:10389000FF201B4C49087318E5219486481A2671AD
:1038A00088C4211287709874741804FF5B14A8519F
:1038B000077388641D91453BA223B228EBC810FF13
:1038C0005D15A8510763C811599475444744B38ED8
:1038D000C8D21002FF5E0E6E440C6B8887501CE24B
:1038E00021020000000A000E1154657374006D6916
:1038F00063726F3A6269742073346100320033007E
:1039000034003500360037003900313000230076AE
:103910006572007665723A006C69676874006C3A8B
:103920000074656D700074656D703A006200623AF3
:10393000002C00746F6E65006D6D00646874313129
:103940000064687431313A006C6564006C65645FD2
:103950006F6E006865617274006E6F007965730048
:10396000736D696C650073616400636C65617200FE
:1039700064726177506978656C00647261774C6934
:103980006E65006D617472697800736572766F00A0
:103990006732343800726164696F0072303A0072C5
:1039A0006164696F6964006D6D61006D6D613A00FD
:1039B0006D6167006D61673A00645F726561640004
:1039C000615F7265616400645F777269746500614C
:1039D0005F77726974650073680077730031313402
:1039E0003033333000000A00110E000000000000E8
:1039F000000000002D130000F1120000271300004A
:103A000051130000571300002513000000E8B4BE56
:103A1000FA79E48542DBD6C06A409580AA805D00D1
:103A200060E080254876DC7540C54EC51CB792F332
:103A30001C73DEE548F7DEF79CA0462A22E3808867
:103A4000A8E50457C657DAD75C7246D6DCF3CEF346
:103A5000C873D6B7DAE92E24D4B75A924EBFDABF6C
:103A6000FA56D4D74856F6D7EA711CE924B6D6B62A
:103A7000A4B7FAB55AB524E54EF24E8880E49E54B8
:103A8000E090CEF09ADC72302ED677302BA477946B
:103A90009ADAB8209A80976AC92EFFD0D6D056A05D
:103AA000D6E876B2724079E05D26B6B0B7A0BFF036
:103AB000A950B594EF706A26D8C8AC780C3A0300C8
:103AC000CC3A030020007E00060000000000010147
:103AD0000200FB00010001050200FB0002000302DE
:103AE0000400FB00030003050400FB0005000305C0
:103AF0000400FB00070003050400FB0009000305A8
:103B00000400FB000B0001020200FB000C00020598
:103B10000300FB000E0002050300FB00100003037E
:103B20000400FB00120003030400FC001400020266
:103B30000300FE00150003010400FD001600010152
:103B40000200FF00170003050400FB001900030535
:103B50000400FB001B0002050300FB001D00030521
:103B60000400FB001F0003050400FB002100030507
:103B70000400FB00230003050400FB0025000305EF
:103B80000400FB00270003050400FB0029000305D7
:103B90000400FB002B0003050400FB002D000103C3
:103BA0000200FC002E0002040300FC002F000305AD
:103BB0000400FB00310003030400FC003300030594
:103BC0000400FB00350003050400FB00370003057B
:103BD0000400FB00390003050400FB003B00030563
:103BE0000400FB003D0003050400FB003F0003054B
:103BF0000400FB00410003050400FB004300030533
:103C00000400FB00450003050400FB00470003051A
:103C10000400FB00490003050400FB004B00030502
:103C20000400FB004D0003050400FB004F000305EA
:103C30000400FB00510003050400FB0053000305D2
:103C40000400FB00550003050400FB0057000305BA
:103C50000400FB00590003050400FB005B000305A2
:103C60000400FB005D0003050400FB005F0003058A
:103C70000400FB00610003050400FB006300030572
:103C80000400FB00650003050400FB00670003055A
:103C90000400FB00690003050400FB006B00030542
:103CA0000400FB006D0003050400FB006F0003032C
:103CB0000400FC00710003050400FB007300030214
:103CC0000400FB00740003010400FF007500020201
:103CD0000300FB00760003040400FC0078000305E9
:103CE0000400FB007A0003040400FC007C000305D0
:103CF0000400FB007E0003040400FC0080000305B8
:103D00000400FB00820003050400FC00840003059E
:103D10000400FB00860001050200FB00870003068B
:103D20000400FB008A0003050400FB008C0003056F
:103D30000400FB008E0003040400FC009000030458
:103D40000400FC00920003040400FC00940003053E
:103D50000400FC00960003050400FC009800030426
:103D60000400FC009A0003040400FC009C0003050E
:103D70000400FB009E0003040400FC00A0000304F8
:103D80000400FC00A20003040400FC00A4000304DF
:103D90000400FC00A60003050400FC00A8000304C6
:103DA0000400FC00AA0003050400FB00AC000105B0
:103DB0000200FB00AD0003050400FB00AF0003029E
:103DC0000400FB00000000000000000019210000BA
:103DD0002D62000051170000651B00001B1B000036
:103DE0004D1B0000291B00003B1B0000591A00005E
:103DF000651B0000451D0000431D0000671B0000FF
:103E0000A51B0000DF1B00002D170000411C000057
:103E1000C31C0000110A040A1100010214080A1F41
:103E20001F0E040000000000000000001921000027
:103E30002D620000E16A0000651B00001B1B0000F2
:103E40004D1B0000291B00003B1B0000591A0000FD
:103E5000651B0000451D0000431D0000671B00009E
:103E6000A51B0000DF1B0000251C0000411C0000FA
:103E7000C31C000000000000003E5B4F5B3E3E6B39
:103E80004F6B3E1C3E7C3E1C183C7E3C181C577DF4
:103E9000571C1C5E7F5E1C00183C1800FFE7C3E740
:103EA000FF0018241800FFE7DBE7FF30483A060E52
:103EB0002629792926407F050507407F05253F5A99
:103EC0003CE73C5A7F3E1C1C08081C1C3E7F142209
:103ED0007F22145F5F005F5F06097F017F006689B4
:103EE000956A606060606094A2FFA29408047E04FA
:103EF0000810207E201008082A1C08081C2A080820
:103F00001E101010100C1E0C1E0C30383E383006DF
:103F10000E3E0E06000000000000005F00000007DB
:103F2000000700147F147F14242A7F2A1223130809
:103F3000646236495620500008070300001C2241E5
:103F4000000041221C002A1C7F1C2A08083E080889
:103F50000080703000080808080800006060002039
:103F6000100804023E5149453E00427F400072491C
:103F70004949462141494D331814127F10274545C0
:103F800045393C4A494931412111090736494949D6
:103F900036464949291E0000140000004034000044
:103FA00000081422411414141414004122140802AD
:103FB000015909063E415D594E7C1211127C7F4920
:103FC0004949363E414141227F4141413E7F494975
:103FD00049417F090909013E414151737F080808A1
:103FE0007F00417F41002040413F017F0814224172
:103FF0007F404040407F021C027F7F0408107F3ECC
:104000004141413E7F090909063E4151215E7F0938
:10401000192946264949493203017F01033F40409F
:10402000403F1F2040201F3F4038403F631408148A
:104030006303047804036159494D43007F414141C2
:104040000204081020004141417F040201020440A3
:1040500040404040000307080020545478407F2827
:104060004444383844444428384444287F3854541D
:10407000541800087E090218A4A49C787F08040440
:104080007800447D40002040403D007F10284400DF
:1040900000417F40007C047804787C080404783870
:1040A00044444438FC1824241818242418FC7C08A0
:1040B000040408485454542404043F44243C40401D
:1040C000207C1C2040201C3C4030403C44281028D0
:1040D000444C9090907C4464544C44000836410019
:1040E0000000770000004136080002010204023C93
:1040F0002623263C1EA1A161123A4040207A385462
:1041000054555921555579412254547842215554DA
:10411000784020545579400C1E527212395555552D
:1041200059395454545939555454580000457C4118
:104130000002457D420001457C407D1211127DF058
:10414000282528F07C545545002054547C547C0A82
:10415000097F4932494949323A4444443A324A484B
:1041600048303A4141217A3A42402078009DA0A04F
:104170007D3D4242423D3D4040403D3C24FF2424A1
:10418000487E4943662B2FFC2F2BFF0929F620C0C0
:10419000887E090320545479410000447D41304811
:1041A000484A32384040227A007A0A0A727D0D1954
:1041B000317D2629292F28262929292630484D40B6
:1041C00020380808080808080808382F10C8ACBAB2
:1041D0002F102834FA00007B000008142A14222231
:1041E000142A14085500550055AA55AA55AAFF557A
:1041F000FF55FF000000FF00101010FF0014141402
:10420000FF001010FF00FF1010F010F0141414FC49
:10421000001414F700FF0000FF00FF1414F404FC66
:10422000141417101F10101F101F1414141F001047
:104230001010F0000000001F101010101F101010C0
:1042400010F010000000FF101010101010101010CF
:10425000FF10000000FF140000FF00FF00001F100F
:10426000170000FC04F414141710171414F404F4C9
:104270000000FF00F714141414141414F700F714BA
:104280001414171410101F101F141414F414101009
:10429000F010F000001F101F0000001F14000000AD
:1042A000FC140000F010F01010FF10FF141414FFA5
:1042B000141010101F00000000F010FFFFFFFFFFA0
:1042C000F0F0F0F0F0FFFFFF0000000000FFFF0F34
:1042D0000F0F0F0F3844443844FC4A4A4A347E02D8
:1042E000020606027E027E02635549416338444459
:1042F0003C04407E201E2006027E020299A5E7A50E
:10430000991C2A492A1C4C7201724C304A4D4D307E
:104310003048784830BC625A463D3E494949007EA3
:104320000101017E2A2A2A2A2A44445F444440513A
:104330004A444040444A51400000FF0103E080FFEE
:10434000000008086B6B083612362436060F090F7A
:1043500006000018180000001010003040FF010196
:10436000001F01011E00191D1712003C3C3C3C00BF
:1043700000000000535049436C6173733A3A535044
:1043800049436C617373284E52465F5350495F54E2
:104390007970652A2C2075696E74385F742C2075CD
:1043A000696E74385F742C2075696E74385F742977
:1043B00000705F73706920213D204E554C4C002FDA
:1043C000686F6D652F746561636865722F2E617209
:1043D0006475696E6F31352F7061636B61676573EA
:1043E0002F73616E646565706D69737472792F687F
:1043F000617264776172652F6E5246352F302E37A9
:104400002E302F6C69627261726965732F53504947
:104410002F5350492E637070000000000000000010
:1044200000000000332400002D62000000000000A6
:1044300040000000140000005400000000C00140D3
:10444000001002400020024000D00240537461740A
:10445000653A20002E2053746174652033203D207E
:1044600052582028526563657074696F6E207374AA
:1044700061727465642C207265676973746572205B
:104480006D6F6E69746F7265642E00E2ECF0F4F883
:10449000FC00040000C00140001002400020024067
:1044A00000D00240573A0000353A0000B939000008
:1044B0001815AF19FF1815AE19FF00000001140AF6
:1044C0006464323200127A0000042896100800005A
:1044D000800040001815A115C819FF1815AE15D594
:1044E000168015A8163F15D316001540158D161405
:1044F0001520160015A115C815DA1612158116CF4C
:1045000015D916F115DB1640152E15A415A619FFA1
:104510001815A015C019FF00D4030000000000000A
:104520009E070000000000003C0F0000000000009B
:10453000C82D0000000000003C0F0000000000003B
:104540008C1E0000000000000E3D00000000000076
:1045500034B70000000000000E3D00000000000025
:104560001C7A00000000000038F400000000000089
:10457000BCDC02000000000002000000030000009C
:10458000040000001F0000001C0000000E000000DE
:10459000250000000B0000000A00000009000000D8
:1045A0001E000000170000000C00000011000000B9
:1045B000010000000D00000022000000FFFFFFFFCF
:1045C000FFFFFFFF1A0000002000000015000000A0
:1045D000160000000F00000018000000130000008B
:1045E000240000000000000014000000050000008E
:1045F0001000000008000000190000002800000062
:1046000006000000706F770000000000000000004E
:10461000000000000000304300000000000030C334
:1046200000C00140001002400020024000D00240C3
:104630000D0A006E616E00696E66006F766600009E
:104640000000000000000000DF6500002D62000097
:1046500049660000556600004F660000DD650000F9
:10466000D56500005D660000F9650000D1650000B9
:104670002C2066756E6374696F6E3A2000617373E7
:10468000657274696F6E2022257322206661696CE1
:1046900065643A2066696C6520222573222C206CA3
:1046A000696E65202564257325730A0043000000A8
:1046B0007C000020232D302B2000686C4C006566A8
:1046C0006745464700494E46004E414E0030313264
:1046D000333435363738394142434445460030316A
:1046E00032333435363738396162636465660000C9
:1046F00034000000CEFBFFFFCB03000001000000F0
:104700000000000035000000CEFBFFFFCB030000DF
:104710000100000000000000BC89D897B2D29C3C88
:1047200033A7A8D523F649393DA7F444FD0FA53298
:104730009D978CCF08BA5B25436FAC64280668113F
:104740000020202020202020202028282828282061
:104750002020202020202020202020202020202059
:1047600020881010101010101010101010101010C1
:1047700010040404040404040404041010101010B1
:10478000101041414141414101010101010101017B
:1047900001010101010101010101010110101010CD
:1047A000101042424242424202020202020202024D
:1047B00002020202020202020202020210101010A1
:1047C00020000000000000000000000000000000C9
:1047D00000000000000000000000000000000000D9
:1047E00000000000000000000000000000000000C9
:1047F00000000000000000000000000000000000B9
:1048000000000000000000000000000000000000A8
:104810000000000000000000000000000000000098
:104820000000000000000000000000000000000088
:104830000000000000000000000000000000000078
:1048400000496E66696E697479004E614E00000021
:104850000000000000000000000000000000000058
:104860000000000000000000000000000000000048
:104870000000000000000000000000000000000038
:104880000000000000000000000000000000000028
:104890000000000000000000000000000000000018
:1048A0000000000000000000000000000000000008
:1048B000504F534958000000000000000000F03F36
:1048C00000000000000024400000000000005940EB
:1048D0000000000000408F40000000000088C3403E
:1048E00000000000006AF8400000000080842E41B3
:1048F00000000000D01263410000000084D79741FF
:104900000000000065CDCD41000000205FA0024204
:10491000000000E876483742000000A2941A6D4279
:10492000000040E59C30A2420000901EC4BCD6426C
:1049300000003426F56B0C430080E03779C3414317
:1049400000A0D8855734764300C84E676DC1AB438D
:10495000003D9160E458E143408CB5781DAF1544AB
:1049600050EFE2D6E41A4B4492D54D06CFF0804486
:10497000F64AE1C7022DB544B49DD9794378EA449B
:104980000080E03779C34143176E05B5B5B893464B
:10499000F5F93FE9034F384D321D30F94877825A17
:1049A0003CBF737FDD4F1575050000001900000046
:0849B0007D0000000000000082
:0849B800ECB8FC7F01000000D7
:1049C000000000001B000000DD3903001516171859
:1049D00019010101010102020202020303030303A0
:1049E00004040404040505050505040703060A017B
:1049F0000203040501020304050102030405010288
:104A00000304050102030405FFFFFFFFFFFFFFFF93
:104A1000FFFFFFFFFFFFFFFF010000000090D0033A
:104A2000FFFFFFFFFFFFFFFFFFFFFFFFFFFFFFFF96
:104A300008000000010000000A0000000000000063
:104A40005048030070480300904803000000000035
:104A5000000000000000000000000000AC46030061
:104A60000000000000000000000000000000000046
:104A70000000000000000000000000000000000036
:104A80000000000000000000000000000000000026
:104A90000000000000000000000000007C0000207A
:104AA00040470300894403003246030032460300B6
:104AB000324603003246030032460300324603000A
:104AC000324603003246030032460300FFFFFFFF79
:104AD000FFFFFFFFFFFFFFFFFFFF00006D02000071
:104AE00075040000ED1600007922000051680000F6
:084AF000450200000000000077
:0400000300005DA1FB
:00000001FF
